Month,PolicyYear,MonthInPY,Age,BOP_AV,BOP_BB,FinalMortality,FinalLapse,PWD_Rate,RiderChargeRate,CreditedRate,SurrChgPct,FPW_Pct,Lives,Mortality,Lapse,PWD,SurrChg,RiderChg,Interest,EOP_AV,BaseLapse,DynamicLapse,LapseSkew,NetIndexCreditReimb,HedgeGains
1,1,1,57,2481.13400300,3225.47420400,0.00011390,0.00000000,0.00000000,0.00000000,0.00000000,0.09000000,0.00000000,0.0493523524,0.28258933,0.00000000,0.00000000,0.00000000,0.00000000,0.00000000,2480.85141367,-5.54830194,-0.34715163,0.08333333,0.000000000,0.009005845
2,1,2,57,2480.85141367,3225.10683787,0.00011378,0.00022962,0.00000000,0.00000000,0.00000000,0.09000000,0.00000000,0.0493354062,0.28225137,0.51833830,0.00000000,0.05126423,0.00000000,0.00000000,2479.99955977,-5.54830194,-0.34715163,0.08333333,0.000000000,0.027147749
3,1,3,57,2479.99955977,3223.99942780,0.00011367,0.00022962,0.00000000,0.00000000,0.00000000,0.09000000,0.00000000,0.0493184714,0.28187057,0.51816034,0.00000000,0.05124663,0.00000000,0.00000000,2479.14828223,-5.54830194,-0.34715163,0.08333333,0.000000000,0.027447199
4,1,4,57,2479.14828223,3222.89276700,0.00011355,0.00022962,0.00000000,0.00000000,0.00000000,0.09000000,0.00000000,0.0493015482,0.28149032,0.51798251,0.00000000,0.05122904,0.00000000,0.00000000,2478.29758036,-5.54830194,-0.34715163,0.08333333,0.000000000,0.027749962
5,1,5,57,2478.29758036,3221.78685457,0.00011344,0.00022962,0.00000000,0.00000000,0.00000000,0.09000000,0.00000000,0.0492846363,0.28111061,0.51780479,0.00000000,0.05121146,0.00000000,0.00000000,2477.44745349,-5.54830194,-0.34715163,0.08333333,0.000000000,0.028056075
6,1,6,57,2477.44745349,3220.68168964,0.00011332,0.00022962,0.00000000,0.00000000,0.00000000,0.09000000,0.00000000,0.0492677359,0.28073145,0.51762720,0.00000000,0.05119390,0.00000000,0.00000000,2476.59790095,-5.54830194,-0.34715163,0.08333333,0.000000000,0.028365573
7,1,7,57,2476.59790095,3219.57727133,0.00011321,0.00022962,0.00000000,0.00000000,0.00000000,0.09000000,0.00000000,0.0492508469,0.28035283,0.51744972,0.00000000,0.05117635,0.00000000,0.00000000,2475.74892205,-5.54830194,-0.34715163,0.08333333,0.000000000,0.028678496
8,1,8,57,2475.74892205,3218.47359876,0.00011310,0.00022962,0.00000000,0.00000000,0.00000000,0.09000000,0.00000000,0.0492339693,0.27997475,0.51727237,0.00000000,0.05115881,0.00000000,0.00000000,2474.90051612,-5.54830194,-0.34715163,0.08333333,0.000000000,0.028994880
9,1,9,57,2474.90051612,3217.37067106,0.00011298,0.00022962,0.00000000,0.00000000,0.00000000,0.09000000,0.00000000,0.0492171031,0.27959722,0.51709513,0.00000000,0.05114128,0.00000000,0.00000000,2474.05268249,-5.54830194,-0.34715163,0.08333333,0.000000000,0.029314765
10,1,10,57,2474.05268249,3216.26848734,0.00011287,0.00022962,0.00000000,0.00000000,0.00000000,0.09000000,0.00000000,0.0492002482,0.27922023,0.51691801,0.00000000,0.05112376,0.00000000,0.00000000,2473.20542049,-5.54830194,-0.34715163,0.08333333,0.000000000,0.029638189
11,1,11,57,2473.20542049,3215.16704674,0.00011275,0.00022962,0.00000000,0.00000000,0.00000000,0.09000000,0.00000000,0.0491834047,0.27884377,0.51674102,0.00000000,0.05110625,0.00000000,0.00000000,2472.35872945,-5.54830194,-0.34715163,0.08333333,0.000000000,0.029965191
12,1,12,57,2472.35872945,3214.06634838,0.00011264,0.00022962,0.00000000,0.00500000,0.00000000,0.09000000,0.00000000,0.0491665726,0.27839731,0.51643327,0.00000000,0.05107582,16.06504632,0.00000000,2455.44777673,-5.54830194,-0.34715163,0.08333333,0.000000000,0.605505812
13,2,1,58,2455.44777673,3460.11765227,0.00012664,0.00038161,0.00083718,0.00000000,0.03780000,0.09000000,0.05000000,0.0491415863,0.32258594,0.88898522,2.13259744,0.08311453,0.00000000,92.81592596,2544.83641956,-5.04115227,-0.34715163,0.08333333,11.601990745,11.721622014
14,2,2,58,2544.83641956,3455.46397265,0.00012651,0.00033624,0.00083718,0.00000000,0.00000000,0.09000000,0.05000000,0.0491188481,0.32183481,0.78226253,2.12977485,0.07313663,0.00000000,0.00000000,2541.52941074,-5.04115227,-0.47346800,0.08333333,0.000000000,0.105391130
15,2,3,58,2541.52941074,3450.97360551,0.00012638,0.00035686,0.00083718,0.00000000,0.00000000,0.09000000,0.05000000,0.0490951142,0.32109002,0.82913811,2.12698637,0.07751920,0.00000000,0.00000000,2538.17467705,-5.04115227,-0.41407486,0.08333333,0.000000000,0.108164541
16,2,4,58,2538.17467705,3446.41843595,0.00012625,0.00035686,0.00083718,0.00000000,0.00000000,0.09000000,0.05000000,0.0490713980,0.32034355,0.82804374,2.12417899,0.07741688,0.00000000,0.00000000,2534.82469389,-5.04115227,-0.41407486,0.08333333,0.000000000,0.109276717
17,2,5,58,2534.82469389,3441.86971681,0.00012613,0.00035686,0.00083718,0.00000000,0.00000000,0.09000000,0.05000000,0.0490476995,0.31959885,0.82695092,2.12137559,0.07731471,0.00000000,0.00000000,2531.47945381,-5.04115227,-0.41407486,0.08333333,0.000000000,0.110400352
18,2,6,58,2531.47945381,3437.32743799,0.00012600,0.00035686,0.00083718,0.00000000,0.00000000,0.09000000,0.05000000,0.0490240186,0.31885593,0.82585965,2.11857616,0.07721268,0.00000000,0.00000000,2528.13894938,-5.04115227,-0.41407486,0.08333333,0.000000000,0.111535565
19,2,7,58,2528.13894938,3432.79158939,0.00012587,0.00035686,0.00083718,0.00000000,0.00000000,0.09000000,0.05000000,0.0490003554,0.31811478,0.82476993,2.11578069,0.07711080,0.00000000,0.00000000,2524.80317318,-5.04115227,-0.41407486,0.08333333,0.000000000,0.112682476
20,2,8,58,2524.80317318,3428.26216094,0.00012575,0.00035686,0.00083718,0.00000000,0.00000000,0.09000000,0.05000000,0.0489767099,0.31737539,0.82368175,2.11298918,0.07700906,0.00000000,0.00000000,2521.47211781,-5.04115227,-0.41407486,0.08333333,0.000000000,0.113841204
21,2,9,58,2521.47211781,3423.73914258,0.00012562,0.00035686,0.00083718,0.00000000,0.00000000,0.09000000,0.05000000,0.0489530819,0.31663776,0.82259510,2.11020161,0.07690747,0.00000000,0.00000000,2518.14577586,-5.04115227,-0.41407486,0.08333333,0.000000000,0.115011872
22,2,10,58,2518.14577586,3419.22252428,0.00012549,0.00035686,0.00083718,0.00000000,0.00000000,0.09000000,0.05000000,0.0489294715,0.31590188,0.82151000,2.10741799,0.07680602,0.00000000,0.00000000,2514.82413997,-5.04115227,-0.41407486,0.08333333,0.000000000,0.116194604
23,2,11,58,2514.82413997,3414.71229602,0.00012537,0.00035686,0.00083718,0.00000000,0.00000000,0.09000000,0.05000000,0.0489058787,0.31516775,0.82042643,2.10463831,0.07670471,0.00000000,0.00000000,2511.50720277,-5.04115227,-0.41407486,0.08333333,0.000000000,0.117389523
24,2,12,58,2511.50720277,3410.20844778,0.00012524,0.00035686,0.00083718,0.00500000,0.00000000,0.09000000,0.05000000,0.0488823034,0.31417753,0.81867250,2.10013896,0.07654073,17.03127101,0.00000000,2491.16640204,-5.04115227,-0.41407486,0.08333333,0.000000000,0.728313375
25,3,1,59,2491.16640204,3648.97603885,0.00013937,0.00059849,0.00125868,0.00000000,0.03780000,0.08000000,0.05000000,0.0488462394,0.36013611,1.42896639,3.25244911,0.11753403,0.00000000,94.16609000,2580.17340640,-4.52541681,-0.41407486,0.08333333,11.770761250,11.950842072
26,3,2,59,2580.17340640,3641.69443003,0.00013922,0.00052863,0.00125868,0.00000000,0.00000000,0.08000000,0.05000000,0.0488136213,0.35903708,1.25968644,3.24606404,0.10361057,0.00000000,0.00000000,2575.20500827,-4.52541681,-0.53781434,0.08333333,0.000000000,0.158337979
27,3,3,59,2575.20500827,3634.68196034,0.00013907,0.00056239,0.00125868,0.00000000,0.00000000,0.08000000,0.05000000,0.0487793843,0.35794922,1.33755324,3.23976218,0.11001520,0.00000000,0.00000000,2570.15972843,-4.52541681,-0.47607750,0.08333333,0.000000000,0.162671743
28,3,4,59,2570.15972843,3627.56097869,0.00013891,0.00056239,0.00125868,0.00000000,0.00000000,0.08000000,0.05000000,0.0487451788,0.35685833,1.33493288,3.23341525,0.10979967,0.00000000,0.00000000,2565.12472230,-4.52541681,-0.47607750,0.08333333,0.000000000,0.164242300
29,3,5,59,2565.12472230,3620.45449750,0.00013876,0.00056239,0.00125868,0.00000000,0.00000000,0.08000000,0.05000000,0.0487110045,0.35577082,1.33231785,3.22708124,0.10958458,0.00000000,0.00000000,2560.09996781,-4.52541681,-0.47607750,0.08333333,0.000000000,0.165828058
30,3,6,59,2560.09996781,3613.36248562,0.00013861,0.00056239,0.00125868,0.00000000,0.00000000,0.08000000,0.05000000,0.0486768617,0.35468668,1.32970814,3.22076013,0.10936993,0.00000000,0.00000000,2555.08544293,-4.52541681,-0.47607750,0.08333333,0.000000000,0.167429165
31,3,7,59,2555.08544293,3606.28491197,0.00013846,0.00056239,0.00125868,0.00000000,0.00000000,0.08000000,0.05000000,0.0486427501,0.35360589,1.32710375,3.21445188,0.10915572,0.00000000,0.00000000,2550.08112569,-4.52541681,-0.47607750,0.08333333,0.000000000,0.169045770
32,3,8,59,2550.08112569,3599.22174552,0.00013831,0.00056239,0.00125868,0.00000000,0.00000000,0.08000000,0.05000000,0.0486086697,0.35252845,1.32450466,3.20815648,0.10894194,0.00000000,0.00000000,2545.08699416,-4.52541681,-0.47607750,0.08333333,0.000000000,0.170678023
33,3,9,59,2545.08699416,3592.17295534,0.00013816,0.00056239,0.00125868,0.00000000,0.00000000,0.08000000,0.05000000,0.0485746206,0.35145435,1.32191086,3.20187389,0.10872860,0.00000000,0.00000000,2540.10302647,-4.52541681,-0.47607750,0.08333333,0.000000000,0.172326076
34,3,10,59,2540.10302647,3585.13851055,0.00013801,0.00056239,0.00125868,0.00000000,0.00000000,0.08000000,0.05000000,0.0485406026,0.35038357,1.31932233,3.19560408,0.10851569,0.00000000,0.00000000,2535.12920080,-4.52541681,-0.47607750,0.08333333,0.000000000,0.173990082
35,3,11,59,2535.12920080,3578.11838035,0.00013786,0.00056239,0.00125868,0.00000000,0.00000000,0.08000000,0.05000000,0.0485066157,0.34931611,1.31673908,3.18934703,0.10830321,0.00000000,0.00000000,2530.16549536,-4.52541681,-0.47607750,0.08333333,0.000000000,0.175670197
36,3,12,59,2530.16549536,3571.11253401,0.00013771,0.00056239,0.00125868,0.00500000,0.00000000,0.08000000,0.05000000,0.0484726600,0.34785147,1.31264981,3.17944219,0.10796687,17.82630128,0.00000000,2507.39128375,-4.52541681,-0.47607750,0.08333333,0.000000000,0.815442969
37,4,1,60,2507.39128375,3801.72900359,0.00015586,0.00095209,0.00168214,0.00000000,0.03780000,0.07000000,0.05000000,0.0484189618,0.40527425,2.31109055,4.37406570,0.16463580,0.00000000,94.77939053,2594.91560797,-4.00109554,-0.47607750,0.08333333,11.847423816,12.100666037
38,4,2,60,2594.91560797,3791.12946980,0.00015569,0.00084286,0.00168214,0.00000000,0.00000000,0.07000000,0.05000000,0.0483706196,0.40372191,2.04032268,4.36206957,0.14534704,0.00000000,0.00000000,2587.96414677,-4.00109554,-0.59734255,0.08333333,0.000000000,0.221536255
39,4,3,60,2587.96414677,3780.97349813,0.00015552,0.00089876,0.00168214,0.00000000,0.00000000,0.07000000,0.05000000,0.0483196305,0.40219169,2.16975450,4.35028129,0.15456741,0.00000000,0.00000000,2580.88735188,-4.00109554,-0.53343750,0.08333333,0.000000000,0.228172588
40,4,4,60,2580.88735188,3770.63441597,0.00015535,0.00089876,0.00168214,0.00000000,0.00000000,0.07000000,0.05000000,0.0482687034,0.40065444,2.16382155,4.33838594,0.15414476,0.00000000,0.00000000,2573.83034518,-4.00109554,-0.53343750,0.08333333,0.000000000,0.230200119
41,4,5,60,2573.83034518,3760.32424404,0.00015518,0.00089876,0.00168214,0.00000000,0.00000000,0.07000000,0.05000000,0.0482178381,0.39912314,2.15790519,4.32652385,0.15372329,0.00000000,0.00000000,2566.79306970,-4.00109554,-0.53343750,0.08333333,0.000000000,0.232245720
42,4,6,60,2566.79306970,3750.04289910,0.00015501,0.00089876,0.00168214,0.00000000,0.00000000,0.07000000,0.05000000,0.0481670345,0.39759775,2.15200538,4.31469493,0.15330301,0.00000000,0.00000000,2559.77546864,-4.00109554,-0.53343750,0.08333333,0.000000000,0.234309554
43,4,7,60,2559.77546864,3739.79029815,0.00015484,0.00089876,0.00168214,0.00000000,0.00000000,0.07000000,0.05000000,0.0481162927,0.39607827,2.14612205,4.30289907,0.15288390,0.00000000,0.00000000,2552.77748535,-4.00109554,-0.53343750,0.08333333,0.000000000,0.236391782
44,4,8,60,2552.77748535,3729.56635847,0.00015467,0.00089876,0.00168214,0.00000000,0.00000000,0.07000000,0.05000000,0.0480656124,0.39456465,2.14025518,4.29113619,0.15246596,0.00000000,0.00000000,2545.79906337,-4.00109554,-0.53343750,0.08333333,0.000000000,0.238492570
45,4,9,60,2545.79906337,3719.37099754,0.00015450,0.00089876,0.00168214,0.00000000,0.00000000,0.07000000,0.05000000,0.0480149935,0.39305689,2.13440470,4.27940618,0.15204918,0.00000000,0.00000000,2538.84014642,-4.00109554,-0.53343750,0.08333333,0.000000000,0.240612084
46,4,10,60,2538.84014642,3709.20413312,0.00015433,0.00089876,0.00168214,0.00000000,0.00000000,0.07000000,0.05000000,0.0479644361,0.39155496,2.12857057,4.26770896,0.15163358,0.00000000,0.00000000,2531.90067835,-4.00109554,-0.53343750,0.08333333,0.000000000,0.242750490
47,4,11,60,2531.90067835,3699.06568322,0.00015417,0.00089876,0.00168214,0.00000000,0.00000000,0.07000000,0.05000000,0.0479139400,0.39005883,2.12275275,4.25604443,0.15121913,0.00000000,0.00000000,2524.98060321,-4.00109554,-0.53343750,0.08333333,0.000000000,0.244907958
48,4,12,60,2524.98060321,3688.95556607,0.00015400,0.00089876,0.00168214,0.00500000,0.00000000,0.07000000,0.05000000,0.0478635051,0.38799276,2.11381459,4.23812374,0.15058240,18.40459301,0.00000000,2499.68549670,-4.00109554,-0.53343750,0.08333333,0.000000000,0.905704975
49,5,1,61,2499.68549670,3908.80330641,0.00017805,0.00107083,0.00168214,0.00000000,0.03780000,0.06000000,0.05000000,0.0478037383,0.46153741,2.61752881,4.36035872,0.15821754,0.00000000,94.48811178,2586.57596599,-3.82686336,-0.53343750,0.08333333,11.811013972,12.076214010
50,5,2,61,2586.57596599,3897.35546423,0.00017786,0.00095017,0.00168214,0.00000000,0.00000000,0.06000000,0.05000000,0.0477498223,0.45970503,2.31590373,4.34779037,0.13998570,0.00000000,0.00000000,2579.31258117,-3.82686336,-0.65231879,0.08333333,0.000000000,0.231476955
51,5,3,61,2579.31258117,3886.41126893,0.00017766,0.00101527,0.00168214,0.00000000,0.00000000,0.06000000,0.05000000,0.0476928685,0.45790243,2.46755470,4.33547142,0.14915230,0.00000000,0.00000000,2571.90250032,-3.82686336,-0.58641133,0.08333333,0.000000000,0.238918515
52,5,4,61,2571.90250032,3875.24603757,0.00017747,0.00101527,0.00168214,0.00000000,0.00000000,0.06000000,0.05000000,0.0476359919,0.45608889,2.46046601,4.32301665,0.14872382,0.00000000,0.00000000,2564.51420495,-3.82686336,-0.58641133,0.08333333,0.000000000,0.241006782
53,5,5,61,2564.51420495,3864.11363175,0.00017728,0.00101527,0.00168214,0.00000000,0.00000000,0.06000000,0.05000000,0.0475791923,0.45428263,2.45339815,4.31059850,0.14829660,0.00000000,0.00000000,2557.14762907,-3.82686336,-0.58641133,0.08333333,0.000000000,0.243113365
54,5,6,61,2557.14762907,3853.01395205,0.00017708,0.00101527,0.00168214,0.00000000,0.00000000,0.06000000,0.05000000,0.0475224697,0.45248360,2.44635108,4.29821685,0.14787064,0.00000000,0.00000000,2549.80270690,-3.82686336,-0.58641133,0.08333333,0.000000000,0.245238425
55,5,7,61,2549.80270690,3841.94689934,0.00017689,0.00101527,0.00168214,0.00000000,0.00000000,0.06000000,0.05000000,0.0474658238,0.45069179,2.43932472,4.28587159,0.14744593,0.00000000,0.00000000,2542.47937288,-3.82686336,-0.58641133,0.08333333,0.000000000,0.247382126
56,5,8,61,2542.47937288,3830.91237484,0.00017670,0.00101527,0.00168214,0.00000000,0.00000000,0.06000000,0.05000000,0.0474092546,0.44890716,2.43231900,4.27356262,0.14702246,0.00000000,0.00000000,2535.17756163,-3.82686336,-0.58641133,0.08333333,0.000000000,0.249544631
57,5,9,61,2535.17756163,3819.91028004,0.00017650,0.00101527,0.00168214,0.00000000,0.00000000,0.06000000,0.05000000,0.0473527620,0.44712968,2.42533388,4.26128982,0.14660025,0.00000000,0.00000000,2527.89720800,-3.82686336,-0.58641133,0.08333333,0.000000000,0.251726105
58,5,10,61,2527.89720800,3808.94051678,0.00017631,0.00101527,0.00168214,0.00000000,0.00000000,0.06000000,0.05000000,0.0472963458,0.44535933,2.41836928,4.24905308,0.14617927,0.00000000,0.00000000,2520.63824703,-3.82686336,-0.58641133,0.08333333,0.000000000,0.253926715
59,5,11,61,2520.63824703,3798.00298719,0.00017612,0.00101527,0.00168214,0.00000000,0.00000000,0.06000000,0.05000000,0.0472400059,0.44359607,2.41142515,4.23685230,0.14575953,0.00000000,0.00000000,2513.40061398,-3.82686336,-0.58641133,0.08333333,0.000000000,0.256146631
60,5,12,61,2513.40061398,3787.09759369,0.00017593,0.00101527,0.00168214,0.00500000,0.00000000,0.06000000,0.05000000,0.0471837422,0.44116393,2.40082286,4.21822418,0.14511867,18.89216125,0.00000000,2487.30312310,-3.82686336,-0.58641133,0.08333333,0.000000000,0.934434781
61,6,1,62,2487.30312310,3998.35507663,0.00020215,0.00122030,0.00168214,0.00000000,0.03780000,0.05000000,0.05000000,0.0471166370,0.52137936,2.99781999,4.33846254,0.14949758,0.00000000,94.02005805,2573.31602168,-3.64404537,-0.58641133,0.08333333,11.752507257,12.032001718
62,6,2,62,2573.31602168,3985.95234187,0.00020193,0.00108522,0.00168214,0.00000000,0.00000000,0.05000000,0.05000000,0.0470560012,0.51921949,2.65781932,4.32520903,0.13254217,0.00000000,0.00000000,2565.68123167,-3.64404537,-0.70298917,0.08333333,0.000000000,0.243313275
63,6,3,62,2565.68123167,3974.12639089,0.00020171,0.00116178,0.00168214,0.00000000,0.00000000,0.05000000,0.05000000,0.0469918518,0.51710021,2.83681287,4.31225991,0.14146836,0.00000000,0.00000000,2557.87359032,-3.64404537,-0.63523614,0.08333333,0.000000000,0.251736805
64,6,4,62,2557.87359032,3962.03270086,0.00020149,0.00116178,0.00168214,0.00000000,0.00000000,0.05000000,0.05000000,0.0469278001,0.51496423,2.82818056,4.29913787,0.14103788,0.00000000,0.00000000,2550.09026979,-3.64404537,-0.63523614,0.08333333,0.000000000,0.253892534
65,6,5,62,2550.09026979,3949.97668269,0.00020127,0.00116178,0.00168214,0.00000000,0.00000000,0.05000000,0.05000000,0.0468638461,0.51283718,2.81957514,4.28605670,0.14060873,0.00000000,0.00000000,2542.33119204,-3.64404537,-0.63523614,0.08333333,0.000000000,0.256066798
66,6,6,62,2542.33119204,3937.95821552,0.00020105,0.00116178,0.00168214,0.00000000,0.00000000,0.05000000,0.05000000,0.0467999895,0.51071903,2.81099652,4.27301627,0.14018093,0.00000000,0.00000000,2534.59627929,-3.64404537,-0.63523614,0.08333333,0.000000000,0.258259758
67,6,7,62,2534.59627929,3925.97717886,0.00020083,0.00116178,0.00168214,0.00000000,0.00000000,0.05000000,0.05000000,0.0467362302,0.50860975,2.80244461,4.26001646,0.13975446,0.00000000,0.00000000,2526.88545402,-3.64404537,-0.63523614,0.08333333,0.000000000,0.260471575
68,6,8,62,2526.88545402,3914.03345264,0.00020061,0.00116178,0.00168214,0.00000000,0.00000000,0.05000000,0.05000000,0.0466725679,0.50650929,2.79391933,4.24705712,0.13932931,0.00000000,0.00000000,2519.19863896,-3.64404537,-0.63523614,0.08333333,0.000000000,0.262702411
69,6,9,62,2519.19863896,3902.12691718,0.00020040,0.00116178,0.00168214,0.00000000,0.00000000,0.05000000,0.05000000,0.0466090026,0.50441761,2.78542060,4.23413814,0.13890549,0.00000000,0.00000000,2511.53575713,-3.64404537,-0.63523614,0.08333333,0.000000000,0.264952431
70,6,10,62,2511.53575713,3890.25745321,0.00020018,0.00116178,0.00168214,0.00000000,0.00000000,0.05000000,0.05000000,0.0465455340,0.50233468,2.77694833,4.22125937,0.13848299,0.00000000,0.00000000,2503.89673176,-3.64404537,-0.63523614,0.08333333,0.000000000,0.267221801
71,6,11,62,2503.89673176,3878.42494185,0.00019996,0.00116178,0.00168214,0.00000000,0.00000000,0.05000000,0.05000000,0.0464821620,0.50026046,2.76850243,4.20842070,0.13806180,0.00000000,0.00000000,2496.28148636,-3.64404537,-0.63523614,0.08333333,0.000000000,0.269510687
72,6,12,62,2496.28148636,3866.62926461,0.00019974,0.00116178,0.00168214,0.00500000,0.00000000,0.05000000,0.05000000,0.0464188864,0.49740296,2.75569523,4.18895238,0.13742312,19.28641949,0.00000000,2469.41559318,-3.64404537,-0.63523614,0.08333333,0.000000000,0.961947842
73,7,1,63,2469.41559318,4069.02976470,0.00022805,0.00140876,0.00168214,0.00000000,0.03780000,0.04000000,0.05000000,0.0463429222,0.58390227,3.46991417,4.30693394,0.13706522,0.00000000,93.34390942,2554.26168701,-3.45264159,-0.63523614,0.08333333,11.667988678,11.964609770
74,7,2,63,2554.26168701,4055.53733026,0.00022780,0.00125549,0.00168214,0.00000000,0.00000000,0.04000000,0.05000000,0.0462741953,0.58135887,3.08227812,4.29285796,0.12175319,0.00000000,0.00000000,2546.18343887,-3.45264159,-0.74958176,0.08333333,0.000000000,0.257445851
75,7,3,63,2546.18343887,4042.71106541,0.00022756,0.00134645,0.00168214,0.00000000,0.00000000,0.04000000,0.05000000,0.0462013734,0.57887126,3.29505306,4.27915845,0.13015802,0.00000000,0.00000000,2537.90019807,-3.45264159,-0.68013168,0.08333333,0.000000000,0.267071255
76,7,4,63,2537.90019807,4029.55932280,0.00022731,0.00134645,0.00168214,0.00000000,0.00000000,0.04000000,0.05000000,0.0461286776,0.57635856,3.28433413,4.26523819,0.12973461,0.00000000,0.00000000,2529.64453259,-3.45264159,-0.68013168,0.08333333,0.000000000,0.269300464
77,7,5,63,2529.64453259,4016.45136298,0.00022706,0.00134645,0.00168214,0.00000000,0.00000000,0.04000000,0.05000000,0.0460561076,0.57385691,3.27365088,4.25136427,0.12931261,0.00000000,0.00000000,2521.41634793,-3.45264159,-0.68013168,0.08333333,0.000000000,0.271548368
78,7,6,63,2521.41634793,4003.38703593,0.00022681,0.00134645,0.00168214,0.00000000,0.00000000,0.04000000,0.05000000,0.0459836632,0.57136625,3.26300319,4.23753652,0.12889202,0.00000000,0.00000000,2513.21554995,-3.45264159,-0.68013168,0.08333333,0.000000000,0.273815125
79,7,7,63,2513.21554995,3990.36619217,0.00022656,0.00134645,0.00168214,0.00000000,0.00000000,0.04000000,0.05000000,0.0459113441,0.56888655,3.25239093,4.22375480,0.12847282,0.00000000,0.00000000,2505.04204484,-3.45264159,-0.68013168,0.08333333,0.000000000,0.276100894
80,7,8,63,2505.04204484,3977.38868276,0.00022632,0.00134645,0.00168214,0.00000000,0.00000000,0.04000000,0.05000000,0.0458391501,0.56641776,3.24181400,4.21001894,0.12805502,0.00000000,0.00000000,2496.89573913,-3.45264159,-0.68013168,0.08333333,0.000000000,0.278405834
81,7,9,63,2496.89573913,3964.45435927,0.00022607,0.00134645,0.00168214,0.00000000,0.00000000,0.04000000,0.05000000,0.0457670808,0.56395981,3.23127226,4.19632878,0.12763861,0.00000000,0.00000000,2488.77653966,-3.45264159,-0.68013168,0.08333333,0.000000000,0.280730107
82,7,10,63,2488.77653966,3951.56307382,0.00022582,0.00134645,0.00168214,0.00000000,0.00000000,0.04000000,0.05000000,0.0456951362,0.56151267,3.22076559,4.18268418,0.12722359,0.00000000,0.00000000,2480.68435362,-3.45264159,-0.68013168,0.08333333,0.000000000,0.283073877
83,7,11,63,2480.68435362,3938.71467903,0.00022558,0.00134645,0.00168214,0.00000000,0.00000000,0.04000000,0.05000000,0.0456233159,0.55907629,3.21029388,4.16908497,0.12680995,0.00000000,0.00000000,2472.61908853,-3.45264159,-0.68013168,0.08333333,0.000000000,0.285437306
84,7,12,63,2472.61908853,3925.90902806,0.00022533,0.00134645,0.00168214,0.00500000,0.00000000,0.04000000,0.05000000,0.0455516197,0.55572379,3.19452917,4.14861196,0.12618722,19.57911404,0.00000000,2445.01492235,-3.45264159,-0.68013168,0.08333333,0.000000000,0.988382106
85,8,1,64,2445.01492235,4119.10102587,0.00025648,0.00068127,0.00000000,0.00000000,0.03780000,0.03000000,0.05000000,0.0455089120,0.64523258,1.66506674,20.42387592,0.04884653,0.00000000,91.64954156,2513.88144214,-4.13026283,-0.68013168,0.08333333,11.552695508,11.635736502
86,8,2,64,2513.88144214,4115.23908988,0.00025620,0.00060873,0.00000000,0.00000000,0.00000000,0.03000000,0.05000000,0.0454695572,0.63870133,1.47433637,20.40472715,0.04325125,0.00000000,0.00000000,2491.32042604,-4.13026283,-0.79230835,0.08333333,0.000000000,0.069281158
87,8,3,64,2491.32042604,4111.68034618,0.00025592,0.00064339,0.00000000,0.00000000,0.00000000,0.03000000,0.05000000,0.0454286736,0.63223435,1.54418513,20.38708172,0.04530034,0.00000000,0.00000000,2468.71162451,-4.13026283,-0.73712561,0.08333333,0.000000000,0.072224527
88,8,4,64,2468.71162451,4107.98336191,0.00025564,0.00063346,0.00000000,0.00000000,0.00000000,0.03000000,0.05000000,0.0453882905,0.62577106,1.50645121,20.36875084,0.04419337,0.00000000,0.00000000,2446.16645804,-4.13026283,-0.75262711,0.08333333,0.000000000,0.071585486
89,8,5,64,2446.16645804,4104.33163514,0.00025536,0.00062352,0.00000000,0.00000000,0.00000000,0.03000000,0.05000000,0.0453484069,0.61933731,1.46917676,20.35064436,0.04309988,0.00000000,0.00000000,2423.68419973,-4.13026283,-0.76838441,0.08333333,0.000000000,0.070938158
90,8,6,64,2423.68419973,4100.72507502,0.00025508,0.00061358,0.00000000,0.00000000,0.00000000,0.03000000,0.05000000,0.0453090217,0.61293284,1.43236280,20.33276183,0.04201991,0.00000000,0.00000000,2401.26412235,-4.13026283,-0.78440389,0.08333333,0.000000000,0.070282658
91,8,7,64,2401.26412235,4097.16358706,0.00025480,0.00060363,0.00000000,0.00000000,0.00000000,0.03000000,0.05000000,0.0452701339,0.60655741,1.39601036,20.31510279,0.04095347,0.00000000,0.00000000,2378.90549832,-4.13026283,-0.80069215,0.08333333,0.000000000,0.069619110
92,8,8,64,2378.90549832,4093.64707295,0.00025452,0.00059369,0.00000000,0.00000000,0.00000000,0.03000000,0.05000000,0.0452317422,0.60021074,1.36012050,20.29766674,0.03990060,0.00000000,0.00000000,2356.60759975,-4.13026283,-0.81725601,0.08333333,0.000000000,0.068947642
93,8,9,64,2356.60759975,4090.17543045,0.00025424,0.00058374,0.00000000,0.00000000,0.00000000,0.03000000,0.05000000,0.0451938457,0.59389258,1.32469426,20.28045318,0.03886133,0.00000000,0.00000000,2334.36969840,-4.13026283,-0.83410253,0.08333333,0.000000000,0.068268392
94,8,10,64,2334.36969840,4086.74855317,0.00025397,0.00057379,0.00000000,0.00000000,0.00000000,0.03000000,0.05000000,0.0451564429,0.58760267,1.28973275,20.26346158,0.03783570,0.00000000,0.00000000,2312.19106571,-4.13026283,-0.85123901,0.08333333,0.000000000,0.067581505
95,8,11,64,2312.19106571,4083.36633040,0.00025369,0.00056384,0.00000000,0.00000000,0.00000000,0.03000000,0.05000000,0.0451195327,0.58134076,1.25523705,20.24669139,0.03682373,0.00000000,0.00000000,2290.07097278,-4.13026283,-0.86867299,0.08333333,0.000000000,0.066887137
96,8,12,64,2290.07097278,4080.02864696,0.00025341,0.00055389,0.00000000,0.01500000,0.00000000,0.03000000,0.05000000,0.0450831137,0.57475301,1.22045743,20.23014204,0.03580343,60.61195822,0.00000000,2207.39785865,-4.13026283,-0.88641230,0.08333333,0.000000000,2.255731191
97,9,1,65,2207.39785865,4076.73538298,0.00028838,0.00063804,0.00000000,0.00000000,0.03780000,0.02000000,0.05000000,0.0450413563,0.65444429,1.42046013,20.21381294,0.02751146,0.00000000,82.67555693,2267.75718676,-3.97124720,-0.90446501,0.08333333,10.429954882,10.504019134
98,9,2,65,2267.75718676,4072.95938151,0.00028806,0.00059150,0.00000000,0.00000000,0.00000000,0.02000000,0.05000000,0.0450017475,0.64731130,1.30391401,20.19509027,0.02525420,0.00000000,0.00000000,2245.58561699,-3.97124720,-0.97995258,0.08333333,0.000000000,0.063554437
99,9,3,65,2245.58561699,4069.37766924,0.00028775,0.00062745,0.00000000,0.00000000,0.00000000,0.02000000,0.05000000,0.0449605701,0.64022897,1.36953053,20.17733094,0.02652506,0.00000000,0.00000000,2223.37200149,-3.97124720,-0.92114342,0.08333333,0.000000000,0.066249903
100,9,4,65,2223.37200149,4065.65412289,0.00028743,0.00061580,0.00000000,0.00000000,0.00000000,0.02000000,0.05000000,0.0449199682,0.63315258,1.33070297,20.15886836,0.02577304,0.00000000,0.00000000,2201.22350453,-3.97124720,-0.93981777,0.08333333,0.000000000,0.065495679
101,9,5,65,2201.22350453,4061.98260260,0.00028712,0.00060417,0.00000000,0.00000000,0.00000000,0.02000000,0.05000000,0.0448799395,0.62610950,1.29244582,20.14066374,0.02503208,0.00000000,0.00000000,2179.13925339,-3.97124720,-0.95883076,0.08333333,0.000000000,0.064735011
102,9,6,65,2179.13925339,4058.36292431,0.00028681,0.00059254,0.00000000,0.00000000,0.00000000,0.02000000,0.05000000,0.0448404820,0.61909939,1.25476000,20.12271617,0.02430218,0.00000000,0.00000000,2157.11837565,-3.97124720,-0.97819168,0.08333333,0.000000000,0.063968109
103,9,7,65,2157.11837565,4054.79489765,0.00028649,0.00058094,0.00000000,0.00000000,0.00000000,0.02000000,0.05000000,0.0448015935,0.61212191,1.21764644,20.10502470,0.02358337,0.00000000,0.00000000,2135.15999923,-3.97124720,-0.99791016,0.08333333,0.000000000,0.063195196
104,9,8,65,2135.15999923,4051.27832575,0.00028618,0.00056935,0.00000000,0.00000000,0.00000000,0.02000000,0.05000000,0.0447632718,0.60517675,1.18110608,20.08758837,0.02287565,0.00000000,0.00000000,2113.26325239,-3.97124720,-1.01799621,0.08333333,0.000000000,0.062416502
105,9,9,65,2113.26325239,4047.81300490,0.00028587,0.00055778,0.00000000,0.00000000,0.00000000,0.02000000,0.05000000,0.0447255145,0.59826355,1.14513984,20.07040615,0.02217906,0.00000000,0.00000000,2091.42726378,-3.97124720,-1.03846019,0.08333333,0.000000000,0.061632267
106,9,10,65,2091.42726378,4044.39872435,0.00028556,0.00054623,0.00000000,0.00000000,0.00000000,0.02000000,0.05000000,0.0446883193,0.59138201,1.10974867,20.05347701,0.02149360,0.00000000,0.00000000,2069.65116250,-3.97124720,-1.05931289,0.08333333,0.000000000,0.060842743
107,9,11,65,2069.65116250,4041.03526601,0.00028524,0.00053471,0.00000000,0.00000000,0.00000000,0.02000000,0.05000000,0.0446516836,0.58453178,1.07493348,20.03679986,0.02081930,0.00000000,0.00000000,2047.93407808,-3.97124720,-1.08056547,0.08333333,0.000000000,0.060048190
108,9,12,65,2047.93407808,4037.72240420,0.00028493,0.00052322,0.00000000,0.01500000,0.00000000,0.02000000,0.05000000,0.0446156048,0.57736184,1.04006342,20.02037359,0.02014394,59.92628688,0.00000000,1966.34984842,-3.97124720,-1.10222955,0.08333333,0.000000000,2.226089174
109,10,1,66,1966.34984842,4034.45990533,0.00030949,0.00060627,0.00000000,0.00000000,0.03780000,0.01000000,0.05000000,0.0445747563,0.62500995,1.21272621,20.00419703,0.01163140,0.00000000,73.57186562,2018.06814945,-3.80230016,-1.12431721,0.08333333,9.291003034,9.356219728
110,10,2,66,2018.06814945,4030.76609149,0.00030915,0.00058661,0.00000000,0.00000000,0.00000000,0.01000000,0.05000000,0.0445348362,0.61758017,1.16072125,19.98588187,0.01113261,0.00000000,0.00000000,1996.29283355,-3.80230016,-1.15717210,0.08333333,0.000000000,0.057597928
111,10,3,66,1996.29283355,4027.15623512,0.00030881,0.00058842,0.00000000,0.00000000,0.00000000,0.01000000,0.05000000,0.0444948861,0.61018833,1.15163414,19.96798300,0.01104546,0.00000000,0.00000000,1974.55198262,-3.80230016,-1.15409279,0.08333333,0.000000000,0.057738987
112,10,4,66,1974.55198262,4023.54366296,0.00030847,0.00058661,0.00000000,0.00000000,0.00000000,0.01000000,0.05000000,0.0444550676,0.60282280,1.13546307,19.95007066,0.01089036,0.00000000,0.00000000,1952.85273573,-3.80230016,-1.15717210,0.08333333,0.000000000,0.057640645
113,10,5,66,1952.85273573,4019.94298761,0.00030814,0.00058661,0.00000000,0.00000000,0.00000000,0.01000000,0.05000000,0.0444152996,0.59548529,1.12286813,19.93221731,0.01076956,0.00000000,0.00000000,1931.19139545,-3.80230016,-1.15717210,0.08333333,0.000000000,0.057653350
114,10,6,66,1931.19139545,4016.34688746,0.00030780,0.00058661,0.00000000,0.00000000,0.00000000,0.01000000,0.05000000,0.0443755822,0.58817473,1.11029519,19.91438665,0.01064897,0.00000000,0.00000000,1909.56788991,-3.80230016,-1.15717210,0.08333333,0.000000000,0.057660085
115,10,7,66,1909.56788991,4012.75535453,0.00030747,0.00058661,0.00000000,0.00000000,0.00000000,0.01000000,0.05000000,0.0443359151,0.58089105,1.09774421,19.89657863,0.01052859,0.00000000,0.00000000,1887.98214743,-3.80230016,-1.15717210,0.08333333,0.000000000,0.057660723
116,10,8,66,1887.98214743,4009.16838083,0.00030713,0.00058661,0.00000000,0.00000000,0.00000000,0.01000000,0.05000000,0.0442962985,0.57363416,1.08521515,19.87879322,0.01040842,0.00000000,0.00000000,1866.43409647,-3.80230016,-1.15717210,0.08333333,0.000000000,0.057655137
117,10,9,66,1866.43409647,4005.58595842,0.00030679,0.00058661,0.00000000,0.00000000,0.00000000,0.01000000,0.05000000,0.0442567320,0.56640398,1.07270797,19.86103038,0.01028847,0.00000000,0.00000000,1844.92366568,-3.80230016,-1.15717210,0.08333333,0.000000000,0.057643195
118,10,10,66,1844.92366568,4002.00807934,0.00030646,0.00058661,0.00000000,0.00000000,0.00000000,0.01000000,0.05000000,0.0442172157,0.55920042,1.06022262,19.84329006,0.01016872,0.00000000,0.00000000,1823.45078386,-3.80230016,-1.15717210,0.08333333,0.000000000,0.057624764
119,10,11,66,1823.45078386,3998.43473568,0.00030612,0.00058661,0.00000000,0.00000000,0.00000000,0.01000000,0.05000000,0.0441777495,0.55202339,1.04775908,19.82557223,0.01004918,0.00000000,0.00000000,1802.01537998,-3.80230016,-1.15717210,0.08333333,0.000000000,0.057599710
120,10,12,66,1802.01537998,3994.86591953,0.00030579,0.00058661,0.00000000,0.01500000,0.00000000,0.01000000,0.05000000,0.0441383333,0.54450597,1.03462023,19.80787685,0.00992316,59.21250502,0.00000000,1721.40594875,-3.80230016,-1.15717210,0.08333333,0.000000000,2.201228608
121,11,1,67,1721.40594875,3991.30162300,0.00033469,0.00876113,0.00000000,0.00000000,0.03780000,0.00000000,0.05000000,0.0437369883,0.59085170,15.46661598,19.79020388,0.00000000,0.00000000,64.32107516,1749.87935235,-2.67055032,-1.15717210,0.40000000,8.133643108,8.700656855
122,11,2,67,1749.87935235,3955.00915994,0.00033433,0.00657807,0.00000000,0.00000000,0.00000000,0.00000000,0.05000000,0.0434347571,0.57828825,11.37821107,19.61025375,0.00000000,0.00000000,0.00000000,1718.31259928,-2.67055032,-1.15717210,0.30000000,0.000000000,0.192680254
123,11,3,67,1718.31259928,3927.67926984,0.00033396,0.00439020,0.00000000,0.00000000,0.00000000,0.00000000,0.05000000,0.0432296279,0.56716783,7.45592734,19.47474305,0.00000000,0.00000000,0.00000000,1690.81476106,-2.67055032,-1.15717210,0.20000000,0.000000000,0.130824491
124,11,4,67,1690.81476106,3909.13003368,0.00033360,0.00024441,0.00000000,0.00000000,0.00000000,0.00000000,0.05000000,0.0432046446,0.55750334,0.40845242,19.38276975,0.00000000,0.00000000,0.00000000,1670.46603556,-2.67055032,-1.15717210,0.01111111,0.000000000,0.015937477
125,11,5,67,1670.46603556,3906.87086509,0.00033323,0.00024441,0.00000000,0.00000000,0.00000000,0.00000000,0.05000000,0.0431796915,0.55011853,0.40348251,19.37156804,0.00000000,0.00000000,0.00000000,1650.14086648,-2.67055032,-1.15717210,0.01111111,0.000000000,0.015920093
126,11,6,67,1650.14086648,3904.61442479,0.00033287,0.00024441,0.00000000,0.00000000,0.00000000,0.00000000,0.05000000,0.0431547685,0.54275701,0.39851835,19.36037986,0.00000000,0.00000000,0.00000000,1629.83921126,-2.67055032,-1.15717210,0.01111111,0.000000000,0.015900601
127,11,7,67,1629.83921126,3902.36070800,0.00033250,0.00024441,0.00000000,0.00000000,0.00000000,0.00000000,0.05000000,0.0431298755,0.53541873,0.39355994,19.34920518,0.00000000,0.00000000,0.00000000,1609.56102742,-2.67055032,-1.15717210,0.01111111,0.000000000,0.015878956
128,11,8,67,1609.56102742,3900.10970996,0.00033214,0.00024441,0.00000000,0.00000000,0.00000000,0.00000000,0.05000000,0.0431050126,0.52810362,0.38860725,19.33804398,0.00000000,0.00000000,0.00000000,1589.30627257,-2.67055032,-1.15717210,0.01111111,0.000000000,0.015855116
129,11,9,67,1589.30627257,3897.86142591,0.00033178,0.00024441,0.00000000,0.00000000,0.00000000,0.00000000,0.05000000,0.0430801796,0.52081161,0.38366029,19.32689624,0.00000000,0.00000000,0.00000000,1569.07490443,-2.67055032,-1.15717210,0.01111111,0.000000000,0.015829038
130,11,10,67,1569.07490443,3895.61585110,0.00033142,0.00024441,0.00000000,0.00000000,0.00000000,0.00000000,0.05000000,0.0430553765,0.51354264,0.37871904,19.31576193,0.00000000,0.00000000,0.00000000,1548.86688082,-2.67055032,-1.15717210,0.01111111,0.000000000,0.015800675
131,11,11,67,1548.86688082,3893.37298081,0.00033105,0.00024441,0.00000000,0.00000000,0.00000000,0.00000000,0.05000000,0.0430306033,0.50629665,0.37378349,19.30464103,0.00000000,0.00000000,0.00000000,1528.68215966,-2.67055032,-1.15717210,0.01111111,0.000000000,0.015769984
132,11,12,67,1528.68215966,3891.13281030,0.00033069,0.00024441,0.00000000,0.01500000,0.00000000,0.00000000,0.05000000,0.0430058599,0.49885991,0.36869573,19.29353352,0.00000000,57.59757398,0.00000000,1450.92349652,-2.67055032,-1.15717210,0.01111111,0.000000000,1.060066929
133,12,1,68,1450.92349652,3888.89533487,0.00036491,0.00112592,0.00000000,0.00000000,0.01890000,0.00000000,0.05000000,0.0429417633,0.53214331,1.64192372,19.28243937,0.00000000,0.00000000,27.05801598,1456.52500610,-3.15326582,-1.15717210,0.08333333,3.427806761,3.466974647
134,12,2,68,1456.52500610,3883.09926679,0.00036451,0.00112592,0.00000000,0.00000000,0.00000000,0.00000000,0.05000000,0.0428777793,0.52375385,1.61780482,19.25370053,0.00000000,0.00000000,0.00000000,1435.12974690,-3.15326582,-1.15717210,0.08333333,0.000000000,0.034581823
135,12,3,68,1435.12974690,3877.31338290,0.00036411,0.00112592,0.00000000,0.00000000,0.00000000,0.00000000,0.05000000,0.0428139078,0.51540436,1.59375479,19.22501219,0.00000000,0.00000000,0.00000000,1413.79557557,-3.15326582,-1.15717210,0.08333333,0.000000000,0.034463815
136,12,4,68,1413.79557557,3871.53766171,0.00036371,0.00112592,0.00000000,0.00000000,0.00000000,0.00000000,0.05000000,0.0427501483,0.50709467,1.56977345,19.19637424,0.00000000,0.00000000,0.00000000,1392.52233322,-3.15326582,-1.15717210,0.08333333,0.000000000,0.034340067
137,12,5,68,1392.52233322,3865.77208182,0.00036332,0.00112592,0.00000000,0.00000000,0.00000000,0.00000000,0.05000000,0.0426865008,0.49882462,1.54586062,19.16778657,0.00000000,0.00000000,0.00000000,1371.30986140,-3.15326582,-1.15717210,0.08333333,0.000000000,0.034210477
138,12,6,68,1371.30986140,3860.01662184,0.00036292,0.00112592,0.00000000,0.00000000,0.00000000,0.00000000,0.05000000,0.0426229650,0.49059406,1.52201614,19.13924908,0.00000000,0.00000000,0.00000000,1350.15800212,-3.15326582,-1.15717210,0.08333333,0.000000000,0.034074940
139,12,7,68,1350.15800212,3854.27126047,0.00036252,0.00112592,0.00000000,0.00000000,0.00000000,0.00000000,0.05000000,0.0425595406,0.48240282,1.49823981,19.11076167,0.00000000,0.00000000,0.00000000,1329.06659783,-3.15326582,-1.15717210,0.08333333,0.000000000,0.033933349
140,12,8,68,1329.06659783,3848.53597645,0.00036213,0.00112592,0.00000000,0.00000000,0.00000000,0.00000000,0.05000000,0.0424962274,0.47425076,1.47453146,19.08232422,0.00000000,0.00000000,0.00000000,1308.03549139,-3.15326582,-1.15717210,0.08333333,0.000000000,0.033785597
141,12,9,68,1308.03549139,3842.81074857,0.00036173,0.00112592,0.00000000,0.00000000,0.00000000,0.00000000,0.05000000,0.0424330252,0.46613771,1.45089092,19.05393663,0.00000000,0.00000000,0.00000000,1287.06452613,-3.15326582,-1.15717210,0.08333333,0.000000000,0.033631575
142,12,10,68,1287.06452613,3837.09555568,0.00036134,0.00112592,0.00000000,0.00000000,0.00000000,0.00000000,0.05000000,0.0423699337,0.45806352,1.42731800,19.02559880,0.00000000,0.00000000,0.00000000,1266.15354581,-3.15326582,-1.15717210,0.08333333,0.000000000,0.033471172
143,12,11,68,1266.15354581,3831.39037667,0.00036094,0.00112592,0.00000000,0.00000000,0.00000000,0.00000000,0.05000000,0.0423069528,0.45002804,1.40381254,18.99731062,0.00000000,0.00000000,0.00000000,1245.30239461,-3.15326582,-1.15717210,0.08333333,0.000000000,0.033304275
144,12,12,68,1245.30239461,3825.69519049,0.00036055,0.00112592,0.00000000,0.01500000,0.00000000,0.00000000,0.05000000,0.0422440821,0.44151154,1.37875189,18.96907199,0.00000000,56.42946698,0.00000000,1168.08359221,-3.15326582,-1.15717210,0.08333333,0.000000000,1.058962202
145,13,1,69,1168.08359221,3820.00997615,0.00039990,0.00120601,0.00000000,0.00000000,0.01890000,0.00000000,0.05000000,0.0421762621,0.46808684,1.41165119,18.94088280,0.00000000,0.00000000,21.71879721,1168.98176858,-3.08498430,-1.15717210,0.08333333,2.759597487,2.793563465
146,13,2,69,1168.98176858,3813.87721150,0.00039946,0.00120601,0.00000000,0.00000000,0.00000000,0.00000000,0.05000000,0.0421085694,0.45927326,1.38658578,18.91047451,0.00000000,0.00000000,0.00000000,1148.22543503,-3.08498430,-1.15717210,0.08333333,0.000000000,0.029896491
147,13,3,69,1148.22543503,3807.75595643,0.00039903,0.00120601,0.00000000,0.00000000,0.00000000,0.00000000,0.05000000,0.0420410037,0.45050400,1.36159779,18.88012328,0.00000000,0.00000000,0.00000000,1127.53320996,-3.08498430,-1.15717210,0.08333333,0.000000000,0.029701601
148,13,4,69,1127.53320996,3801.64618530,0.00039859,0.00120601,0.00000000,0.00000000,0.00000000,0.00000000,0.05000000,0.0419735647,0.44177886,1.33668702,18.84982900,0.00000000,0.00000000,0.00000000,1106.90491508,-3.08498430,-1.15717210,0.08333333,0.000000000,0.029500023
149,13,5,69,1106.90491508,3795.54787254,0.00039816,0.00120601,0.00000000,0.00000000,0.00000000,0.00000000,0.05000000,0.0419062521,0.43309766,1.31185324,18.81959153,0.00000000,0.00000000,0.00000000,1086.34037264,-3.08498430,-1.15717210,0.08333333,0.000000000,0.029291644
150,13,6,69,1086.34037264,3789.46099264,0.00039772,0.00120601,0.00000000,0.00000000,0.00000000,0.00000000,0.05000000,0.0418390657,0.42446023,1.28709624,18.78941076,0.00000000,0.00000000,0.00000000,1065.83940542,-3.08498430,-1.15717210,0.08333333,0.000000000,0.029076348
151,13,7,69,1065.83940542,3783.38552018,0.00039729,0.00120601,0.00000000,0.00000000,0.00000000,0.00000000,0.05000000,0.0417720052,0.41586637,1.26241581,18.75928654,0.00000000,0.00000000,0.00000000,1045.40183670,-3.08498430,-1.15717210,0.08333333,0.000000000,0.028854019
152,13,8,69,1045.40183670,3777.32142977,0.00039685,0.00120601,0.00000000,0.00000000,0.00000000,0.00000000,0.05000000,0.0417050702,0.40731590,1.23781174,18.72921876,0.00000000,0.00000000,0.00000000,1025.02749030,-3.08498430,-1.15717210,0.08333333,0.000000000,0.028624540
153,13,9,69,1025.02749030,3771.26869612,0.00039642,0.00120601,0.00000000,0.00000000,0.00000000,0.00000000,0.05000000,0.0416382606,0.39880865,1.21328382,18.69920728,0.00000000,0.00000000,0.00000000,1004.71619055,-3.08498430,-1.15717210,0.08333333,0.000000000,0.028387789
154,13,10,69,1004.71619055,3765.22729398,0.00039599,0.00120601,0.00000000,0.00000000,0.00000000,0.00000000,0.05000000,0.0415715760,0.39034442,1.18883182,18.66925200,0.00000000,0.00000000,0.00000000,984.46776231,-3.08498430,-1.15717210,0.08333333,0.000000000,0.028143646
155,13,11,69,984.46776231,3759.19719819,0.00039555,0.00120601,0.00000000,0.00000000,0.00000000,0.00000000,0.05000000,0.0415050161,0.38192305,1.16445555,18.63935277,0.00000000,0.00000000,0.00000000,964.28203094,-3.08498430,-1.15717210,0.08333333,0.000000000,0.027891986
156,13,12,69,964.28203094,3753.17838363,0.00039512,0.00120601,0.00000000,0.01500000,0.00000000,0.00000000,0.05000000,0.0414385808,0.37307045,1.13870834,18.60950949,0.00000000,55.12474285,0.00000000,889.03599981,-3.08498430,-1.15717210,0.08333333,0.000000000,1.033903778
157,14,1,70,889.03599981,3747.17082527,0.00043907,0.00120601,0.00000000,0.00000000,0.01890000,0.00000000,0.05000000,0.0413704329,0.38928669,1.06927898,18.57972201,0.00000000,0.00000000,16.45162365,885.44933579,-3.08498430,-1.15717210,0.08333333,2.100347550,2.126829210
158,14,2,70,885.44933579,3741.00841011,0.00043859,0.00120601,0.00000000,0.00000000,0.00000000,0.00000000,0.05000000,0.0413024169,0.38008918,1.04515741,18.54916670,0.00000000,0.00000000,0.00000000,865.47492250,-3.08498430,-1.15717210,0.08333333,0.000000000,0.023196548
159,14,3,70,865.47492250,3734.85792165,0.00043811,0.00120601,0.00000000,0.00000000,0.00000000,0.00000000,0.05000000,0.0412345325,0.37093926,1.02111277,18.51867053,0.00000000,0.00000000,0.00000000,845.56419994,-3.08498430,-1.15717210,0.08333333,0.000000000,0.022932206
160,14,4,70,845.56419994,3728.71933241,0.00043763,0.00120601,0.00000000,0.00000000,0.00000000,0.00000000,0.05000000,0.0411667794,0.36183671,0.99714483,18.48823336,0.00000000,0.00000000,0.00000000,825.71698505,-3.08498430,-1.15717210,0.08333333,0.000000000,0.022660514
161,14,5,70,825.71698505,3722.59261501,0.00043715,0.00120601,0.00000000,0.00000000,0.00000000,0.00000000,0.05000000,0.0410991573,0.35278132,0.97325337,18.45785505,0.00000000,0.00000000,0.00000000,805.93309531,-3.08498430,-1.15717210,0.08333333,0.000000000,0.022381352
162,14,6,70,805.93309531,3716.47774212,0.00043667,0.00120601,0.00000000,0.00000000,0.00000000,0.00000000,0.05000000,0.0410316658,0.34377291,0.94943818,18.42753547,0.00000000,0.00000000,0.00000000,786.21234875,-3.08498430,-1.15717210,0.08333333,0.000000000,0.022094598
163,14,7,70,786.21234875,3710.37468651,0.00043620,0.00120601,0.00000000,0.00000000,0.00000000,0.00000000,0.05000000,0.0409643048,0.33481126,0.92569903,18.39727449,0.00000000,0.00000000,0.00000000,766.55456397,-3.08498430,-1.15717210,0.08333333,0.000000000,0.021800131
164,14,8,70,766.55456397,3704.28342100,0.00043572,0.00120601,0.00000000,0.00000000,0.00000000,0.00000000,0.05000000,0.0408970738,0.32589618,0.90203571,18.36707196,0.00000000,0.00000000,0.00000000,746.95956012,-3.08498430,-1.15717210,0.08333333,0.000000000,0.021497826
165,14,9,70,746.95956012,3698.20391849,0.00043524,0.00120601,0.00000000,0.00000000,0.00000000,0.00000000,0.05000000,0.0408299726,0.31702747,0.87844799,18.33692776,0.00000000,0.00000000,0.00000000,727.42715690,-3.08498430,-1.15717210,0.08333333,0.000000000,0.021187557
166,14,10,70,727.42715690,3692.13615195,0.00043477,0.00120601,0.00000000,0.00000000,0.00000000,0.00000000,0.05000000,0.0407630009,0.30820492,0.85493567,18.30684175,0.00000000,0.00000000,0.00000000,707.95717456,-3.08498430,-1.15717210,0.08333333,0.000000000,0.020869197
167,14,11,70,707.95717456,3686.08009443,0.00043429,0.00120601,0.00000000,0.00000000,0.00000000,0.00000000,0.05000000,0.0406961584,0.29942834,0.83149852,18.27681380,0.00000000,0.00000000,0.00000000,688.54943389,-3.08498430,-1.15717210,0.08333333,0.000000000,0.020542616
168,14,12,70,688.54943389,3680.03571906,0.00043382,0.00120601,0.00000000,0.01500000,0.00000000,0.00000000,0.05000000,0.0406294447,0.29032131,0.80709043,18.24684377,0.00000000,53.65102820,0.00000000,615.55415018,-3.08498430,-1.15717210,0.08333333,0.000000000,1.006830172
169,15,1,71,615.55415018,3674.00299902,0.00048196,0.00120601,0.00000000,0.00000000,0.01890000,0.00000000,0.05000000,0.0405608868,0.29323398,0.73375974,18.21693154,0.00000000,0.00000000,11.28967343,607.59989835,-3.08498430,-1.15717210,0.08333333,1.454246680,1.473059821
170,15,2,71,607.59989835,3667.80350625,0.00048144,0.00120601,0.00000000,0.00000000,0.00000000,0.00000000,0.05000000,0.0404924660,0.28366691,0.71059654,18.18619239,0.00000000,0.00000000,0.00000000,588.41944251,-3.08498430,-1.15717210,0.08333333,0.000000000,0.016331935
171,15,3,71,588.41944251,3661.61640382,0.00048091,0.00120601,0.00000000,0.00000000,0.00000000,0.00000000,0.05000000,0.0404241818,0.27415088,0.68750978,18.15551467,0.00000000,0.00000000,0.00000000,569.30226719,-3.08498430,-1.15717210,0.08333333,0.000000000,0.015996679
172,15,4,71,569.30226719,3655.44166219,0.00048038,0.00120601,0.00000000,0.00000000,0.00000000,0.00000000,0.05000000,0.0403560339,0.26468566,0.66449921,18.12489824,0.00000000,0.00000000,0.00000000,550.24818408,-3.08498430,-1.15717210,0.08333333,0.000000000,0.015653400
173,15,5,71,550.24818408,3649.27925192,0.00047986,0.00120601,0.00000000,0.00000000,0.00000000,0.00000000,0.05000000,0.0402880222,0.25527102,0.64156463,18.09434296,0.00000000,0.00000000,0.00000000,531.25700547,-3.08498430,-1.15717210,0.08333333,0.000000000,0.015301974
174,15,6,71,531.25700547,3643.12914365,0.00047933,0.00120601,0.00000000,0.00000000,0.00000000,0.00000000,0.05000000,0.0402201461,0.24590676,0.61870579,18.06384867,0.00000000,0.00000000,0.00000000,512.32854425,-3.08498430,-1.15717210,0.08333333,0.000000000,0.014942273
175,15,7,71,512.32854425,3636.99130810,0.00047881,0.00120601,0.00000000,0.00000000,0.00000000,0.00000000,0.05000000,0.0401524054,0.23659265,0.59592249,18.03341524,0.00000000,0.00000000,0.00000000,493.46261388,-3.08498430,-1.15717210,0.08333333,0.000000000,0.014574170
176,15,8,71,493.46261388,3630.86571607,0.00047829,0.00120601,0.00000000,0.00000000,0.00000000,0.00000000,0.05000000,0.0400847998,0.22732846,0.57321448,18.00304251,0.00000000,0.00000000,0.00000000,474.65902843,-3.08498430,-1.15717210,0.08333333,0.000000000,0.014197534
177,15,9,71,474.65902843,3624.75233845,0.00047776,0.00120601,0.00000000,0.00000000,0.00000000,0.00000000,0.05000000,0.0400173290,0.21811397,0.55058155,17.97273034,0.00000000,0.00000000,0.00000000,455.91760256,-3.08498430,-1.15717210,0.08333333,0.000000000,0.013812233
178,15,10,71,455.91760256,3618.65114618,0.00047724,0.00120601,0.00000000,0.00000000,0.00000000,0.00000000,0.05000000,0.0399499926,0.20894898,0.52802348,17.94247860,0.00000000,0.00000000,0.00000000,437.23815150,-3.08498430,-1.15717210,0.08333333,0.000000000,0.013418134
179,15,11,71,437.23815150,3612.56211033,0.00047672,0.00120601,0.00000000,0.00000000,0.00000000,0.00000000,0.05000000,0.0398827903,0.19983325,0.50554004,17.91228713,0.00000000,0.00000000,0.00000000,418.62049108,-3.08498430,-1.15717210,0.08333333,0.000000000,0.013015100
180,15,12,71,418.62049108,3606.48520201,0.00047620,0.00120601,0.00000000,0.01500000,0.00000000,0.00000000,0.05000000,0.0398157218,0.19051411,0.48249160,17.88215579,0.00000000,51.70021759,0.00000000,348.36511198,-3.08498430,-1.15717210,0.08333333,0.000000000,0.979465496
181,16,1,72,348.36511198,3600.42039243,0.00052914,0.00120601,0.00000000,0.00000000,0.01890000,0.00000000,0.05000000,0.0397466609,0.17812652,0.40598754,17.85208445,0.00000000,0.00000000,6.24669622,336.17560969,-3.08498430,-1.15717210,0.08333333,0.823012577,0.833956942
182,16,2,72,336.17560969,3594.17541702,0.00052856,0.00120601,0.00000000,0.00000000,0.00000000,0.00000000,0.05000000,0.0396777428,0.16820720,0.38379885,17.82111978,0.00000000,0.00000000,0.00000000,317.80248386,-3.08498430,-1.15717210,0.08333333,0.000000000,0.009288333
183,16,3,72,317.80248386,3587.94334980,0.00052798,0.00120601,0.00000000,0.00000000,0.00000000,0.00000000,0.05000000,0.0396089671,0.15834261,0.36168610,17.79021911,0.00000000,0.00000000,0.00000000,299.49223605,-3.08498430,-1.15717210,0.08333333,0.000000000,0.008880603
184,16,4,72,299.49223605,3581.72415892,0.00052740,0.00120601,0.00000000,0.00000000,0.00000000,0.00000000,0.05000000,0.0395403334,0.14853249,0.33964907,17.75938229,0.00000000,0.00000000,0.00000000,281.24467221,-3.08498430,-1.15717210,0.08333333,0.000000000,0.008464172
185,16,5,72,281.24467221,3575.51781261,0.00052683,0.00120601,0.00000000,0.00000000,0.00000000,0.00000000,0.05000000,0.0394718414,0.13877659,0.31768751,17.72860915,0.00000000,0.00000000,0.00000000,263.05959895,-3.08498430,-1.15717210,0.08333333,0.000000000,0.008038907
186,16,6,72,263.05959895,3569.32427919,0.00052625,0.00120601,0.00000000,0.00000000,0.00000000,0.00000000,0.05000000,0.0394034907,0.12907469,0.29580121,17.69789955,0.00000000,0.00000000,0.00000000,244.93682350,-3.08498430,-1.15717210,0.08333333,0.000000000,0.007604677
187,16,7,72,244.93682350,3563.14352707,0.00052568,0.00120601,0.00000000,0.00000000,0.00000000,0.00000000,0.05000000,0.0393352811,0.11942652,0.27398992,17.66725332,0.00000000,0.00000000,0.00000000,226.87615374,-3.08498430,-1.15717210,0.08333333,0.000000000,0.007161348
188,16,8,72,226.87615374,3556.97552475,0.00052510,0.00120601,0.00000000,0.00000000,0.00000000,0.00000000,0.05000000,0.0392672120,0.10983185,0.25225341,17.63667031,0.00000000,0.00000000,0.00000000,208.87739817,-3.08498430,-1.15717210,0.08333333,0.000000000,0.006708782
189,16,9,72,208.87739817,3550.82024084,0.00052453,0.00120601,0.00000000,0.00000000,0.00000000,0.00000000,0.05000000,0.0391992833,0.10029044,0.23059146,17.60615036,0.00000000,0.00000000,0.00000000,190.94036590,-3.08498430,-1.15717210,0.08333333,0.000000000,0.006246843
190,16,10,72,190.94036590,3544.67764401,0.00052395,0.00120601,0.00000000,0.00000000,0.00000000,0.00000000,0.05000000,0.0391314946,0.09080205,0.20900384,17.57569332,0.00000000,0.00000000,0.00000000,173.06486670,-3.08498430,-1.15717210,0.08333333,0.000000000,0.005775389
191,16,11,72,173.06486670,3538.54770304,0.00052338,0.00120601,0.00000000,0.00000000,0.00000000,0.00000000,0.05000000,0.0390638454,0.08136643,0.18749031,17.54529903,0.00000000,0.00000000,0.00000000,155.25071094,-3.08498430,-1.15717210,0.08333333,0.000000000,0.005294280
192,16,12,72,155.25071094,3532.43038680,0.00052281,0.00120601,0.00000000,0.01500000,0.00000000,0.00000000,0.05000000,0.0389963355,0.07188566,0.16582529,17.51496733,0.00000000,46.92774945,0.00000000,90.57028320,-3.08498430,-1.15717210,0.08333333,0.000000000,0.951768359
193,17,1,73,90.57028320,3526.32566424,0.00058124,0.00120601,0.00000000,0.00000000,0.01890000,0.00000000,0.05000000,0.0389266665,0.04326612,0.08977290,17.48469809,0.00000000,0.00000000,1.38131756,74.33386366,-3.08498430,-1.15717210,0.08333333,0.213972294,0.216903051
194,17,2,73,74.33386366,3520.02569881,0.00058060,0.00120601,0.00000000,0.00000000,0.00000000,0.00000000,0.05000000,0.0388571467,0.03301204,0.06857167,17.45346076,0.00000000,0.00000000,0.00000000,56.77881918,-3.08498430,-1.15717210,0.08333333,0.000000000,0.002115372
195,17,3,73,56.77881918,3513.73922283,0.00057997,0.00120601,0.00000000,0.00000000,0.00000000,0.00000000,0.05000000,0.0387877757,0.02281663,0.04744593,17.42229031,0.00000000,0.00000000,0.00000000,39.28626630,-3.08498430,-1.15717210,0.08333333,0.000000000,0.001634144
196,17,4,73,39.28626630,3507.46620178,0.00057934,0.00120601,0.00000000,0.00000000,0.00000000,0.00000000,0.05000000,0.0387185531,0.01267962,0.02639544,17.39118658,0.00000000,0.00000000,0.00000000,21.85600466,-3.08498430,-1.15717210,0.08333333,0.000000000,0.001143534
197,17,5,73,21.85600466,3501.20660123,0.00057870,0.00120601,0.00000000,0.00000000,0.00000000,0.00000000,0.05000000,0.0386494785,0.00260074,0.00541994,17.36014940,0.00000000,0.00000000,0.00000000,4.48783458,-3.08498430,-1.15717210,0.08333333,0.000000000,0.000643403
198,17,6,73,4.48783458,3494.96038687,0.00057807,0.00120601,0.00000000,0.00000000,0.00000000,0.00000000,0.05000000,0.0385805516,0.00000000,0.00000000,17.32917858,0.00000000,0.00000000,0.00000000,0.00000000,-3.08498430,-1.15717210,0.08333333,0.000000000,0.000133614
199,17,7,73,0.00000000,3488.72752446,0.00057744,0.00000000,0.00000000,0.00000000,0.00000000,0.00000000,0.05000000,0.0385582737,0.00000000,0.00000000,17.29827398,0.00000000,0.00000000,0.00000000,0.00000000,-3.08498430,-1.15717210,0.08333333,0.000000000,0.000000000
200,17,8,73,0.00000000,3486.71300430,0.00057681,0.00000000,0.00000000,0.00000000,0.00000000,0.00000000,0.05000000,0.0385360331,0.00000000,0.00000000,17.28828531,0.00000000,0.00000000,0.00000000,0.00000000,-3.08498430,0.00000000,0.08333333,0.000000000,0.000000000
201,17,9,73,0.00000000,3484.70184862,0.00057618,0.00000000,0.00000000,0.00000000,0.00000000,0.00000000,0.05000000,0.0385138296,0.00000000,0.00000000,17.27831333,0.00000000,0.00000000,0.00000000,0.00000000,-3.08498430,0.00000000,0.08333333,0.000000000,0.000000000
202,17,10,73,0.00000000,3482.69405051,0.00057555,0.00000000,0.00000000,0.00000000,0.00000000,0.00000000,0.05000000,0.0384916632,0.00000000,0.00000000,17.26835800,0.00000000,0.00000000,0.00000000,0.00000000,-3.08498430,0.00000000,0.08333333,0.000000000,0.000000000
203,17,11,73,0.00000000,3480.68960312,0.00057492,0.00000000,0.00000000,0.00000000,0.00000000,0.00000000,0.05000000,0.0384695337,0.00000000,0.00000000,17.25841928,0.00000000,0.00000000,0.00000000,0.00000000,-3.08498430,0.00000000,0.08333333,0.000000000,0.000000000
204,17,12,73,0.00000000,3478.68849957,0.00057429,0.00000000,0.00000000,0.01500000,0.00000000,0.00000000,0.05000000,0.0384474411,0.00000000,0.00000000,17.24849714,0.00000000,0.00000000,0.00000000,0.00000000,-3.08498430,0.00000000,0.08333333,0.000000000,0.000000000
205,18,1,74,0.00000000,3476.69073302,0.00063972,0.00000000,0.00000000,0.00000000,0.01890000,0.00000000,0.05000000,0.0384228454,0.00000000,0.00000000,17.23859155,0.00000000,0.00000000,0.00000000,0.00000000,-3.08498430,0.00000000,0.08333333,0.000000000,0.000000000
206,18,2,74,0.00000000,3474.46661051,0.00063902,0.00000000,0.00000000,0.00000000,0.00000000,0.00000000,0.05000000,0.0383982923,0.00000000,0.00000000,17.22756361,0.00000000,0.00000000,0.00000000,0.00000000,-3.08498430,0.00000000,0.08333333,0.000000000,0.000000000
207,18,3,74,0.00000000,3472.24634176,0.00063833,0.00000000,0.00000000,0.00000000,0.00000000,0.00000000,0.05000000,0.0383737816,0.00000000,0.00000000,17.21655478,0.00000000,0.00000000,0.00000000,0.00000000,-3.08498430,0.00000000,0.08333333,0.000000000,0.000000000
208,18,4,74,0.00000000,3470.02991852,0.00063763,0.00000000,0.00000000,0.00000000,0.00000000,0.00000000,0.05000000,0.0383493135,0.00000000,0.00000000,17.20556501,0.00000000,0.00000000,0.00000000,0.00000000,-3.08498430,0.00000000,0.08333333,0.000000000,0.000000000
209,18,5,74,0.00000000,3467.81733258,0.00063693,0.00000000,0.00000000,0.00000000,0.00000000,0.00000000,0.05000000,0.0383248876,0.00000000,0.00000000,17.19459427,0.00000000,0.00000000,0.00000000,0.00000000,-3.08498430,0.00000000,0.08333333,0.000000000,0.000000000
210,18,6,74,0.00000000,3465.60857574,0.00063623,0.00000000,0.00000000,0.00000000,0.00000000,0.00000000,0.05000000,0.0383005041,0.00000000,0.00000000,17.18364252,0.00000000,0.00000000,0.00000000,0.00000000,-3.08498430,0.00000000,0.08333333,0.000000000,0.000000000
211,18,7,74,0.00000000,3463.40363984,0.00063554,0.00000000,0.00000000,0.00000000,0.00000000,0.00000000,0.05000000,0.0382761627,0.00000000,0.00000000,17.17270971,0.00000000,0.00000000,0.00000000,0.00000000,-3.08498430,0.00000000,0.08333333,0.000000000,0.000000000
212,18,8,74,0.00000000,3461.20251670,0.00063484,0.00000000,0.00000000,0.00000000,0.00000000,0.00000000,0.05000000,0.0382518633,0.00000000,0.00000000,17.16179581,0.00000000,0.00000000,0.00000000,0.00000000,-3.08498430,0.00000000,0.08333333,0.000000000,0.000000000
213,18,9,74,0.00000000,3459.00519821,0.00063415,0.00000000,0.00000000,0.00000000,0.00000000,0.00000000,0.05000000,0.0382276060,0.00000000,0.00000000,17.15090077,0.00000000,0.00000000,0.00000000,0.00000000,-3.08498430,0.00000000,0.08333333,0.000000000,0.000000000
214,18,10,74,0.00000000,3456.81167625,0.00063345,0.00000000,0.00000000,0.00000000,0.00000000,0.00000000,0.05000000,0.0382033905,0.00000000,0.00000000,17.14002456,0.00000000,0.00000000,0.00000000,0.00000000,-3.08498430,0.00000000,0.08333333,0.000000000,0.000000000
215,18,11,74,0.00000000,3454.62194274,0.00063276,0.00000000,0.00000000,0.00000000,0.00000000,0.00000000,0.05000000,0.0381792169,0.00000000,0.00000000,17.12916713,0.00000000,0.00000000,0.00000000,0.00000000,-3.08498430,0.00000000,0.08333333,0.000000000,0.000000000
216,18,12,74,0.00000000,3452.43598959,0.00063207,0.00000000,0.00000000,0.01500000,0.00000000,0.00000000,0.05000000,0.0381550849,0.00000000,0.00000000,17.11832845,0.00000000,0.00000000,0.00000000,0.00000000,-3.08498430,0.00000000,0.08333333,0.000000000,0.000000000
217,19,1,75,0.00000000,3450.25380877,0.00070714,0.00000000,0.00000000,0.00000000,0.01890000,0.00000000,0.05000000,0.0381281040,0.00000000,0.00000000,17.10750847,0.00000000,0.00000000,0.00000000,0.00000000,-3.08498430,0.00000000,0.08333333,0.000000000,0.000000000
218,19,2,75,0.00000000,3447.81399940,0.00070637,0.00000000,0.00000000,0.00000000,0.00000000,0.00000000,0.05000000,0.0381011716,0.00000000,0.00000000,17.09541108,0.00000000,0.00000000,0.00000000,0.00000000,-3.08498430,0.00000000,0.08333333,0.000000000,0.000000000
219,19,3,75,0.00000000,3445.37858278,0.00070559,0.00000000,0.00000000,0.00000000,0.00000000,0.00000000,0.05000000,0.0380742877,0.00000000,0.00000000,17.08333547,0.00000000,0.00000000,0.00000000,0.00000000,-3.08498430,0.00000000,0.08333333,0.000000000,0.000000000
220,19,4,75,0.00000000,3442.94754914,0.00070482,0.00000000,0.00000000,0.00000000,0.00000000,0.00000000,0.05000000,0.0380474522,0.00000000,0.00000000,17.07128160,0.00000000,0.00000000,0.00000000,0.00000000,-3.08498430,0.00000000,0.08333333,0.000000000,0.000000000
221,19,5,75,0.00000000,3440.52088868,0.00070405,0.00000000,0.00000000,0.00000000,0.00000000,0.00000000,0.05000000,0.0380206649,0.00000000,0.00000000,17.05924941,0.00000000,0.00000000,0.00000000,0.00000000,-3.08498430,0.00000000,0.08333333,0.000000000,0.000000000
222,19,6,75,0.00000000,3438.09859166,0.00070328,0.00000000,0.00000000,0.00000000,0.00000000,0.00000000,0.05000000,0.0379939257,0.00000000,0.00000000,17.04723885,0.00000000,0.00000000,0.00000000,0.00000000,-3.08498430,0.00000000,0.08333333,0.000000000,0.000000000
223,19,7,75,0.00000000,3435.68064835,0.00070251,0.00000000,0.00000000,0.00000000,0.00000000,0.00000000,0.05000000,0.0379672346,0.00000000,0.00000000,17.03524988,0.00000000,0.00000000,0.00000000,0.00000000,-3.08498430,0.00000000,0.08333333,0.000000000,0.000000000
224,19,8,75,0.00000000,3433.26704907,0.00070174,0.00000000,0.00000000,0.00000000,0.00000000,0.00000000,0.05000000,0.0379405915,0.00000000,0.00000000,17.02328245,0.00000000,0.00000000,0.00000000,0.00000000,-3.08498430,0.00000000,0.08333333,0.000000000,0.000000000
225,19,9,75,0.00000000,3430.85778413,0.00070097,0.00000000,0.00000000,0.00000000,0.00000000,0.00000000,0.05000000,0.0379139961,0.00000000,0.00000000,17.01133651,0.00000000,0.00000000,0.00000000,0.00000000,-3.08498430,0.00000000,0.08333333,0.000000000,0.000000000
226,19,10,75,0.00000000,3428.45284390,0.00070021,0.00000000,0.00000000,0.00000000,0.00000000,0.00000000,0.05000000,0.0378874485,0.00000000,0.00000000,16.99941202,0.00000000,0.00000000,0.00000000,0.00000000,-3.08498430,0.00000000,0.08333333,0.000000000,0.000000000
227,19,11,75,0.00000000,3426.05221875,0.00069944,0.00000000,0.00000000,0.00000000,0.00000000,0.00000000,0.05000000,0.0378609485,0.00000000,0.00000000,16.98750892,0.00000000,0.00000000,0.00000000,0.00000000,-3.08498430,0.00000000,0.08333333,0.000000000,0.000000000
228,19,12,75,0.00000000,3423.65589909,0.00069868,0.00000000,0.00000000,0.01500000,0.00000000,0.00000000,0.05000000,0.0378344960,0.00000000,0.00000000,16.97562717,0.00000000,0.00000000,0.00000000,0.00000000,-3.08498430,0.00000000,0.08333333,0.000000000,0.000000000
229,20,1,76,0.00000000,3421.26387536,0.00078531,0.00000000,0.00000000,0.00000000,0.01890000,0.00000000,0.05000000,0.0378047843,0.00000000,0.00000000,16.96376672,0.00000000,0.00000000,0.00000000,0.00000000,-3.08498430,0.00000000,0.08333333,0.000000000,0.000000000
230,20,2,76,0.00000000,3418.57713944,0.00078445,0.00000000,0.00000000,0.00000000,0.00000000,0.00000000,0.05000000,0.0377751285,0.00000000,0.00000000,16.95044498,0.00000000,0.00000000,0.00000000,0.00000000,-3.08498430,0.00000000,0.08333333,0.000000000,0.000000000
231,20,3,76,0.00000000,3415.89545192,0.00078359,0.00000000,0.00000000,0.00000000,0.00000000,0.00000000,0.05000000,0.0377455284,0.00000000,0.00000000,16.93714828,0.00000000,0.00000000,0.00000000,0.00000000,-3.08498430,0.00000000,0.08333333,0.000000000,0.000000000
232,20,4,76,0.00000000,3413.21880099,0.00078273,0.00000000,0.00000000,0.00000000,0.00000000,0.00000000,0.05000000,0.0377159839,0.00000000,0.00000000,16.92387655,0.00000000,0.00000000,0.00000000,0.00000000,-3.08498430,0.00000000,0.08333333,0.000000000,0.000000000
233,20,5,76,0.00000000,3410.54717488,0.00078187,0.00000000,0.00000000,0.00000000,0.00000000,0.00000000,0.05000000,0.0376864948,0.00000000,0.00000000,16.91062974,0.00000000,0.00000000,0.00000000,0.00000000,-3.08498430,0.00000000,0.08333333,0.000000000,0.000000000
234,20,6,76,0.00000000,3407.88056185,0.00078102,0.00000000,0.00000000,0.00000000,0.00000000,0.00000000,0.05000000,0.0376570610,0.00000000,0.00000000,16.89740779,0.00000000,0.00000000,0.00000000,0.00000000,-3.08498430,0.00000000,0.08333333,0.000000000,0.000000000
235,20,7,76,0.00000000,3405.21895021,0.00078016,0.00000000,0.00000000,0.00000000,0.00000000,0.00000000,0.05000000,0.0376276824,0.00000000,0.00000000,16.88421063,0.00000000,0.00000000,0.00000000,0.00000000,-3.08498430,0.00000000,0.08333333,0.000000000,0.000000000
236,20,8,76,0.00000000,3402.56232828,0.00077931,0.00000000,0.00000000,0.00000000,0.00000000,0.00000000,0.05000000,0.0375983589,0.00000000,0.00000000,16.87103821,0.00000000,0.00000000,0.00000000,0.00000000,-3.08498430,0.00000000,0.08333333,0.000000000,0.000000000
237,20,9,76,0.00000000,3399.91068443,0.00077845,0.00000000,0.00000000,0.00000000,0.00000000,0.00000000,0.05000000,0.0375690903,0.00000000,0.00000000,16.85789048,0.00000000,0.00000000,0.00000000,0.00000000,-3.08498430,0.00000000,0.08333333,0.000000000,0.000000000
238,20,10,76,0.00000000,3397.26400705,0.00077760,0.00000000,0.00000000,0.00000000,0.00000000,0.00000000,0.05000000,0.0375398764,0.00000000,0.00000000,16.84476737,0.00000000,0.00000000,0.00000000,0.00000000,-3.08498430,0.00000000,0.08333333,0.000000000,0.000000000
239,20,11,76,0.00000000,3394.62228458,0.00077675,0.00000000,0.00000000,0.00000000,0.00000000,0.00000000,0.05000000,0.0375107173,0.00000000,0.00000000,16.83166883,0.00000000,0.00000000,0.00000000,0.00000000,-3.08498430,0.00000000,0.08333333,0.000000000,0.000000000
240,20,12,76,0.00000000,3391.98550547,0.00077590,0.00000000,0.00000000,0.01500000,0.00000000,0.00000000,0.05000000,0.0374816126,0.00000000,0.00000000,16.81859480,0.00000000,0.00000000,0.00000000,0.00000000,-3.08498430,0.00000000,0.08333333,0.000000000,0.000000000
241,21,1,77,0.00000000,3389.35365822,0.00087552,0.00000000,0.00000000,0.00000000,0.01890000,0.00000000,0.05000000,0.0374487967,0.00000000,0.00000000,16.80554522,0.00000000,0.00000000,0.00000000,0.00000000,-3.08498430,0.00000000,0.08333333,0.000000000,0.000000000
242,21,2,77,0.00000000,3386.38620854,0.00087456,0.00000000,0.00000000,0.00000000,0.00000000,0.00000000,0.05000000,0.0374160454,0.00000000,0.00000000,16.79083162,0.00000000,0.00000000,0.00000000,0.00000000,-3.08498430,0.00000000,0.08333333,0.000000000,0.000000000
243,21,3,77,0.00000000,3383.42460375,0.00087360,0.00000000,0.00000000,0.00000000,0.00000000,0.00000000,0.05000000,0.0373833586,0.00000000,0.00000000,16.77614699,0.00000000,0.00000000,0.00000000,0.00000000,-3.08498430,0.00000000,0.08333333,0.000000000,0.000000000
244,21,4,77,0.00000000,3380.46882947,0.00087265,0.00000000,0.00000000,0.00000000,0.00000000,0.00000000,0.05000000,0.0373507361,0.00000000,0.00000000,16.76149128,0.00000000,0.00000000,0.00000000,0.00000000,-3.08498430,0.00000000,0.08333333,0.000000000,0.000000000
245,21,5,77,0.00000000,3377.51887140,0.00087169,0.00000000,0.00000000,0.00000000,0.00000000,0.00000000,0.05000000,0.0373181777,0.00000000,0.00000000,16.74686440,0.00000000,0.00000000,0.00000000,0.00000000,-3.08498430,0.00000000,0.08333333,0.000000000,0.000000000
246,21,6,77,0.00000000,3374.57471524,0.00087074,0.00000000,0.00000000,0.00000000,0.00000000,0.00000000,0.05000000,0.0372856834,0.00000000,0.00000000,16.73226630,0.00000000,0.00000000,0.00000000,0.00000000,-3.08498430,0.00000000,0.08333333,0.000000000,0.000000000
247,21,7,77,0.00000000,3371.63634676,0.00086978,0.00000000,0.00000000,0.00000000,0.00000000,0.00000000,0.05000000,0.0372532529,0.00000000,0.00000000,16.71769689,0.00000000,0.00000000,0.00000000,0.00000000,-3.08498430,0.00000000,0.08333333,0.000000000,0.000000000
248,21,8,77,0.00000000,3368.70375176,0.00086883,0.00000000,0.00000000,0.00000000,0.00000000,0.00000000,0.05000000,0.0372208861,0.00000000,0.00000000,16.70315610,0.00000000,0.00000000,0.00000000,0.00000000,-3.08498430,0.00000000,0.08333333,0.000000000,0.000000000
249,21,9,77,0.00000000,3365.77691609,0.00086788,0.00000000,0.00000000,0.00000000,0.00000000,0.00000000,0.05000000,0.0371885829,0.00000000,0.00000000,16.68864388,0.00000000,0.00000000,0.00000000,0.00000000,-3.08498430,0.00000000,0.08333333,0.000000000,0.000000000
250,21,10,77,0.00000000,3362.85582563,0.00086693,0.00000000,0.00000000,0.00000000,0.00000000,0.00000000,0.05000000,0.0371563430,0.00000000,0.00000000,16.67416014,0.00000000,0.00000000,0.00000000,0.00000000,-3.08498430,0.00000000,0.08333333,0.000000000,0.000000000
251,21,11,77,0.00000000,3359.94046631,0.00086598,0.00000000,0.00000000,0.00000000,0.00000000,0.00000000,0.05000000,0.0371241663,0.00000000,0.00000000,16.65970481,0.00000000,0.00000000,0.00000000,0.00000000,-3.08498430,0.00000000,0.08333333,0.000000000,0.000000000
252,21,12,77,0.00000000,3357.03082412,0.00086503,0.00000000,0.00000000,0.01500000,0.00000000,0.00000000,0.05000000,0.0370920527,0.00000000,0.00000000,16.64527784,0.00000000,0.00000000,0.00000000,0.00000000,-3.08498430,0.00000000,0.08333333,0.000000000,0.000000000
253,22,1,78,0.00000000,3354.12688505,0.00098032,0.00000000,0.00000000,0.00000000,0.01890000,0.00000000,0.05000000,0.0370556907,0.00000000,0.00000000,16.63087914,0.00000000,0.00000000,0.00000000,0.00000000,-3.08498430,0.00000000,0.08333333,0.000000000,0.000000000
254,22,2,78,0.00000000,3350.83877468,0.00097924,0.00000000,0.00000000,0.00000000,0.00000000,0.00000000,0.05000000,0.0370194042,0.00000000,0.00000000,16.61457559,0.00000000,0.00000000,0.00000000,0.00000000,-3.08498430,0.00000000,0.08333333,0.000000000,0.000000000
255,22,3,78,0.00000000,3347.55748708,0.00097817,0.00000000,0.00000000,0.00000000,0.00000000,0.00000000,0.05000000,0.0369831929,0.00000000,0.00000000,16.59830587,0.00000000,0.00000000,0.00000000,0.00000000,-3.08498430,0.00000000,0.08333333,0.000000000,0.000000000
256,22,4,78,0.00000000,3344.28300455,0.00097710,0.00000000,0.00000000,0.00000000,0.00000000,0.00000000,0.05000000,0.0369470566,0.00000000,0.00000000,16.58206990,0.00000000,0.00000000,0.00000000,0.00000000,-3.08498430,0.00000000,0.08333333,0.000000000,0.000000000
257,22,5,78,0.00000000,3341.01530944,0.00097603,0.00000000,0.00000000,0.00000000,0.00000000,0.00000000,0.05000000,0.0369109953,0.00000000,0.00000000,16.56586758,0.00000000,0.00000000,0.00000000,0.00000000,-3.08498430,0.00000000,0.08333333,0.000000000,0.000000000
258,22,6,78,0.00000000,3337.75438417,0.00097496,0.00000000,0.00000000,0.00000000,0.00000000,0.00000000,0.05000000,0.0368750086,0.00000000,0.00000000,16.54969882,0.00000000,0.00000000,0.00000000,0.00000000,-3.08498430,0.00000000,0.08333333,0.000000000,0.000000000
259,22,7,78,0.00000000,3334.50021119,0.00097389,0.00000000,0.00000000,0.00000000,0.00000000,0.00000000,0.05000000,0.0368390964,0.00000000,0.00000000,16.53356355,0.00000000,0.00000000,0.00000000,0.00000000,-3.08498430,0.00000000,0.08333333,0.000000000,0.000000000
260,22,8,78,0.00000000,3331.25277304,0.00097282,0.00000000,0.00000000,0.00000000,0.00000000,0.00000000,0.05000000,0.0368032584,0.00000000,0.00000000,16.51746167,0.00000000,0.00000000,0.00000000,0.00000000,-3.08498430,0.00000000,0.08333333,0.000000000,0.000000000
261,22,9,78,0.00000000,3328.01205228,0.00097176,0.00000000,0.00000000,0.00000000,0.00000000,0.00000000,0.05000000,0.0367674946,0.00000000,0.00000000,16.50139309,0.00000000,0.00000000,0.00000000,0.00000000,-3.08498430,0.00000000,0.08333333,0.000000000,0.000000000
262,22,10,78,0.00000000,3324.77803154,0.00097069,0.00000000,0.00000000,0.00000000,0.00000000,0.00000000,0.05000000,0.0367318046,0.00000000,0.00000000,16.48535774,0.00000000,0.00000000,0.00000000,0.00000000,-3.08498430,0.00000000,0.08333333,0.000000000,0.000000000
263,22,11,78,0.00000000,3321.55069352,0.00096963,0.00000000,0.00000000,0.00000000,0.00000000,0.00000000,0.05000000,0.0366961884,0.00000000,0.00000000,16.46935552,0.00000000,0.00000000,0.00000000,0.00000000,-3.08498430,0.00000000,0.08333333,0.000000000,0.000000000
264,22,12,78,0.00000000,3318.33002094,0.00096857,0.00000000,0.00000000,0.01500000,0.00000000,0.00000000,0.05000000,0.0366606457,0.00000000,0.00000000,16.45338635,0.00000000,0.00000000,0.00000000,0.00000000,-3.08498430,0.00000000,0.08333333,0.000000000,0.000000000
265,23,1,79,0.00000000,3315.11599661,0.00110358,0.00000000,0.00000000,0.00000000,0.01890000,0.00000000,0.05000000,0.0366201879,0.00000000,0.00000000,16.43745015,0.00000000,0.00000000,0.00000000,0.00000000,-3.08498430,0.00000000,0.08333333,0.000000000,0.000000000
266,23,2,79,0.00000000,3311.45751691,0.00110237,0.00000000,0.00000000,0.00000000,0.00000000,0.00000000,0.05000000,0.0365798191,0.00000000,0.00000000,16.41931019,0.00000000,0.00000000,0.00000000,0.00000000,-3.08498430,0.00000000,0.08333333,0.000000000,0.000000000
267,23,3,79,0.00000000,3307.80708164,0.00110116,0.00000000,0.00000000,0.00000000,0.00000000,0.00000000,0.05000000,0.0365395390,0.00000000,0.00000000,16.40121011,0.00000000,0.00000000,0.00000000,0.00000000,-3.08498430,0.00000000,0.08333333,0.000000000,0.000000000
268,23,4,79,0.00000000,3304.16466869,0.00109995,0.00000000,0.00000000,0.00000000,0.00000000,0.00000000,0.05000000,0.0364993474,0.00000000,0.00000000,16.38314982,0.00000000,0.00000000,0.00000000,0.00000000,-3.08498430,0.00000000,0.08333333,0.000000000,0.000000000
269,23,5,79,0.00000000,3300.53025599,0.00109874,0.00000000,0.00000000,0.00000000,0.00000000,0.00000000,0.05000000,0.0364592440,0.00000000,0.00000000,16.36512919,0.00000000,0.00000000,0.00000000,0.00000000,-3.08498430,0.00000000,0.08333333,0.000000000,0.000000000
270,23,6,79,0.00000000,3296.90382156,0.00109754,0.00000000,0.00000000,0.00000000,0.00000000,0.00000000,0.05000000,0.0364192285,0.00000000,0.00000000,16.34714812,0.00000000,0.00000000,0.00000000,0.00000000,-3.08498430,0.00000000,0.08333333,0.000000000,0.000000000
271,23,7,79,0.00000000,3293.28534349,0.00109633,0.00000000,0.00000000,0.00000000,0.00000000,0.00000000,0.05000000,0.0363793009,0.00000000,0.00000000,16.32920649,0.00000000,0.00000000,0.00000000,0.00000000,-3.08498430,0.00000000,0.08333333,0.000000000,0.000000000
272,23,8,79,0.00000000,3289.67479996,0.00109513,0.00000000,0.00000000,0.00000000,0.00000000,0.00000000,0.05000000,0.0363394607,0.00000000,0.00000000,16.31130422,0.00000000,0.00000000,0.00000000,0.00000000,-3.08498430,0.00000000,0.08333333,0.000000000,0.000000000
273,23,9,79,0.00000000,3286.07216918,0.00109393,0.00000000,0.00000000,0.00000000,0.00000000,0.00000000,0.05000000,0.0362997078,0.00000000,0.00000000,16.29344117,0.00000000,0.00000000,0.00000000,0.00000000,-3.08498430,0.00000000,0.08333333,0.000000000,0.000000000
274,23,10,79,0.00000000,3282.47742947,0.00109273,0.00000000,0.00000000,0.00000000,0.00000000,0.00000000,0.05000000,0.0362600419,0.00000000,0.00000000,16.27561725,0.00000000,0.00000000,0.00000000,0.00000000,-3.08498430,0.00000000,0.08333333,0.000000000,0.000000000
275,23,11,79,0.00000000,3278.89055921,0.00109153,0.00000000,0.00000000,0.00000000,0.00000000,0.00000000,0.05000000,0.0362204628,0.00000000,0.00000000,16.25783236,0.00000000,0.00000000,0.00000000,0.00000000,-3.08498430,0.00000000,0.08333333,0.000000000,0.000000000
276,23,12,79,0.00000000,3275.31153685,0.00109034,0.00000000,0.00000000,0.01500000,0.00000000,0.00000000,0.05000000,0.0361809703,0.00000000,0.00000000,16.24008637,0.00000000,0.00000000,0.00000000,0.00000000,-3.08498430,0.00000000,0.08333333,0.000000000,0.000000000
277,24,1,80,0.00000000,3271.74034090,0.00125077,0.00000000,0.00000000,0.00000000,0.01890000,0.00000000,0.05000000,0.0361357161,0.00000000,0.00000000,16.22237919,0.00000000,0.00000000,0.00000000,0.00000000,-3.08498430,0.00000000,0.08333333,0.000000000,0.000000000
278,24,2,80,0.00000000,3267.64813426,0.00124940,0.00000000,0.00000000,0.00000000,0.00000000,0.00000000,0.05000000,0.0360905681,0.00000000,0.00000000,16.20208867,0.00000000,0.00000000,0.00000000,0.00000000,-3.08498430,0.00000000,0.08333333,0.000000000,0.000000000
279,24,3,80,0.00000000,3263.56553110,0.00124803,0.00000000,0.00000000,0.00000000,0.00000000,0.00000000,0.05000000,0.0360455260,0.00000000,0.00000000,16.18184576,0.00000000,0.00000000,0.00000000,0.00000000,-3.08498430,0.00000000,0.08333333,0.000000000,0.000000000
280,24,4,80,0.00000000,3259.49250325,0.00124666,0.00000000,0.00000000,0.00000000,0.00000000,0.00000000,0.05000000,0.0360005895,0.00000000,0.00000000,16.16165033,0.00000000,0.00000000,0.00000000,0.00000000,-3.08498430,0.00000000,0.08333333,0.000000000,0.000000000
281,24,5,80,0.00000000,3255.42902265,0.00124529,0.00000000,0.00000000,0.00000000,0.00000000,0.00000000,0.05000000,0.0359557582,0.00000000,0.00000000,16.14150224,0.00000000,0.00000000,0.00000000,0.00000000,-3.08498430,0.00000000,0.08333333,0.000000000,0.000000000
282,24,6,80,0.00000000,3251.37506132,0.00124393,0.00000000,0.00000000,0.00000000,0.00000000,0.00000000,0.05000000,0.0359110319,0.00000000,0.00000000,16.12140135,0.00000000,0.00000000,0.00000000,0.00000000,-3.08498430,0.00000000,0.08333333,0.000000000,0.000000000
283,24,7,80,0.00000000,3247.33059138,0.00124256,0.00000000,0.00000000,0.00000000,0.00000000,0.00000000,0.05000000,0.0358664102,0.00000000,0.00000000,16.10134752,0.00000000,0.00000000,0.00000000,0.00000000,-3.08498430,0.00000000,0.08333333,0.000000000,0.000000000
284,24,8,80,0.00000000,3243.29558507,0.00124120,0.00000000,0.00000000,0.00000000,0.00000000,0.00000000,0.05000000,0.0358218929,0.00000000,0.00000000,16.08134061,0.00000000,0.00000000,0.00000000,0.00000000,-3.08498430,0.00000000,0.08333333,0.000000000,0.000000000
285,24,9,80,0.00000000,3239.27001470,0.00123984,0.00000000,0.00000000,0.00000000,0.00000000,0.00000000,0.05000000,0.0357774797,0.00000000,0.00000000,16.06138049,0.00000000,0.00000000,0.00000000,0.00000000,-3.08498430,0.00000000,0.08333333,0.000000000,0.000000000
286,24,10,80,0.00000000,3235.25385269,0.00123848,0.00000000,0.00000000,0.00000000,0.00000000,0.00000000,0.05000000,0.0357331702,0.00000000,0.00000000,16.04146702,0.00000000,0.00000000,0.00000000,0.00000000,-3.08498430,0.00000000,0.08333333,0.000000000,0.000000000
287,24,11,80,0.00000000,3231.24707156,0.00123712,0.00000000,0.00000000,0.00000000,0.00000000,0.00000000,0.05000000,0.0356889641,0.00000000,0.00000000,16.02160006,0.00000000,0.00000000,0.00000000,0.00000000,-3.08498430,0.00000000,0.08333333,0.000000000,0.000000000
288,24,12,80,0.00000000,3227.24964391,0.00123576,0.00000000,0.00000000,0.01500000,0.00000000,0.00000000,0.05000000,0.0356448611,0.00000000,0.00000000,16.00177948,0.00000000,0.00000000,0.00000000,0.00000000,-3.08498430,0.00000000,0.08333333,0.000000000,0.000000000
289,25,1,81,0.00000000,3223.26154245,0.00148850,0.00000000,0.00000000,0.00000000,0.01890000,0.00000000,0.05000000,0.0355918039,0.00000000,0.00000000,15.98200515,0.00000000,0.00000000,0.00000000,0.00000000,-3.08498430,0.00000000,0.08333333,0.000000000,0.000000000
290,25,2,81,0.00000000,3218.46372517,0.00148699,0.00000000,0.00000000,0.00000000,0.00000000,0.00000000,0.05000000,0.0355388792,0.00000000,0.00000000,15.95821597,0.00000000,0.00000000,0.00000000,0.00000000,-3.08498430,0.00000000,0.08333333,0.000000000,0.000000000
291,25,3,81,0.00000000,3213.67790632,0.00148548,0.00000000,0.00000000,0.00000000,0.00000000,0.00000000,0.05000000,0.0354860869,0.00000000,0.00000000,15.93448629,0.00000000,0.00000000,0.00000000,0.00000000,-3.08498430,0.00000000,0.08333333,0.000000000,0.000000000
292,25,4,81,0.00000000,3208.90404863,0.00148398,0.00000000,0.00000000,0.00000000,0.00000000,0.00000000,0.05000000,0.0354334264,0.00000000,0.00000000,15.91081591,0.00000000,0.00000000,0.00000000,0.00000000,-3.08498430,0.00000000,0.08333333,0.000000000,0.000000000
293,25,5,81,0.00000000,3204.14211498,0.00148247,0.00000000,0.00000000,0.00000000,0.00000000,0.00000000,0.05000000,0.0353808974,0.00000000,0.00000000,15.88720465,0.00000000,0.00000000,0.00000000,0.00000000,-3.08498430,0.00000000,0.08333333,0.000000000,0.000000000
294,25,6,81,0.00000000,3199.39206837,0.00148097,0.00000000,0.00000000,0.00000000,0.00000000,0.00000000,0.05000000,0.0353284995,0.00000000,0.00000000,15.86365234,0.00000000,0.00000000,0.00000000,0.00000000,-3.08498430,0.00000000,0.08333333,0.000000000,0.000000000
295,25,7,81,0.00000000,3194.65387196,0.00147947,0.00000000,0.00000000,0.00000000,0.00000000,0.00000000,0.05000000,0.0352762321,0.00000000,0.00000000,15.84015878,0.00000000,0.00000000,0.00000000,0.00000000,-3.08498430,0.00000000,0.08333333,0.000000000,0.000000000
296,25,8,81,0.00000000,3189.92748903,0.00147797,0.00000000,0.00000000,0.00000000,0.00000000,0.00000000,0.05000000,0.0352240950,0.00000000,0.00000000,15.81672380,0.00000000,0.00000000,0.00000000,0.00000000,-3.08498430,0.00000000,0.08333333,0.000000000,0.000000000
297,25,9,81,0.00000000,3185.21288299,0.00147647,0.00000000,0.00000000,0.00000000,0.00000000,0.00000000,0.05000000,0.0351720878,0.00000000,0.00000000,15.79334721,0.00000000,0.00000000,0.00000000,0.00000000,-3.08498430,0.00000000,0.08333333,0.000000000,0.000000000
298,25,10,81,0.00000000,3180.51001741,0.00147497,0.00000000,0.00000000,0.00000000,0.00000000,0.00000000,0.05000000,0.0351202100,0.00000000,0.00000000,15.77002884,0.00000000,0.00000000,0.00000000,0.00000000,-3.08498430,0.00000000,0.08333333,0.000000000,0.000000000
299,25,11,81,0.00000000,3175.81885595,0.00147348,0.00000000,0.00000000,0.00000000,0.00000000,0.00000000,0.05000000,0.0350684612,0.00000000,0.00000000,15.74676849,0.00000000,0.00000000,0.00000000,0.00000000,-3.08498430,0.00000000,0.08333333,0.000000000,0.000000000
300,25,12,81,0.00000000,3171.13936245,0.00147198,0.00000000,0.00000000,0.01500000,0.00000000,0.00000000,0.05000000,0.0350168410,0.00000000,0.00000000,15.72356601,0.00000000,0.00000000,0.00000000,0.00000000,-3.08498430,0.00000000,0.08333333,0.000000000,0.000000000
301,26,1,82,0.00000000,3166.47150085,0.00171404,0.00000000,0.00000000,0.00000000,0.01890000,0.00000000,0.05000000,0.0349568207,0.00000000,0.00000000,15.70042119,0.00000000,0.00000000,0.00000000,0.00000000,-3.08498430,0.00000000,0.08333333,0.000000000,0.000000000
302,26,2,82,0.00000000,3161.04403965,0.00171230,0.00000000,0.00000000,0.00000000,0.00000000,0.00000000,0.05000000,0.0348969641,0.00000000,0.00000000,15.67351003,0.00000000,0.00000000,0.00000000,0.00000000,-3.08498430,0.00000000,0.08333333,0.000000000,0.000000000
303,26,3,82,0.00000000,3155.63138123,0.00171056,0.00000000,0.00000000,0.00000000,0.00000000,0.00000000,0.05000000,0.0348372707,0.00000000,0.00000000,15.64667227,0.00000000,0.00000000,0.00000000,0.00000000,-3.08498430,0.00000000,0.08333333,0.000000000,0.000000000
304,26,4,82,0.00000000,3150.23347574,0.00170883,0.00000000,0.00000000,0.00000000,0.00000000,0.00000000,0.05000000,0.0347777398,0.00000000,0.00000000,15.61990765,0.00000000,0.00000000,0.00000000,0.00000000,-3.08498430,0.00000000,0.08333333,0.000000000,0.000000000
305,26,5,82,0.00000000,3144.85027355,0.00170709,0.00000000,0.00000000,0.00000000,0.00000000,0.00000000,0.05000000,0.0347183710,0.00000000,0.00000000,15.59321594,0.00000000,0.00000000,0.00000000,0.00000000,-3.08498430,0.00000000,0.08333333,0.000000000,0.000000000
306,26,6,82,0.00000000,3139.48172523,0.00170536,0.00000000,0.00000000,0.00000000,0.00000000,0.00000000,0.05000000,0.0346591637,0.00000000,0.00000000,15.56659689,0.00000000,0.00000000,0.00000000,0.00000000,-3.08498430,0.00000000,0.08333333,0.000000000,0.000000000
307,26,7,82,0.00000000,3134.12778152,0.00170363,0.00000000,0.00000000,0.00000000,0.00000000,0.00000000,0.05000000,0.0346001174,0.00000000,0.00000000,15.54005025,0.00000000,0.00000000,0.00000000,0.00000000,-3.08498430,0.00000000,0.08333333,0.000000000,0.000000000
308,26,8,82,0.00000000,3128.78839338,0.00170190,0.00000000,0.00000000,0.00000000,0.00000000,0.00000000,0.05000000,0.0345412315,0.00000000,0.00000000,15.51357578,0.00000000,0.00000000,0.00000000,0.00000000,-3.08498430,0.00000000,0.08333333,0.000000000,0.000000000
309,26,9,82,0.00000000,3123.46351195,0.00170017,0.00000000,0.00000000,0.00000000,0.00000000,0.00000000,0.05000000,0.0344825055,0.00000000,0.00000000,15.48717325,0.00000000,0.00000000,0.00000000,0.00000000,-3.08498430,0.00000000,0.08333333,0.000000000,0.000000000
310,26,10,82,0.00000000,3118.15308856,0.00169845,0.00000000,0.00000000,0.00000000,0.00000000,0.00000000,0.05000000,0.0344239388,0.00000000,0.00000000,15.46084240,0.00000000,0.00000000,0.00000000,0.00000000,-3.08498430,0.00000000,0.08333333,0.000000000,0.000000000
311,26,11,82,0.00000000,3112.85707475,0.00169672,0.00000000,0.00000000,0.00000000,0.00000000,0.00000000,0.05000000,0.0343655310,0.00000000,0.00000000,15.43458300,0.00000000,0.00000000,0.00000000,0.00000000,-3.08498430,0.00000000,0.08333333,0.000000000,0.000000000
312,26,12,82,0.00000000,3107.57542223,0.00169500,0.00000000,0.00000000,0.01500000,0.00000000,0.00000000,0.05000000,0.0343072814,0.00000000,0.00000000,15.40839480,0.00000000,0.00000000,0.00000000,0.00000000,-3.08498430,0.00000000,0.08333333,0.000000000,0.000000000
313,27,1,83,0.00000000,3102.30808291,0.00205701,0.00000000,0.00000000,0.00000000,0.01890000,0.00000000,0.05000000,0.0342367110,0.00000000,0.00000000,15.38227758,0.00000000,0.00000000,0.00000000,0.00000000,-3.08498430,0.00000000,0.08333333,0.000000000,0.000000000
314,27,2,83,0.00000000,3095.92660560,0.00205509,0.00000000,0.00000000,0.00000000,0.00000000,0.00000000,0.05000000,0.0341663514,0.00000000,0.00000000,15.35063609,0.00000000,0.00000000,0.00000000,0.00000000,-3.08498430,0.00000000,0.08333333,0.000000000,0.000000000
315,27,3,83,0.00000000,3089.56418925,0.00205318,0.00000000,0.00000000,0.00000000,0.00000000,0.00000000,0.05000000,0.0340962018,0.00000000,0.00000000,15.31908911,0.00000000,0.00000000,0.00000000,0.00000000,-3.08498430,0.00000000,0.08333333,0.000000000,0.000000000
316,27,4,83,0.00000000,3083.22076469,0.00205126,0.00000000,0.00000000,0.00000000,0.00000000,0.00000000,0.05000000,0.0340262615,0.00000000,0.00000000,15.28763629,0.00000000,0.00000000,0.00000000,0.00000000,-3.08498430,0.00000000,0.08333333,0.000000000,0.000000000
317,27,5,83,0.00000000,3076.89626303,0.00204935,0.00000000,0.00000000,0.00000000,0.00000000,0.00000000,0.05000000,0.0339565296,0.00000000,0.00000000,15.25627730,0.00000000,0.00000000,0.00000000,0.00000000,-3.08498430,0.00000000,0.08333333,0.000000000,0.000000000
318,27,6,83,0.00000000,3070.59061567,0.00204744,0.00000000,0.00000000,0.00000000,0.00000000,0.00000000,0.05000000,0.0338870056,0.00000000,0.00000000,15.22501180,0.00000000,0.00000000,0.00000000,0.00000000,-3.08498430,0.00000000,0.08333333,0.000000000,0.000000000
319,27,7,83,0.00000000,3064.30375429,0.00204554,0.00000000,0.00000000,0.00000000,0.00000000,0.00000000,0.05000000,0.0338176885,0.00000000,0.00000000,15.19383945,0.00000000,0.00000000,0.00000000,0.00000000,-3.08498430,0.00000000,0.08333333,0.000000000,0.000000000
320,27,8,83,0.00000000,3058.03561088,0.00204363,0.00000000,0.00000000,0.00000000,0.00000000,0.00000000,0.05000000,0.0337485776,0.00000000,0.00000000,15.16275990,0.00000000,0.00000000,0.00000000,0.00000000,-3.08498430,0.00000000,0.08333333,0.000000000,0.000000000
321,27,9,83,0.00000000,3051.78611770,0.00204173,0.00000000,0.00000000,0.00000000,0.00000000,0.00000000,0.05000000,0.0336796723,0.00000000,0.00000000,15.13177283,0.00000000,0.00000000,0.00000000,0.00000000,-3.08498430,0.00000000,0.08333333,0.000000000,0.000000000
322,27,10,83,0.00000000,3045.55520730,0.00203982,0.00000000,0.00000000,0.00000000,0.00000000,0.00000000,0.05000000,0.0336109717,0.00000000,0.00000000,15.10087790,0.00000000,0.00000000,0.00000000,0.00000000,-3.08498430,0.00000000,0.08333333,0.000000000,0.000000000
323,27,11,83,0.00000000,3039.34281249,0.00203792,0.00000000,0.00000000,0.00000000,0.00000000,0.00000000,0.05000000,0.0335424751,0.00000000,0.00000000,15.07007478,0.00000000,0.00000000,0.00000000,0.00000000,-3.08498430,0.00000000,0.08333333,0.000000000,0.000000000
324,27,12,83,0.00000000,3033.14886640,0.00203602,0.00000000,0.00000000,0.01500000,0.00000000,0.00000000,0.05000000,0.0334741819,0.00000000,0.00000000,15.03936313,0.00000000,0.00000000,0.00000000,0.00000000,-3.08498430,0.00000000,0.08333333,0.000000000,0.000000000
325,28,1,84,0.00000000,3026.97330242,0.00247203,0.00000000,0.00000000,0.00000000,0.01890000,0.00000000,0.05000000,0.0333914327,0.00000000,0.00000000,15.00874262,0.00000000,0.00000000,0.00000000,0.00000000,-3.08498430,0.00000000,0.08333333,0.000000000,0.000000000
326,28,2,84,0.00000000,3019.49053935,0.00246993,0.00000000,0.00000000,0.00000000,0.00000000,0.00000000,0.05000000,0.0333089582,0.00000000,0.00000000,14.97164059,0.00000000,0.00000000,0.00000000,0.00000000,-3.08498430,0.00000000,0.08333333,0.000000000,0.000000000
327,28,3,84,0.00000000,3012.03260860,0.00246783,0.00000000,0.00000000,0.00000000,0.00000000,0.00000000,0.05000000,0.0332267573,0.00000000,0.00000000,14.93466168,0.00000000,0.00000000,0.00000000,0.00000000,-3.08498430,0.00000000,0.08333333,0.000000000,0.000000000
328,28,4,84,0.00000000,3004.59941206,0.00246574,0.00000000,0.00000000,0.00000000,0.00000000,0.00000000,0.05000000,0.0331448287,0.00000000,0.00000000,14.89780542,0.00000000,0.00000000,0.00000000,0.00000000,-3.08498430,0.00000000,0.08333333,0.000000000,0.000000000
329,28,5,84,0.00000000,2997.19085205,0.00246365,0.00000000,0.00000000,0.00000000,0.00000000,0.00000000,0.05000000,0.0330631716,0.00000000,0.00000000,14.86107131,0.00000000,0.00000000,0.00000000,0.00000000,-3.08498430,0.00000000,0.08333333,0.000000000,0.000000000
330,28,6,84,0.00000000,2989.80683135,0.00246156,0.00000000,0.00000000,0.00000000,0.00000000,0.00000000,0.05000000,0.0329817847,0.00000000,0.00000000,14.82445887,0.00000000,0.00000000,0.00000000,0.00000000,-3.08498430,0.00000000,0.08333333,0.000000000,0.000000000
331,28,7,84,0.00000000,2982.44725316,0.00245947,0.00000000,0.00000000,0.00000000,0.00000000,0.00000000,0.05000000,0.0329006671,0.00000000,0.00000000,14.78796763,0.00000000,0.00000000,0.00000000,0.00000000,-3.08498430,0.00000000,0.08333333,0.000000000,0.000000000
332,28,8,84,0.00000000,2975.11202112,0.00245738,0.00000000,0.00000000,0.00000000,0.00000000,0.00000000,0.05000000,0.0328198176,0.00000000,0.00000000,14.75159710,0.00000000,0.00000000,0.00000000,0.00000000,-3.08498430,0.00000000,0.08333333,0.000000000,0.000000000
333,28,9,84,0.00000000,2967.80103931,0.00245530,0.00000000,0.00000000,0.00000000,0.00000000,0.00000000,0.05000000,0.0327392353,0.00000000,0.00000000,14.71534682,0.00000000,0.00000000,0.00000000,0.00000000,-3.08498430,0.00000000,0.08333333,0.000000000,0.000000000
334,28,10,84,0.00000000,2960.51421226,0.00245321,0.00000000,0.00000000,0.00000000,0.00000000,0.00000000,0.05000000,0.0326589190,0.00000000,0.00000000,14.67921630,0.00000000,0.00000000,0.00000000,0.00000000,-3.08498430,0.00000000,0.08333333,0.000000000,0.000000000
335,28,11,84,0.00000000,2953.25144489,0.00245113,0.00000000,0.00000000,0.00000000,0.00000000,0.00000000,0.05000000,0.0325788678,0.00000000,0.00000000,14.64320508,0.00000000,0.00000000,0.00000000,0.00000000,-3.08498430,0.00000000,0.08333333,0.000000000,0.000000000
336,28,12,84,0.00000000,2946.01264257,0.00244905,0.00000000,0.00000000,0.01500000,0.00000000,0.00000000,0.05000000,0.0324990805,0.00000000,0.00000000,14.60731269,0.00000000,0.00000000,0.00000000,0.00000000,-3.08498430,0.00000000,0.08333333,0.000000000,0.000000000
337,29,1,85,0.00000000,2938.79771111,0.00284608,0.00000000,0.00000000,0.00000000,0.01890000,0.00000000,0.05000000,0.0324065854,0.00000000,0.00000000,14.57153865,0.00000000,0.00000000,0.00000000,0.00000000,-3.08498430,0.00000000,0.08333333,0.000000000,0.000000000
338,29,2,85,0.00000000,2930.43364519,0.00284366,0.00000000,0.00000000,0.00000000,0.00000000,0.00000000,0.05000000,0.0323144319,0.00000000,0.00000000,14.53006682,0.00000000,0.00000000,0.00000000,0.00000000,-3.08498430,0.00000000,0.08333333,0.000000000,0.000000000
339,29,3,85,0.00000000,2922.10047694,0.00284125,0.00000000,0.00000000,0.00000000,0.00000000,0.00000000,0.05000000,0.0322226187,0.00000000,0.00000000,14.48874820,0.00000000,0.00000000,0.00000000,0.00000000,-3.08498430,0.00000000,0.08333333,0.000000000,0.000000000
340,29,4,85,0.00000000,2913.79807198,0.00283883,0.00000000,0.00000000,0.00000000,0.00000000,0.00000000,0.05000000,0.0321311442,0.00000000,0.00000000,14.44758211,0.00000000,0.00000000,0.00000000,0.00000000,-3.08498430,0.00000000,0.08333333,0.000000000,0.000000000
341,29,5,85,0.00000000,2905.52629660,0.00283642,0.00000000,0.00000000,0.00000000,0.00000000,0.00000000,0.05000000,0.0320400069,0.00000000,0.00000000,14.40656789,0.00000000,0.00000000,0.00000000,0.00000000,-3.08498430,0.00000000,0.08333333,0.000000000,0.000000000
342,29,6,85,0.00000000,2897.28501771,0.00283400,0.00000000,0.00000000,0.00000000,0.00000000,0.00000000,0.05000000,0.0319492054,0.00000000,0.00000000,14.36570488,0.00000000,0.00000000,0.00000000,0.00000000,-3.08498430,0.00000000,0.08333333,0.000000000,0.000000000
343,29,7,85,0.00000000,2889.07410293,0.00283159,0.00000000,0.00000000,0.00000000,0.00000000,0.00000000,0.05000000,0.0318587383,0.00000000,0.00000000,14.32499243,0.00000000,0.00000000,0.00000000,0.00000000,-3.08498430,0.00000000,0.08333333,0.000000000,0.000000000
344,29,8,85,0.00000000,2880.89342049,0.00282919,0.00000000,0.00000000,0.00000000,0.00000000,0.00000000,0.05000000,0.0317686040,0.00000000,0.00000000,14.28442988,0.00000000,0.00000000,0.00000000,0.00000000,-3.08498430,0.00000000,0.08333333,0.000000000,0.000000000
345,29,9,85,0.00000000,2872.74283928,0.00282678,0.00000000,0.00000000,0.00000000,0.00000000,0.00000000,0.05000000,0.0316788012,0.00000000,0.00000000,14.24401658,0.00000000,0.00000000,0.00000000,0.00000000,-3.08498430,0.00000000,0.08333333,0.000000000,0.000000000
346,29,10,85,0.00000000,2864.62222886,0.00282438,0.00000000,0.00000000,0.00000000,0.00000000,0.00000000,0.05000000,0.0315893284,0.00000000,0.00000000,14.20375188,0.00000000,0.00000000,0.00000000,0.00000000,-3.08498430,0.00000000,0.08333333,0.000000000,0.000000000
347,29,11,85,0.00000000,2856.53145939,0.00282197,0.00000000,0.00000000,0.00000000,0.00000000,0.00000000,0.05000000,0.0315001841,0.00000000,0.00000000,14.16363515,0.00000000,0.00000000,0.00000000,0.00000000,-3.08498430,0.00000000,0.08333333,0.000000000,0.000000000
348,29,12,85,0.00000000,2848.47040170,0.00281957,0.00000000,0.00000000,0.01500000,0.00000000,0.00000000,0.05000000,0.0314113670,0.00000000,0.00000000,14.12366574,0.00000000,0.00000000,0.00000000,0.00000000,-3.08498430,0.00000000,0.08333333,0.000000000,0.000000000
349,30,1,86,0.00000000,2840.43892724,0.00340482,0.00000000,0.00000000,0.00000000,0.01890000,0.00000000,0.05000000,0.0313044169,0.00000000,0.00000000,14.08384301,0.00000000,0.00000000,0.00000000,0.00000000,-3.08498430,0.00000000,0.08333333,0.000000000,0.000000000
350,30,2,86,0.00000000,2830.76774208,0.00340221,0.00000000,0.00000000,0.00000000,0.00000000,0.00000000,0.05000000,0.0311979128,0.00000000,0.00000000,14.03589005,0.00000000,0.00000000,0.00000000,0.00000000,-3.08498430,0.00000000,0.08333333,0.000000000,0.000000000
351,30,3,86,0.00000000,2821.13688210,0.00339960,0.00000000,0.00000000,0.00000000,0.00000000,0.00000000,0.05000000,0.0310918524,0.00000000,0.00000000,13.98813704,0.00000000,0.00000000,0.00000000,0.00000000,-3.08498430,0.00000000,0.08333333,0.000000000,0.000000000
352,30,4,86,0.00000000,2811.54615392,0.00339699,0.00000000,0.00000000,0.00000000,0.00000000,0.00000000,0.05000000,0.0309862338,0.00000000,0.00000000,13.94058301,0.00000000,0.00000000,0.00000000,0.00000000,-3.08498430,0.00000000,0.08333333,0.000000000,0.000000000
353,30,5,86,0.00000000,2801.99536518,0.00339438,0.00000000,0.00000000,0.00000000,0.00000000,0.00000000,0.05000000,0.0308810547,0.00000000,0.00000000,13.89322702,0.00000000,0.00000000,0.00000000,0.00000000,-3.08498430,0.00000000,0.08333333,0.000000000,0.000000000
354,30,6,86,0.00000000,2792.48432454,0.00339178,0.00000000,0.00000000,0.00000000,0.00000000,0.00000000,0.05000000,0.0307763131,0.00000000,0.00000000,13.84606811,0.00000000,0.00000000,0.00000000,0.00000000,-3.08498430,0.00000000,0.08333333,0.000000000,0.000000000
355,30,7,86,0.00000000,2783.01284172,0.00338917,0.00000000,0.00000000,0.00000000,0.00000000,0.00000000,0.05000000,0.0306720068,0.00000000,0.00000000,13.79910534,0.00000000,0.00000000,0.00000000,0.00000000,-3.08498430,0.00000000,0.08333333,0.000000000,0.000000000
356,30,8,86,0.00000000,2773.58072743,0.00338657,0.00000000,0.00000000,0.00000000,0.00000000,0.00000000,0.05000000,0.0305681338,0.00000000,0.00000000,13.75233777,0.00000000,0.00000000,0.00000000,0.00000000,-3.08498430,0.00000000,0.08333333,0.000000000,0.000000000
357,30,9,86,0.00000000,2764.18779339,0.00338397,0.00000000,0.00000000,0.00000000,0.00000000,0.00000000,0.05000000,0.0304646920,0.00000000,0.00000000,13.70576448,0.00000000,0.00000000,0.00000000,0.00000000,-3.08498430,0.00000000,0.08333333,0.000000000,0.000000000
358,30,10,86,0.00000000,2754.83385234,0.00338138,0.00000000,0.00000000,0.00000000,0.00000000,0.00000000,0.05000000,0.0303616794,0.00000000,0.00000000,13.65938452,0.00000000,0.00000000,0.00000000,0.00000000,-3.08498430,0.00000000,0.08333333,0.000000000,0.000000000
359,30,11,86,0.00000000,2745.51871802,0.00337878,0.00000000,0.00000000,0.00000000,0.00000000,0.00000000,0.05000000,0.0302590938,0.00000000,0.00000000,13.61319698,0.00000000,0.00000000,0.00000000,0.00000000,-3.08498430,0.00000000,0.08333333,0.000000000,0.000000000
360,30,12,86,0.00000000,2736.24220515,0.00337619,0.00000000,0.00000000,0.01500000,0.00000000,0.00000000,0.05000000,0.0301569334,0.00000000,0.00000000,13.56720093,0.00000000,0.00000000,0.00000000,0.00000000,-3.08498430,0.00000000,0.08333333,0.000000000,0.000000000
