Month,BOP_AV,BOP_BB,Lives,Mortality,Lapse,PWD,RiderCharges,SurrCharges,Interest,EOP_AV,Expenses,AgentComm,IMOOverride,WholesalerOverride,BonusComp,Chargebacks,HedgeGains,NetCashflow,Calculated
1,100000000,130000000,806.5731426,47171.86,0,46323.02,0,0,56555.78,99963060.9,20825.64,6785771.95,2562281.97,341637.6,0,4260.03,1127.56,90223337.18,90201375.55
2,99963060.9,129938673.1,806.0033532,47073.5,17610.82,46293.63,0,1741.73,56630.85,99906972.07,20813.95,0,0,0,0,6124.98,1586.74,-104457.63,-124080.18
3,99906972.07,129852326.3,805.4344235,46972.98,17611.57,46258.77,0,1741.8,56695.14,99851082.09,20802.31,0,0,0,0,6116.06,1601.6,-104264.4,-123927.97
4,99851082.09,129766113.2,804.8663513,46872.76,17612.49,46224.04,0,1741.89,56759.55,99795390.46,20790.71,0,0,0,0,6107.15,1616.61,-104071.76,-123776.24
5,99795390.46,129680033.4,804.2991347,46772.85,17613.58,46189.42,0,1742,56824.1,99739896.71,20779.15,0,0,0,0,6098.27,1631.77,-103879.71,-123624.96
6,99739896.71,129594086.7,803.7327713,46673.24,17614.84,46154.92,0,1742.13,56888.77,99684600.35,20767.63,0,0,0,0,6089.41,1647.07,-103688.26,-123474.15
7,99684600.35,129508272.6,803.167259,46573.93,17616.28,46120.54,0,1742.27,56953.57,99629500.89,20756.15,0,0,0,0,3040.28,1662.52,-106537.67,-126364.1
8,99629500.89,129422590.8,802.6025957,46474.93,17617.89,46086.28,0,1742.43,57018.51,99574597.86,20744.71,0,0,0,0,3035.87,1678.12,-106342.97,-126209.82
9,99574597.86,129337041.1,802.0387793,46376.23,17619.68,46052.14,0,1742.61,57083.57,99519890.77,20733.31,0,0,0,0,3031.47,1693.87,-106148.86,-126056.02
10,99519890.77,129251623.1,801.4758076,46277.83,17621.64,46018.12,0,1742.8,57148.76,99465379.14,20721.95,0,0,0,0,3027.08,1709.77,-105955.33,-125902.69
11,99465379.14,129166336.5,800.9136785,46179.73,17623.78,45984.22,0,1743.01,57214.09,99411062.49,20710.64,0,0,0,0,3022.7,1725.82,-105762.38,-125749.85
12,99411062.49,129081181,800.3523898,46052.52,17617.65,45950.44,730731.37,1742.41,57279.54,98626247.64,20547.13,0,0,0,0,3018.33,21379.12,-85752.32,-105770.29
13,98626247.64,138255381.3,799.6286538,52455.49,29898.19,146026.48,0,2795.29,2831773.77,101226846,21088.93,0,0,0,478254.16,0,351350.58,-356607.21,-376372.67
14,101226846,138034346.8,798.940887,52279.58,26421.79,145881.97,0,2470.27,56916.02,101056708.4,21053.48,0,0,0,0,0,3779.86,-221401.26,-241856.96
15,101056708.4,137818882.6,798.2421504,52104.82,27592.79,145739.64,0,2579.75,56916.21,100885607.6,21017.83,0,0,0,0,0,3856.67,-222453.09,-242598.41
16,100885607.6,137602069.9,797.5445393,51930.36,27560.47,145596.73,0,2576.73,56916.4,100714859.7,20982.26,0,0,0,0,0,3891.81,-221891.99,-242178.01
17,100714859.7,137385698.9,796.8480508,51756.52,27528.49,145454.26,0,2573.74,56916.59,100544463.2,20946.76,0,0,0,0,0,3927.27,-221332.55,-241758.76
18,100544463.2,137169768.7,796.1526821,51583.29,27496.87,145312.25,0,2570.78,56916.78,100374416.8,20911.34,0,0,0,0,0,3963.07,-220774.76,-241340.68
19,100374416.8,136954278.1,795.4584302,51410.66,27465.6,145170.68,0,2567.86,56916.98,100204719,20875.98,0,0,0,0,0,3999.21,-220218.62,-240923.71
20,100204719,136739226.1,794.7652924,51238.64,27434.69,145029.56,0,2564.97,56917.17,100035368.3,20840.7,0,0,0,0,0,4035.69,-219664.11,-240507.9
21,100035368.3,136524611.5,794.0732658,51067.22,27404.13,144888.89,0,2562.11,56917.37,99866363.32,20805.49,0,0,0,0,0,4072.5,-219111.22,-240093.23
22,99866363.32,136310433.4,793.3823475,50896.4,27373.93,144748.66,0,2559.29,56917.56,99697702.61,20770.35,0,0,0,0,0,4109.67,-218559.94,-239679.67
23,99697702.61,136096690.5,792.6925347,50726.17,27344.08,144608.87,0,2556.5,56917.76,99529384.74,20735.29,0,0,0,0,0,4147.18,-218010.26,-239267.23
24,99529384.74,135883381.9,792.0038246,50505.38,27289.39,144398.64,805105.96,2551.39,56917.95,98556451.93,20532.59,0,0,0,0,0,25830.88,-195499.75,-216895.12
25,98556451.93,144449220.6,791.082428,57599.88,47100.62,195151.35,0,3874.08,2835973.95,101088700,21060.15,0,0,0,0,0,353593.8,51965.11,32681.8
26,101088700,144131577,790.2147989,57362.09,41696.1,194868.83,0,3429.55,56412.2,100847755.6,21009.95,0,0,0,0,0,5204.17,-289259.15,-309732.8
27,100847755.6,143822919,789.3293288,57126.21,43607.74,194590.57,0,3586.78,56372.5,100605216.8,20959.42,0,0,0,0,0,5318.01,-290997.39,-310965.93
28,100605216.8,143512009.4,788.4454289,56890.69,43525.57,194311.02,0,3580.03,56332.77,100363242.3,20909.01,0,0,0,0,0,5363.37,-290045.94,-310272.92
29,100363242.3,143201906,787.563095,56656.1,43444.11,194032.39,0,3573.33,56293,100121829.3,20858.71,0,0,0,0,0,5409.12,-289097.97,-309582.19
30,100121829.3,142892606.6,786.6823229,56422.46,43363.37,193754.69,0,3566.68,56253.2,99880975.33,20808.54,0,0,0,0,0,5455.28,-288153.47,-308893.78
31,99880975.33,142584108.8,785.8031082,56189.74,43283.33,193477.89,0,3560.1,56213.36,99640677.62,20758.47,0,0,0,0,0,5501.85,-287212.42,-308207.58
32,99640677.62,142276410.4,784.9254467,55957.96,43204,193202.01,0,3553.58,56173.49,99400933.57,20708.53,0,0,0,0,0,5548.83,-286274.78,-307523.67
33,99400933.57,141969509,784.0493343,55727.09,43125.39,192927.05,0,3547.11,56133.58,99161740.51,20658.7,0,0,0,0,0,5596.23,-285340.55,-306842
34,99161740.51,141663402.5,783.1747667,55497.14,43047.5,192652.99,0,3540.7,56093.63,98923095.82,20608.98,0,0,0,0,0,5644.05,-284409.7,-306162.56
35,98923095.82,141358088.5,782.3017396,55268.1,42970.32,192379.83,0,3534.35,56053.65,98684996.87,20559.37,0,0,0,0,0,5692.29,-283482.2,-305485.33
36,98684996.87,141053564.7,781.4302487,54969.79,42841.79,191968.97,850701.65,3523.78,56013.62,97597004.51,20332.71,0,0,0,0,0,28618.06,-259226.38,-281495.2
37,97597004.51,149145529.8,780.2219755,62875.59,73889.7,251054.34,0,5263.7,2814203.36,100018124.5,20837.11,0,0,0,0,0,352863.1,-35159.04,-55793.64
38,100018124.5,148716036.5,779.0949632,62554.83,65448.89,250556.94,0,4662.4,55384.77,99690286.25,20768.81,0,0,0,0,0,6753.39,-369920.78,-392576.08
39,99690286.25,148300964.2,777.9393044,62237.48,68529.02,250069.1,0,4881.82,55295.94,99359864.77,20699.97,0,0,0,0,0,6918.3,-372793.19,-394617.27
40,99359864.77,147882122.9,776.786094,61920.45,68333.64,249578.35,0,4867.9,55207.08,99030371.5,20631.33,0,0,0,0,0,6971.57,-371205.35,-393492.2
41,99030371.5,147464672.8,775.6353249,61604.88,68139.84,249089.51,0,4854.1,55118.19,98701801.37,20562.88,0,0,0,0,0,7025.26,-369625.03,-392371.85
42,98701801.37,147048609,774.4869897,61290.77,67947.63,248602.56,0,4840.4,55029.28,98374149.29,20494.61,0,0,0,0,0,7079.4,-368052.18,-391256.17
43,98374149.29,146633927,773.3410814,60978.11,67756.99,248117.5,0,4826.82,54940.34,98047410.21,20426.54,0,0,0,0,0,7133.98,-366486.75,-390145.16
44,98047410.21,146220621.8,772.1975927,60666.89,67567.94,247634.32,0,4813.36,54851.37,97721579.07,20358.66,0,0,0,0,0,7189,-364928.71,-389038.81
45,97721579.07,145808688.9,771.0565163,60357.1,67380.47,247153.01,0,4800,54762.37,97396650.86,20290.97,0,0,0,0,0,7244.47,-363377.99,-387937.08
46,97396650.86,145398123.5,769.917845,60048.74,67194.58,246673.57,0,4786.76,54673.34,97072620.55,20223.46,0,0,0,0,0,7300.39,-361834.56,-386839.96
47,97072620.55,144988921,768.7815715,59741.79,67010.27,246196,0,4773.63,54584.27,96749483.12,20156.14,0,0,0,0,0,7356.77,-360298.36,-385747.43
48,96749483.12,144581076.5,767.6476883,59344.9,66726.81,245498.43,907340.28,4753.44,54495.18,95520314.45,19900.07,0,0,0,0,0,31825.1,-333713.57,-359645.11
49,95520314.45,152009266.1,766.3451384,67894.7,80494.57,269945.55,0,4865.21,2759887.59,97857002,20386.88,0,0,0,0,0,346512.77,-55624.43,-92208.93
50,97857002,151556816.6,765.1283753,67514.59,71413.78,269401.81,0,4316.36,53764.2,97498119.66,20312.11,0,0,0,0,0,6871.79,-382900.58,-421770.5
51,97498119.66,151120241.6,763.880048,67138.68,74889.98,268869.37,0,4526.47,53656.82,97136351.98,20236.74,0,0,0,0,0,7049.02,-386264.47,-424085.75
52,97136351.98,150679235.7,762.6346924,66763.12,74649.52,268333.37,0,4511.93,53549.43,96775643.47,20161.59,0,0,0,0,0,7100.73,-384511.73,-422806.87
53,96775643.47,150239790.4,761.3922984,66389.38,74411.24,267799.64,0,4497.53,53442.04,96415987.72,20086.66,0,0,0,0,0,7152.85,-382768.12,-421534.07
54,96415987.72,149801899.7,760.1528421,66017.45,74176.33,267268.16,0,4483.33,53334.63,96057377.07,20011.95,0,0,0,0,0,7205.38,-381033.88,-420268.51
55,96057377.07,149365555.4,758.9162981,65647.33,73944.76,266738.92,0,4469.34,53227.21,95699803.93,19937.46,0,0,0,0,0,7258.37,-379308.76,-419010.1
56,95699803.93,148930748.9,757.6826533,65278.99,73715.53,266211.89,0,4455.48,53119.78,95343261.82,19863.18,0,0,0,0,0,7311.78,-377592.59,-417757.81
57,95343261.82,148497474.1,756.4518427,64912.42,73493.23,265687.05,0,4442.05,53012.32,94987739.41,19789.11,0,0,0,0,0,7365.8,-375888.58,-416516.01
58,94987739.41,148065714.7,755.2238445,64547.6,73273.92,265164.34,0,4428.79,52904.85,94633229.61,19715.26,0,0,0,0,0,7420.27,-374193.72,-415280.85
59,94633229.61,147635462.7,753.9986299,64184.53,73058.28,264643.74,0,4415.76,52797.36,94279724.66,19641.61,0,0,0,0,0,7475.17,-372507.81,-414052.99
60,94279724.66,147206708.8,752.7761835,63720.57,72731.28,263905.9,965165.25,4395.99,52689.85,92962495.51,19367.19,0,0,0,0,0,33516.47,-344165.07,-386208.47
61,92962495.51,154037718.7,751.3692975,72901.95,87901.73,292339.04,0,4382.84,2691264.65,95196234.6,19832.55,0,0,0,0,0,338420.25,-80460.5,-134555.02
62,95196234.6,153562236.6,750.0525284,72448.7,78181.02,291736.91,0,3898.16,51883.22,94801853.04,19750.39,0,0,0,0,0,6988.62,-398382,-455128.4
63,94801853.04,153104058.2,748.7013745,72000.66,82062.43,291147.32,0,4091.69,51754.46,94404305.39,19667.56,0,0,0,0,0,7177.76,-402278.21,-457700.21
64,94404305.39,152640781.5,747.3536321,71553.06,81783.09,290553.79,0,4077.77,51625.71,94007963.41,19584.99,0,0,0,0,0,7227.7,-400331.51,-456247.23
65,94007963.41,152179221.3,746.0092657,71107.75,81508.32,289962.78,0,4064.07,51496.98,93612817.47,19502.67,0,0,0,0,0,7278.07,-398396.11,-454803.45
66,93612817.47,151719366.1,744.6682331,70664.71,81238.69,289374.26,0,4050.63,51368.25,93218857.42,19420.6,0,0,0,0,0,7328.91,-396472.11,-453369.35
67,93218857.42,151261203.1,743.3305149,70223.94,80971.95,288788.18,0,4037.33,51239.52,92826075.54,19338.77,0,0,0,0,0,7380.16,-394558.52,-451942.68
68,92826075.54,150804724.2,741.9960726,69785.41,80709.96,288204.52,0,4024.27,51110.8,92434462.18,19257.18,0,0,0,0,0,7431.87,-392656.15,-450525.2
69,92434462.18,150349917.3,740.6648667,69349.1,80452.7,287623.25,0,4011.44,50982.08,92044007.77,19175.83,0,0,0,0,0,7484.05,-390764.72,-449116.83
70,92044007.77,149896770.3,739.3368537,68915.01,80200.59,287044.32,0,3998.87,50853.36,91654702.34,19094.73,0,0,0,0,0,7536.73,-388884,-447717.92
71,91654702.34,149445269.9,738.01202,68483.11,79950.7,286467.7,0,3986.41,50724.63,91266539.05,19013.86,0,0,0,0,0,7589.81,-387013.25,-446325.56
72,91266539.05,148995409.4,736.6903357,67938.26,79575.23,285677.48,1025304.3,3967.69,50595.91,89854671.99,18719.72,0,0,0,0,0,35272.42,-356804.3,-416638.27
73,89854671.99,155208809.9,735.1661701,77777.58,96228.23,318477.99,0,3800.17,2606272.29,91964660.3,19159.3,0,0,0,0,0,328328.44,-110475.55,-183314.66
74,91964660.3,154710034.2,733.7371251,77235.4,85788.61,317800.69,0,3387.9,49706.11,91530153.81,19068.78,0,0,0,0,0,7096.97,-416826.79,-492796.51
75,91530153.81,154230125.2,732.2706405,76699.75,90112.77,317137.73,0,3558.67,49552.98,91092197.88,18977.54,0,0,0,0,0,7298.78,-421338.14,-495629.01
76,91092197.88,153744381.1,730.8082009,76164.68,89773.09,316470.33,0,3545.26,49399.91,90655644.43,18886.59,0,0,0,0,0,7346,-419135.33,-493948.69
77,90655644.43,153260546.4,729.3497418,75632.53,89441.06,315805.88,0,3532.15,49246.89,90220479.69,18795.93,0,0,0,0,0,7393.66,-416947.17,-492281.74
78,90220479.69,152778602.6,727.8952476,75103.29,89111.8,315144.31,0,3519.15,49093.91,89786695.06,18705.56,0,0,0,0,0,7441.66,-414771.96,-490623.3
79,89786695.06,152298541.8,726.4446707,74576.93,88788.66,314485.61,0,3506.39,48940.98,89354278.45,18615.47,0,0,0,0,0,7490.1,-412610.52,-488976.57
80,89354278.45,151820348.7,724.9979654,74053.44,88471.25,313829.72,0,3493.86,48788.1,88923218.27,18525.67,0,0,0,0,0,7538.97,-410462.29,-487341.11
81,88923218.27,151344008.7,723.5551093,73532.78,88157.07,313176.6,0,3481.45,48635.25,88493505.62,18436.15,0,0,0,0,0,7588.19,-408326.67,-485714.41
82,88493505.62,150869512.7,722.116087,73014.95,87845.47,312526.22,0,3469.15,48482.44,88065132.26,18346.9,0,0,0,0,0,7637.76,-406203.55,-484095.78
83,88065132.26,150396852.7,720.6808285,72499.92,87542.12,311878.57,0,3457.17,48329.66,87638084.14,18257.93,0,0,0,0,0,7687.86,-404095.45,-482490.68
84,87638084.14,149926008.5,719.2493112,71858.94,87094.01,311022.46,1088143.98,3439.48,48176.92,86124702.19,17942.65,0,0,0,0,0,37092.34,-371881.41,-450825.72
85,86124702.19,155500620.2,717.5937146,82543.79,105247.52,348705.49,0,3086.49,2502747.73,88087866.64,18351.64,0,0,0,0,0,315967.83,-146166.04,-238880.61
86,88087866.64,154977995.1,716.038677,81891.39,94043.29,347931.41,0,2757.91,47196.07,87608438.71,18251.76,0,0,0,0,0,7193.29,-438491.25,-534924.56
87,87608438.71,154475879,714.4429799,81247.26,98838.83,347173.85,0,2898.55,47015.43,87125295.65,18151.1,0,0,0,0,0,7407.92,-443679.79,-538003.12
88,87125295.65,153967137.9,712.8521404,80603.93,98420.28,346411.27,0,2886.28,46834.9,86643808.8,18050.79,0,0,0,0,0,7451.29,-441153.8,-536034.98
89,86643808.8,153460532.9,711.2661328,79964.39,98005.76,345652.2,0,2874.13,46654.49,86163966.82,17950.83,0,0,0,0,0,7494.94,-438644.51,-534078.24
90,86163966.82,152956053,709.6849233,79328.61,97596.17,344896.61,0,2862.12,46474.19,85685757.49,17851.2,0,0,0,0,0,7538.88,-436151.89,-532133.71
91,85685757.49,152453685.5,708.1084289,78696.58,97196.8,344144.48,0,2850.41,46294,85209163.23,17751.91,0,0,0,0,0,7583.33,-433679.04,-530206.44
92,85209163.23,151953406.3,706.536622,78068.25,96801.55,343395.7,0,2838.82,46113.91,84734172.83,17652.95,0,0,0,0,0,7628.08,-431222.65,-528290.37
93,84734172.83,151455204,704.9694314,77443.59,96415.34,342650.25,0,2827.5,45933.93,84260770.07,17554.33,0,0,0,0,0,7673.26,-428784.45,-526390.25
94,84260770.07,150959056.7,703.4068138,76822.59,96034.74,341908.05,0,2816.34,45754.05,83788942.4,17456.03,0,0,0,0,0,7718.8,-426362.66,-524502.61
95,83788942.4,150464949.7,701.8487274,76205.2,95659.45,341169.05,0,2805.34,45574.25,83318677.62,17358.06,0,0,0,0,0,7764.67,-423956.7,-522627.09
96,83318677.62,149972868.4,700.2951096,75447.21,95121.8,340228.18,1153214.04,2789.57,45394.55,81697271.37,17020.26,0,0,0,0,0,38964.07,-389598.22,-488853.38
97,81697271.37,154889685.8,698.5116815,86470.87,112795.47,396695.19,0,2183.67,2377952.95,83477079.11,17391.06,0,0,0,0,0,300896.26,-208261.86,-312456.33
98,83477079.11,154352334.5,696.8331083,85682.18,101004.77,395791.46,0,1955.41,44298.96,82936944.26,17278.53,0,0,0,0,0,7132.24,-484122.06,-592624.7
99,82936944.26,153836780.2,695.1115184,84903.94,106142.97,394907.77,0,2054.89,44081.07,82393015.76,17165.21,0,0,0,0,0,7353.56,-489747.32,-595766.33
100,82393015.76,153313978.8,693.3959349,84126.92,105597.57,394018.34,0,2044.33,43863.41,81851092,17052.31,0,0,0,0,0,7389.74,-486747.72,-593405.4
101,81851092,152793576.4,691.6863013,83354.89,105060.46,393133.34,0,2033.94,43645.96,81311155.34,16939.82,0,0,0,0,0,7426.18,-483772.5,-591062.33
102,81311155.34,152275553.8,689.9825327,82587.79,104534.87,392252.73,0,2023.77,43428.73,80773184.92,16827.75,0,0,0,0,0,7463,-480823.13,-588740.14
103,80773184.92,151759884.7,688.2845963,81825.59,104014.5,391376.39,0,2013.7,43211.7,80237166.44,16716.08,0,0,0,0,0,7500.02,-477896.11,-586432.54
104,80237166.44,151246556,686.5924324,81068.24,103502,390504.31,0,2003.78,42994.88,79703082.99,16604.81,0,0,0,0,0,7537.35,-474991.45,-584142.01
105,79703082.99,150735548.8,684.9059733,80315.7,102998.31,389636.41,0,1994.03,42778.25,79170916.78,16493.94,0,0,0,0,0,7575.04,-472109.68,-581869.32
106,79170916.78,150226842.1,683.2251693,79567.93,102501.41,388772.61,0,1984.41,42561.82,78640652.24,16383.47,0,0,0,0,0,7613.02,-469250.2,-579612.4
107,78640652.24,149720418.9,681.549995,78824.89,102008.58,387912.86,0,1974.87,42345.58,78112276.62,16273.39,0,0,0,0,0,7651.19,-466412.12,-577368.53
108,78112276.62,149216267.9,679.880338,77928.01,101338.89,386865.73,1251462.48,1961.91,42129.54,76334849.14,15903.09,0,0,0,0,0,41571.09,-428858.78,-540464.63
109,76334849.14,153322935.5,677.9556142,89909.69,119701.57,444946.03,0,1147.29,2225645.1,77904789.67,16230.16,0,0,0,0,0,282422.9,-268163.54,-388364.55
110,77904789.67,152769035.4,676.13922,88954.42,107470.41,443878.78,0,1030.06,40902.58,77304358.58,16105.07,0,0,0,0,0,7050.99,-524135.43,-649357.69
111,77304358.58,152237960.8,674.2778036,88012.32,112905.66,442834.57,0,1082.16,40646.8,76700170.67,15979.2,0,0,0,0,0,7276.24,-530198.14,-652455.51
112,76700170.67,151699099,672.4237958,87072.16,112213.76,441783.94,0,1075.53,40391.38,76098416.67,15853.84,0,0,0,0,0,7303.71,-526653.57,-649619.99
113,76098416.67,151162945.4,670.5771556,86138.59,111528.63,440738.92,0,1068.97,40136.32,75499077.88,15728.97,0,0,0,0,0,7331.29,-523139.86,-646803.82
114,75499077.88,150629484.1,668.7378229,85211.56,110852.12,439699.47,0,1062.48,39881.6,74902133.85,15604.61,0,0,0,0,0,7359.04,-519656.83,-644008.72
115,74902133.85,150098695.6,666.905697,84290.99,110188.9,438665.53,0,1056.13,39627.24,74307559.54,15480.74,0,0,0,0,0,7387.14,-516205.79,-641239.02
116,74307559.54,149570550.3,665.0807204,83376.83,109534.02,437636.96,0,1049.85,39373.23,73715335.1,15357.36,0,0,0,0,0,7415.4,-512785.21,-638489.77
117,73715335.1,149045028.7,663.2627923,82469.01,108892.66,436613.71,0,1043.71,39119.55,73125435.57,15234.47,0,0,0,0,0,7444.04,-509398.99,-635765.81
118,73125435.57,148522100.4,661.4518099,81567.47,108264.59,435595.65,0,1037.69,38866.22,72537836.38,15112.05,0,0,0,0,0,7472.96,-506045.34,-633066.8
119,72537836.38,148001735.1,659.6475511,80672.16,107664.83,434582.65,0,1031.95,38613.21,71952498.01,14990.1,0,0,0,0,0,7502.69,-502749.16,-630407.05
120,71952498.01,147483870.8,657.8498925,79608.41,106866.15,433396.91,1336260.8,1024.29,38360.53,70033722.94,14590.36,0,0,0,0,0,43931.46,-462175.95,-590530.37
121,70033722.94,150819657.3,636.2345993,91303.3,2520308.18,434683.87,0,0,2029043.72,69017696.75,14378.69,0,0,0,0,0,326857.3,-3407802.57,-2733816.74
122,69017696.75,145832093.3,621.8285635,87160.85,1632822.66,426797.32,0,0,18069.13,66890778.33,13935.58,0,0,0,0,0,22626.41,-2395293.15,-2138090
123,66890778.33,142466939.5,611.6756632,84203.21,1121650.87,421197.25,0,0,17556.59,65285477.34,13601.14,0,0,0,0,0,16505.22,-1712144.02,-1624147.25
124,65285477.34,140062492.5,610.3106068,82055.38,61455.19,417270.65,0,0,17182.23,64747105.79,13488.98,0,0,0,0,0,2799.35,-405012.9,-571470.85
125,64747105.79,139625172,608.9505265,81130.82,61143.02,416361.71,0,0,17050.28,64210720.7,13377.23,0,0,0,0,0,2811.2,-402759.75,-569201.58
126,64210720.7,139189860.4,607.5953808,80219.93,60835.01,415456.67,0,0,16919.01,63677689.6,13266.19,0,0,0,0,0,2823.12,-400524.15,-566954.68
127,63677689.6,138756542.2,606.2455165,79318.85,60535.54,414555.47,0,0,16788.07,63147271.14,13155.68,0,0,0,0,0,2835.28,-398309.29,-564730.26
128,63147271.14,138325271.9,604.9004645,78423.98,60239.85,413658.53,0,0,16657.45,62618772.07,13045.58,0,0,0,0,0,2847.58,-396112.35,-562520.36
129,62618772.07,137895953.9,603.5601325,77535.25,59954.65,412765.28,0,0,16527.15,62092172.6,12935.87,0,0,0,0,0,2860.06,-393941.87,-560330.99
130,62092172.6,137468558.6,602.2244759,76652.63,59673.45,411875.6,0,0,16397.17,61567459.6,12826.55,0,0,0,0,0,2872.63,-391786.91,-558155.6
131,61567459.6,137043069.6,600.8934657,75779.46,59394.29,410989.45,0,0,16267.51,61045274.67,12717.77,0,0,0,0,0,2885.24,-389646.81,-555995.73
132,61045274.67,136619474.9,599.5672563,74749.56,59005.35,409960.7,1234475.17,0,16138.2,59291163.67,12352.33,0,0,0,0,0,19777.77,-369988.72,-536290.17
133,59291163.67,136197797.6,597.1728519,84016.27,154390.31,540030.27,0,0,867959.39,59391450.58,12373.22,0,0,0,0,0,111426.07,-567100.48,-679384
134,59391450.58,135603280.8,594.8149788,82688.14,150536.92,538298.31,0,0,15428.48,58646589.23,12218.04,0,0,0,0,0,3543.2,-666335.51,-780198.21
135,58646589.23,135017207.5,592.4381684,81375.38,152766.18,536583.97,0,0,15242.8,57902865.26,12063.1,0,0,0,0,0,3604.53,-665219.84,-779184.1
136,57902865.26,134428541.4,590.078443,80073.04,150912.1,534870.97,0,0,15058.92,57164588.59,11909.29,0,0,0,0,0,3600.09,-658748.76,-774165.31
137,57164588.59,133844516.5,587.7353246,78789.78,149080.86,533172.43,0,0,14875.92,56431958.36,11756.66,0,0,0,0,0,3595.55,-652372.79,-769204.18
138,56431958.36,133265009.2,585.4077387,77530.67,147275.72,531487.93,0,0,14693.92,55708025.94,11605.84,0,0,0,0,0,3591.06,-646099.92,-764309.1
139,55708025.94,132689802.1,583.1045647,76300.67,145504.68,529816.16,0,0,14513.91,54994375.69,11457.16,0,0,0,0,0,3586.73,-639931.88,-759491.94
140,54994375.69,132120686.4,580.8168553,75082.42,143791.31,528167.19,0,0,14334.74,54285035.65,11309.38,0,0,0,0,0,3582.64,-633882.49,-754767.66
141,54285035.65,131555828.9,578.5435642,73876.75,142136.21,526530.81,0,0,14156.35,53580291.37,11162.56,0,0,0,0,0,3578.47,-627949.97,-750127.86
142,53580291.37,130994990.5,576.2883655,72692.43,140509.1,524905.77,0,0,13978.7,52883393.91,11017.37,0,0,0,0,0,3574.24,-622108.32,-745550.43
143,52883393.91,130438917.1,574.0473062,71522.19,138902.36,523296.34,0,0,13804.28,52192811.99,10873.5,0,0,0,0,0,3570.18,-616353.76,-741024.21
144,52192811.99,129886783.6,571.8244581,70170.67,136959.16,521567.18,1357060.99,0,13632.91,50153381.43,10448.62,0,0,0,0,0,22418.54,-590936.86,-716727.09
145,50153381.43,129339440.4,569.4318344,78780.66,139914.73,520725.6,0,0,735494.92,50185790.05,10455.37,0,0,0,0,0,94796.45,-526041.3,-655079.91
146,50185790.05,128758411,567.0788114,77455.9,135666.88,519004.64,0,0,12916.25,49503080.71,10313.14,0,0,0,0,0,3248.25,-608447.5,-739192.31
147,49503080.71,128186459.2,564.7086336,76148.94,137806.72,517306.06,0,0,12748.33,48822019.8,10171.25,0,0,0,0,0,3303,-607208.31,-738129.97
148,48822019.8,127612348.4,562.3548952,74865.65,136323.38,515609.75,0,0,12582.04,48155141.07,10032.32,0,0,0,0,0,3299.3,-601514.02,-733531.8
149,48155141.07,127042640.4,560.0262597,73601.93,134874.9,513925.98,0,0,12416.49,47494982.71,9894.79,0,0,0,0,0,3296.18,-595928.64,-729001.42
150,47494982.71,126479110.2,557.7132675,72352.81,133536.25,512263.79,0,0,12251.69,46839406.87,9758.21,0,0,0,0,0,3294.75,-590674.54,-724616.31
151,46839406.87,125919762.3,555.4133858,71119.05,132243.22,510613.17,0,0,12087.62,46189796.16,9622.87,0,0,0,0,0,3293.81,-585517.87,-720304.5
152,46189796.16,125364034.5,553.1315459,69911.23,130974.93,508970.99,0,0,11925.96,45549424.82,9489.46,0,0,0,0,0,3293.01,-580430.43,-716053.6
153,45549424.82,124812962.2,550.8657646,68720.75,129716.99,507342.74,0,0,11766.47,44914449.35,9357.18,0,0,0,0,0,3292.36,-575400.68,-711845.3
154,44914449.35,124266126.5,548.6136691,67548,128468.88,505726.78,0,0,11609.07,44284461.45,9225.93,0,0,0,0,0,3291.64,-570424.23,-707677.95
155,44284461.45,123723021,546.3770984,66397.8,127234.3,504120.32,0,0,11453.33,43662749.3,9096.41,0,0,0,0,0,3290.8,-565502.48,-703558.03
156,43662749.3,123184034.3,544.1564455,65069.51,125669.63,502401.61,1197364.21,0,11300.12,41851551.42,8719.07,0,0,0,0,0,20041.97,-543075.74,-681817.85
157,41851551.42,122649227.8,541.8065744,73007.37,124624.14,501491.66,0,0,614827.48,41837404.48,8716.13,0,0,0,0,0,79573.08,-486383.91,-628266.22
158,41837404.48,122086948.5,539.487426,71694.67,121572.57,499776.71,0,0,10674.36,41226822.13,8588.92,0,0,0,0,0,2961.73,-556172.2,-698671.14
159,41226822.13,121531574.8,537.163062,70417.64,123451.22,498072.95,0,0,10528.15,40625524.04,8463.65,0,0,0,0,0,3008.69,-554528.1,-697396.77
160,40625524.04,120976696.4,534.8568978,69169.71,122227.67,496384.16,0,0,10382.64,40031849.62,8339.97,0,0,0,0,0,3006.11,-549498.99,-693115.4
161,40031849.62,120426508.9,532.564638,67938.39,121014.41,494710.5,0,0,10238.21,39443240.87,8217.34,0,0,0,0,0,3003.81,-544526.75,-688876.83
162,39443240.87,119880047.8,530.2895182,66725.73,119814.62,493045.93,0,0,10094.8,38862563.14,8096.37,0,0,0,0,0,3001.43,-539612.42,-684681.22
163,38862563.14,119338009.4,528.0353505,65532.8,118630.1,491394.1,0,0,9954.77,38291461.39,7977.39,0,0,0,0,0,2999.07,-534757.65,-680535.32
164,38291461.39,118801236.4,525.7962914,64353.38,117455.27,489759.17,0,0,9816.36,37725024.05,7859.38,0,0,0,0,0,2996.72,-529961.54,-676430.48
165,37725024.05,118268433,523.5720804,63194.97,116295.11,488134.79,0,0,9679.41,37167684.7,7743.27,0,0,0,0,0,2994.25,-525225.4,-672373.89
166,37167684.7,117739560.5,521.3670448,62055.02,115146.18,486520.9,0,0,9544.21,36616447.5,7628.43,0,0,0,0,0,2991.91,-520543.48,-668358.62
167,36616447.5,117215601.2,519.1764701,60945.44,114011.63,484923.1,0,0,9410.55,36074105.48,7515.44,0,0,0,0,0,2989.53,-515924.34,-664406.08
168,36074105.48,116695467.6,517.0056031,59665.41,112573.93,483219.86,1018422.57,0,9277.53,34520925.03,7191.86,0,0,0,0,0,17321.06,-496318.71,-645330
169,34520925.03,116180372.4,514.9482611,66829.51,79439.3,588209,0,0,506108.28,34409642.15,7168.68,0,0,0,0,0,65301.34,-530166.14,-676345.15
170,34409642.15,115724563.1,512.9147706,65450.81,77308.28,586209.13,0,0,8681.79,33809640.35,7043.68,0,0,0,0,0,2040.36,-587580.38,-733971.54
171,33809640.35,115273622.1,510.884374,64095.23,77815.78,584224.82,0,0,8530.72,33215709.44,6919.94,0,0,0,0,0,2057.29,-583841.23,-730998.48
172,33215709.44,114824477.8,508.8695275,62755.04,76428.12,582255.66,0,0,8380.72,32628853.33,6797.68,0,0,0,0,0,2043.56,-578506.66,-726192.94
173,32628853.33,114378876,506.8743675,61452.06,75066.42,580301.44,0,0,8232.08,32052567.09,6677.62,0,0,0,0,0,2029.8,-573254.69,-721467.74
174,32052567.09,113937811.4,504.899332,60174.11,73725.76,578367.22,0,0,8086.11,31482603.73,6558.88,0,0,0,0,0,2016.36,-568081.44,-716809.61
175,31482603.73,113501396.9,502.9392469,58911.77,72404.07,576455.45,0,0,7941.71,30917217.73,6441.09,0,0,0,0,0,2002.87,-562983.54,-712209.51
176,30917217.73,113068386.4,500.9964868,57670.12,71110.8,574558.01,0,0,7802.79,30359781.05,6324.95,0,0,0,0,0,1989.27,-557960.24,-707674.61
177,30359781.05,112639369.7,499.0700306,56452.79,69871.98,572678.26,0,0,7665.5,29807932.72,6209.99,0,0,0,0,0,1975.54,-553024.16,-703237.48
178,29807932.72,112214122.1,497.1587222,55264.43,68680.71,570814.67,0,0,7529.03,29265320.24,6096.94,0,0,0,0,0,1961.89,-548180.08,-698894.86
179,29265320.24,111792311.8,495.2677343,54104.14,67523.75,568966.02,0,0,7394.07,28735028.35,5986.46,0,0,0,0,0,1948.47,-543416.85,-694631.9
180,28735028.35,111375230.2,493.3955968,52786.43,66204.48,567086.75,1044888.4,0,7259.94,27164195.67,5659.21,0,0,0,0,0,16729.83,-523478.58,-675007.04
181,27164195.67,110962551.4,491.3643743,58949.82,64718.99,565738.62,0,0,399285.04,27031735.74,5631.61,0,0,0,0,0,51747.63,-488453,-643291.41
182,27031735.74,110515071.9,489.3699053,57666.89,62291.43,563737.81,0,0,6718.28,26521541.16,5525.32,0,0,0,0,0,1733.65,-532338.77,-687487.8
183,26521541.16,110075472.1,487.3770699,56401.25,62835.39,561771.84,0,0,6594.54,26013967.3,5419.58,0,0,0,0,0,1746.87,-528796.98,-684681.19
184,26013967.3,109637261.9,485.4060086,55165.94,61756.64,559818.05,0,0,6471.47,25518162.24,5316.28,0,0,0,0,0,1733.64,-524018.86,-680323.27
185,25518162.24,109204121.7,483.4504625,53958.91,60723.87,557888.07,0,0,6349.06,25033129.8,5215.24,0,0,0,0,0,1721.14,-519334.38,-676064.95
186,25033129.8,108774492.1,481.5158026,52776.32,59760.97,555972.7,0,0,6227.32,24553086.91,5115.23,0,0,0,0,0,1709.83,-514773.73,-671915.39
187,24553086.91,108349748.3,479.5950013,51607.47,58832.36,554079.55,0,0,6106.22,24076323.95,5015.9,0,0,0,0,0,1699,-510308.71,-667836.28
188,24076323.95,107928140.9,477.6870991,50452.4,57978.88,552198.96,0,0,5986.33,23603199.66,4917.33,0,0,0,0,0,1689.17,-506009.91,-663858.4
189,23603199.66,107509459.4,475.7925439,49316.29,57147.15,550329.8,0,0,5870.63,23137390.97,4820.29,0,0,0,0,0,1679.37,-501776.63,-659934.16
190,23137390.97,107093820.6,473.9187356,48217.42,56381.45,548472.69,0,0,5763.33,22684333.75,4725.9,0,0,0,0,0,1670.31,-497664.81,-656127.15
191,22684333.75,106683156.8,472.0610017,47146.52,55624.98,546638.38,0,0,5656.63,22237261.66,4632.76,0,0,0,0,0,1661.41,-493606.95,-652381.23
192,22237261.66,106276214.3,470.2151119,45950.49,54730.91,544772.22,836866.69,0,5550.51,20966299.74,4367.98,0,0,0,0,0,14434.85,-476461.2,-635386.75
193,20966299.74,105871956.1,468.2238461,50774.76,53757.1,543377.89,0,0,308849.85,20841485.25,4341.98,0,0,0,0,0,40221.33,-449987.15,-612030.4
194,20841485.25,105436559,466.2548408,49592.46,52363.54,541396.15,0,0,5120.5,20418110.09,4253.77,0,0,0,0,0,1489.78,-484129.42,-646116.14
195,20418110.09,105005698.4,464.2875015,48425.31,52779.64,539429.15,0,0,5016.89,19996581.4,4165.95,0,0,0,0,0,1499.28,-480596.76,-643300.77
196,19996581.4,104576059.2,462.3338144,47276.26,52051.36,537472.79,0,0,4919.4,19582841.81,4079.76,0,0,0,0,0,1490.19,-476433.85,-639389.98
197,19582841.81,104149477.6,460.3979725,46146.42,51331.64,535528.69,0,0,4823.36,19174289.92,3994.64,0,0,0,0,0,1480.97,-472320.33,-635520.42
198,19174289.92,103727071.3,458.4831299,45059.91,50630.19,533603.01,0,0,4728.48,18779521.24,3912.4,0,0,0,0,0,1471.73,-468277.56,-631733.78
199,18779521.24,103309599.3,456.584276,44015.02,49954.81,531701.07,0,0,4634.91,18405476.58,3834.47,0,0,0,0,0,1462.97,-464344.74,-628042.4
200,18405476.58,102895731.4,454.7126162,42984.57,49286.23,529814.61,0,0,4541.9,18035179.7,3757.33,0,0,0,0,0,1454.78,-460457.5,-624387.96
201,18035179.7,102488520.4,452.8538362,41967.07,48623.19,527959.95,0,0,4449.45,17667518.88,3680.73,0,0,0,0,0,1446.53,-456661.88,-620784.41
202,17667518.88,102084184.4,451.0078147,40973.75,47968.56,526116.8,0,0,4360.49,17305048.11,3605.22,0,0,0,0,0,1438.17,-452909.84,-617226.16
203,17305048.11,101682695,449.1794422,40009.87,47323.78,524285.08,0,0,4276.53,16949057.68,3531.05,0,0,0,0,0,1429.71,-449202.29,-613720.07
204,16949057.68,101285199.3,447.3635417,38920.38,46549.27,522426.67,664938.54,0,4193.03,15932777.98,3319.33,0,0,0,0,0,11338.98,-435322.87,-599876.67
205,15932777.98,100890483.9,445.3732245,43156.6,45755.88,521037.64,0,0,234933.34,15815307.73,3294.86,0,0,0,0,0,30793.77,-414724.7,-582451.21
206,15815307.73,100457435,443.4167434,42128.37,44546.74,519019.41,0,0,3865.08,15490789.48,3227.25,0,0,0,0,0,1280.07,-440048.95,-607641.7
207,15490789.48,100031980.8,441.4731328,41131.81,44983.23,517033.63,0,0,3792.47,15171966.76,3160.83,0,0,0,0,0,1288.53,-436805.42,-605020.97
208,15171966.76,99610175.16,439.5439683,40146.17,44373.82,515073.56,0,0,3720.29,14855609.03,3094.92,0,0,0,0,0,1280.2,-433040.27,-601408.27
209,14855609.03,99191560.79,437.6291025,39173.62,43769.9,513126.77,0,0,3648.55,14541691.98,3029.52,0,0,0,0,0,1271.78,-429318.26,-597828.03
210,14541691.98,98776103.97,435.72839,38255.37,43178.44,511193.15,0,0,3577.25,14236322.9,2965.9,0,0,0,0,0,1263.28,-425664.94,-594329.58
211,14236322.9,98363771.49,433.8511548,37394.25,42599.9,509272.57,0,0,3506.37,13939943.36,2904.15,0,0,0,0,0,1255.5,-422080.19,-590915.37
212,13939943.36,97956647.05,431.9876504,36544.33,42026.61,507379.45,0,0,3435.92,13645883.46,2842.89,0,0,0,0,0,1248.53,-418548.9,-587544.75
213,13645883.46,97552551.09,430.1422349,35708.95,41464.11,505498.91,0,0,3365.89,13359075.1,2783.14,0,0,0,0,0,1241.48,-415060.5,-584213.63
214,13359075.1,97152620.46,428.3102636,34884.31,40906.55,503636.77,0,0,3296.28,13074376.68,2723.83,0,0,0,0,0,1234.51,-411614.03,-580916.95
215,13074376.68,96755652.62,426.4916016,34070.26,40353.88,501786.95,0,0,3227.08,12791768.2,2664.95,0,0,0,0,0,1227.46,-408204.96,-577648.58
216,12791768.2,96361616.86,424.6861157,33171.33,39703.56,499907.49,445535.01,0,3169.8,12080491.3,2516.77,0,0,0,0,0,8814.36,-397067.57,-566484.79
217,12080491.3,95970482.83,422.7179245,37245.85,39189.06,498447.45,0,0,178398.51,12009224.66,2501.92,0,0,0,0,0,23486.57,-381144.87,-553897.71
218,12009224.66,95543797.02,420.7713199,36412.36,38140.73,496423.69,0,0,2950.96,11765102.41,2451.06,0,0,0,0,0,1106.69,-399893,-572321.15
219,11765102.41,95121422.56,418.8302359,35591.14,38572.67,494415.28,0,0,2895.43,11522018.49,2400.42,0,0,0,0,0,1115.64,-397012.99,-569863.87
220,11522018.49,94700962.61,416.9046251,34781.44,38060.66,492420.27,0,0,2842.96,11283246.27,2350.68,0,0,0,0,0,1109.31,-393689.99,-566503.74
221,11283246.27,94283883.44,414.998788,33985.56,37556.57,490439.91,0,0,2793.83,11049013.72,2301.88,0,0,0,0,0,1102.94,-390407.07,-563180.98
222,11049013.72,93871219.18,413.1080724,33201.23,37057.4,488479.65,0,0,2745.08,10816697.37,2253.48,0,0,0,0,0,1096.51,-387165.07,-559895.25
223,10816697.37,93461856.87,411.2323119,32428.28,36563.08,486533.72,0,0,2696.7,10586276.47,2205.47,0,0,0,0,0,1090.04,-383959.79,-556640.51
224,10586276.47,93055759.36,409.3713428,31666.51,36073.55,484601.99,0,0,2648.69,10357730.58,2157.86,0,0,0,0,0,1083.51,-380790.66,-553416.4
225,10357730.58,92652890.06,407.5250033,30915.74,35588.76,482684.29,0,0,2601.04,10131039.55,2110.63,0,0,0,0,0,1076.93,-377657.13,-550222.49
226,10131039.55,92253212.86,405.6931339,30213.66,35136.85,480780.49,0,0,2553.75,9931044.65,2068.97,0,0,0,0,0,1070.3,-374704.63,-547129.67
227,9931044.65,91856692.18,403.9022226,29533.24,34697.85,478890.44,0,0,2506.82,9740172.46,2029.2,0,0,0,0,0,1064.78,-371827.3,-544085.95
228,9740172.46,91469791.2,402.1253576,28754.06,34157.96,477012.19,324861.64,0,2460.23,9226316.79,1922.15,0,0,0,0,0,5731.07,-364295.98,-536115.29
229,9226316.79,91085950.01,400.2937964,31753.55,20115.87,517238.39,0,0,135171.77,9139587.15,1904.08,0,0,0,0,0,17690.77,-364270.38,-553321.12
230,9139587.15,90696100.13,398.4802116,30890.46,19489.95,515000.2,0,0,2255.04,8922223.69,1858.8,0,0,0,0,0,685.29,-378134.79,-566554.12
231,8922223.69,90309722.18,396.6773918,30044.62,19432.08,512780.6,0,0,2198.75,8710628.08,1814.71,0,0,0,0,0,682.92,-375227.2,-563389.09
232,8710628.08,89925898.31,394.9033827,29220.24,18928.8,510577.11,0,0,2142.97,8510994.39,1773.12,0,0,0,0,0,673.2,-372202.73,-559826.07
233,8510994.39,89548377.2,393.1452528,28409.39,18434.34,508408.12,0,0,2087.69,8313355.89,1731.95,0,0,0,0,0,663.77,-369246.44,-556320.03
234,8313355.89,89174061.04,391.4028149,27619.63,17949.17,506257.48,0,0,2033.46,8118173.58,1691.29,0,0,0,0,0,654.34,-366328.79,-552863.23
235,8118173.58,88802912.85,389.6763153,26843.32,17472.64,504124.98,0,0,1979.75,7924955.65,1651.03,0,0,0,0,0,644.88,-363448.84,-549447.09
236,7924955.65,88434976.47,387.9651267,26079.49,17004.59,502011.02,0,0,1926.5,7733630.05,1611.17,0,0,0,0,0,635.41,-360605.94,-546070.86
237,7733630.05,88070132.97,386.2690695,25348.84,16547.67,499914.77,0,0,1876.44,7546561.25,1572.2,0,0,0,0,0,625.92,-357802.59,-542757.56
238,7546561.25,87708346.9,384.5900308,24633.3,16107.4,497836.05,0,0,1827.24,7361681.55,1533.68,0,0,0,0,0,616.41,-355036.43,-539494.02
239,7361681.55,87350009.77,382.92543,23929.02,15690.97,495777.68,0,0,1778.41,7178539,1495.53,0,0,0,0,0,606.89,-352310.11,-536286.31
240,7178539,86994602.91,381.2750142,23134.58,15240.81,493725.29,321734.41,0,1729.92,6677267.85,1391.1,0,0,0,0,0,5236.65,-344867.27,-528255.13
241,6677267.85,86642079.15,379.4117849,25607.74,14680.67,491830.35,0,0,98584.65,6598550.8,1374.7,0,0,0,0,0,12991.84,-335260.61,-520501.62
242,6598550.8,86241792.67,377.5700622,24837.73,13949,489520.69,0,0,1567.85,6425001.99,1338.54,0,0,0,0,0,534.6,-344583.77,-529111.36
243,6425001.99,85845652.18,375.7406705,24102.54,13938.93,487234.26,0,0,1527.66,6254038.53,1302.92,0,0,0,0,0,530.82,-341772.58,-526047.83
244,6254038.53,85452394.81,373.9291884,23380.32,13564.06,484965.81,0,0,1487.76,6084874.51,1267.68,0,0,0,0,0,521.43,-338874.22,-522656.44
245,6084874.51,85062790.85,372.1343353,22670.03,13196,482718.72,0,0,1448.15,5917387.24,1232.79,0,0,0,0,0,512.06,-336014.6,-519305.48
246,5917387.24,84676598.23,370.355902,22004.75,12838.46,480491.29,0,0,1408.83,5754865.44,1198.93,0,0,0,0,0,502.68,-333204.27,-516030.75
247,5754865.44,84293775.15,368.5992065,21397.07,12496.61,478283.27,0,0,1374.59,5601904.68,1167.06,0,0,0,0,0,493.9,-330451,-512850.11
248,5601904.68,83915411.7,366.8655077,20807.7,12165.89,476102.5,0,0,1345.42,5454583.85,1136.37,0,0,0,0,0,485.83,-327745.05,-509726.63
249,5454583.85,83541891.01,365.1473775,20227.56,11848.39,473950.04,0,0,1316.47,5308640.29,1105.97,0,0,0,0,0,477.88,-325084.34,-506654.08
250,5308640.29,83171571.86,363.4443479,19656.37,11558.06,471815.98,0,0,1287.75,5164033.37,1075.84,0,0,0,0,0,470.28,-322465.85,-503635.97
251,5164033.37,82804371.2,361.7559532,19136.99,11305.55,469699.78,0,0,1259.25,5029642.84,1047.84,0,0,0,0,0,463.06,-319948.03,-500727.1
252,5029642.84,82440204.38,360.0966732,18586.85,11044.69,467591.24,219741.2,0,1230.96,4686536.39,976.36,0,0,0,0,0,3793.55,-314114.09,-494405.59
253,4686536.39,82082164.35,358.235319,20472.59,10729.05,465643.29,0,0,68843.79,4629481.84,964.48,0,0,0,0,0,9110.54,-306864.19,-488698.87
254,4629481.84,81678622.71,356.3923872,19946.95,10423.12,463311.6,0,0,1132.27,4512022.81,940,0,0,0,0,0,415.63,-312899.1,-494206.04
255,4512022.81,81278793.11,354.5693997,19430.23,10414.06,461000.36,0,0,1111.25,4395664.27,915.76,0,0,0,0,0,413.67,-310321.38,-491346.74
256,4395664.27,80883469.95,352.7628788,18921.45,10215.56,458716.05,0,0,1090.45,4280389.6,891.75,0,0,0,0,0,408.61,-307748.84,-488336.2
257,4280389.6,80491603.46,350.9726136,18421.15,10019.31,456451.63,0,0,1069.85,4166185.09,867.96,0,0,0,0,0,403.53,-305206.34,-485356.52
258,4166185.09,80103150.27,349.1983967,17932.63,9826.92,454206.84,0,0,1049.47,4054483.72,844.68,0,0,0,0,0,398.43,-302701.05,-482412.64
259,4054483.72,79718067.75,347.4592248,17503.48,9660.98,451981.46,0,0,1029.28,3965154.55,826.07,0,0,0,0,0,393.38,-300337.06,-479578.61
260,3965154.55,79340594.45,345.7355824,17081.82,9497,449801.09,0,0,1009.3,3876695.35,807.64,0,0,0,0,0,389.6,-298071.69,-476797.95
261,3876695.35,78966383.2,344.0272726,16667.5,9334.96,447639.51,0,0,989.52,3789094.35,789.39,0,0,0,0,0,385.81,-295831.82,-474045.55
262,3789094.35,78595393.47,342.3341015,16260.39,9174.83,445496.47,0,0,969.94,3702339.99,771.32,0,0,0,0,0,382.01,-293617.04,-471321
263,3702339.99,78227585.4,340.6558784,15860.33,9016.57,443371.75,0,0,950.55,3616420.94,753.42,0,0,0,0,0,378.21,-291426.97,-468623.86
264,3616420.94,77862919.76,338.9924156,15391.24,8830.02,441256.54,139136.98,0,931.35,3392303.74,706.73,0,0,0,0,0,2551.77,-287033.36,-463632.76
265,3392303.74,77501357.9,337.1033758,17176.99,8635.98,439274.55,0,0,49265.73,3354250.73,698.8,0,0,0,0,0,6554.99,-281354.17,-459231.33
266,3354250.73,77088727.9,335.2340075,16723.82,8389.01,436882.92,0,0,861.21,3271575.22,681.58,0,0,0,0,0,344.53,-285090.71,-462332.8
267,3271575.22,76680113.73,333.3966052,16297.07,8415.3,434513.84,0,0,842.14,3203929.01,667.49,0,0,0,0,0,343.16,-282729.39,-459550.54
268,3203929.01,76278618.74,331.5770022,15877.98,8276.98,432186.12,0,0,823.28,3137097.61,653.56,0,0,0,0,0,339.68,-280417.55,-456654.96
269,3137097.61,75880885.17,329.7749549,15467.01,8140.58,429880.29,0,0,804.62,3071068.3,639.81,0,0,0,0,0,336.21,-278134.43,-453791.48
270,3071068.3,75486862.83,327.990224,15063.97,8006.07,427596.04,0,0,786.17,3005828.63,626.21,0,0,0,0,0,332.74,-275879.56,-450959.55
271,3005828.63,75096502.35,326.2225741,14668.7,7873.41,425333.1,0,0,767.92,2941366.4,612.78,0,0,0,0,0,329.29,-273652.45,-448158.7
272,2941366.4,74709755.2,324.4717742,14281.03,7742.58,423091.18,0,0,749.87,2877669.62,599.51,0,0,0,0,0,325.85,-271452.62,-445388.45
273,2877669.62,74326573.69,322.7375968,13900.79,7613.53,420870.02,0,0,732.02,2814726.55,586.4,0,0,0,0,0,322.41,-269279.61,-442648.33
274,2814726.55,73946910.91,321.0198188,13527.83,7486.25,418669.35,0,0,714.35,2752525.69,573.44,0,0,0,0,0,318.98,-267132.98,-439937.89
275,2752525.69,73570720.76,319.3182204,13162,7360.69,416488.89,0,0,696.88,2691055.75,560.64,0,0,0,0,0,315.56,-265012.27,-437256.66
276,2691055.75,73197957.9,317.6325859,12737.23,7211.36,414320.79,93442,0,679.59,2536962.63,528.53,0,0,0,0,0,1547.98,-261644.42,-433249.93
277,2536962.63,72828577.74,315.7116325,14114.64,7079.72,412270.68,0,0,37334.49,2511881.79,523.31,0,0,0,0,0,4983.18,-256530.81,-429005.17
278,2511881.79,72405230.04,313.8117063,13701.66,6875.72,409810.6,0,0,615.95,2450980.82,510.62,0,0,0,0,0,286.7,-258817.84,-430611.9
279,2450980.82,71986250.29,311.929309,13297.07,6892.88,407375.46,0,0,598.91,2390728.53,498.07,0,0,0,0,0,285.32,-256471.61,-427778.16
280,2390728.53,71571246.21,310.0662344,12900.23,6768.24,404964.68,0,0,582.08,2331256.32,485.68,0,0,0,0,0,281.66,-254139.1,-424837.17
281,2331256.32,71160374.63,308.2222067,12511.53,6645.43,402578.12,0,0,565.44,2272551.4,473.45,0,0,0,0,0,278.01,-251838.02,-421930.52
282,2272551.4,70753577.98,306.396955,12130.79,6524.43,400215.47,0,0,549,2214601.24,461.38,0,0,0,0,0,274.37,-249567.82,-419057.7
283,2214601.24,70350799.72,304.5902134,11757.83,6405.21,397876.37,0,0,532.76,2157393.55,449.46,0,0,0,0,0,270.74,-247327.92,-416218.13
284,2157393.55,69951984.29,302.8017206,11392.47,6287.72,395560.52,0,0,516.7,2100916.32,437.69,0,0,0,0,0,267.12,-245117.79,-413411.28
285,2100916.32,69557077.1,301.03122,11034.54,6171.93,393267.58,0,0,500.83,2045157.76,426.07,0,0,0,0,0,263.52,-242936.89,-410636.6
286,2045157.76,69166024.52,299.2784593,10683.88,6057.82,390997.26,0,0,485.15,1990106.32,414.61,0,0,0,0,0,259.92,-240784.71,-407893.65
287,1990106.32,68778773.83,297.543191,10340.33,5945.36,388749.23,0,0,469.65,1935750.7,403.28,0,0,0,0,0,256.33,-238660.72,-405181.87
288,1935750.7,68395273.24,295.8251717,9951.82,5813.64,386516.54,85059.93,0,454.34,1797099.29,374.4,0,0,0,0,0,1393.26,-235393.2,-401263.14
289,1797099.29,68015471.86,293.9062094,10684.77,5684.55,384398.93,0,0,26841.24,1769454.06,368.64,0,0,0,0,0,3626.65,-231299.4,-397510.24
290,1769454.06,67589579.66,292.0088064,10309.66,5506.43,381925.91,0,0,397.74,1716194.14,357.54,0,0,0,0,0,226.93,-232329.98,-397872.61
291,1716194.14,67168212.67,290.1298771,9942.57,5517.38,379478.95,0,0,382.81,1663547.87,346.57,0,0,0,0,0,225.21,-230018.32,-395060.26
292,1663547.87,66751025.48,288.2709186,9582.92,5406.99,377057.49,0,0,368.07,1611626.41,335.76,0,0,0,0,0,221.54,-227725.83,-392161.62
293,1611626.41,66338137.52,286.4316352,9231.04,5298.31,374661.32,0,0,353.52,1560417.46,325.09,0,0,0,0,0,217.87,-225465.64,-389297.89
294,1560417.46,65929486.91,284.6117368,8886.74,5191.31,372290.1,0,0,339.15,1509908.92,314.56,0,0,0,0,0,214.22,-223237.16,-386468.49
295,1509908.92,65525012.89,282.8109387,8552.67,5086.14,369943.45,0,0,325.16,1460248.95,304.22,0,0,0,0,0,210.58,-221039.9,-383675.9
296,1460248.95,65124655.8,281.0296752,8235.9,4983.25,367621.04,0,0,312,1411836.4,294.13,0,0,0,0,0,206.95,-218873.54,-380927.37
297,1411836.4,64728469.64,279.2669329,7925.68,4881.91,365323.34,0,0,298.98,1364063.41,284.18,0,0,0,0,0,203.33,-216737.19,-378211.78
298,1364063.41,64336280.32,277.5224436,7622.66,4782.2,363049.16,0,0,286.22,1317012.07,274.38,0,0,0,0,0,199.72,-214630.38,-375528.68
299,1317012.07,63948031.48,275.7982133,7344.37,4686.5,360798.16,0,0,276.1,1272760.76,265.16,0,0,0,0,0,196.12,-212555.45,-372898.07
300,1272760.76,63564033.53,274.0916734,7038.56,4575.99,358566.83,68929.36,0,266.07,1160203.83,241.71,0,0,0,0,0,1240.56,-209439.08,-369182.53
301,1160203.83,63183859.84,272.1350365,7655.78,4463.96,356448.88,0,0,17595.11,1134143.81,236.28,0,0,0,0,0,2425.12,-206323.25,-366379.78
302,1134143.81,62746097.21,270.2054149,7359.1,4316.3,353908.33,0,0,235.87,1094570.6,228.04,0,0,0,0,0,171.66,-206232.75,-365640.11
303,1094570.6,62313927.33,268.2962466,7069.24,4329.19,351400.85,0,0,230.21,1055480.51,219.89,0,0,0,0,0,169.55,-203945.48,-362849.62
304,1055480.51,61886390.88,266.4087339,6785.69,4238.84,348921.48,0,0,224.62,1016968.12,211.87,0,0,0,0,0,165.78,-201683.13,-359992.1
305,1016968.12,61463568.07,264.5425367,6508.74,4150,346469.95,0,0,219.08,979022.89,203.96,0,0,0,0,0,162.03,-199455.2,-357170.62
306,979022.89,61045386.9,262.6973216,6238.23,4062.63,344045.83,0,0,213.59,941634.5,196.17,0,0,0,0,0,158.3,-197261.02,-354384.56
307,941634.5,60631776.77,260.872762,5980.24,3977.07,341648.69,0,0,208.17,905106.17,188.56,0,0,0,0,0,154.57,-195100.31,-351639.99
308,905106.17,60222668.44,259.069998,5752.04,3894.31,339278.13,0,0,202.8,870304.25,181.31,0,0,0,0,0,150.98,-192973.39,-348954.81
309,870304.25,59818225.95,257.2871968,5530.11,3813.84,336935.47,0,0,198.45,836816.49,174.34,0,0,0,0,0,147.82,-190878.51,-346305.94
310,836816.49,59418141.45,255.5268357,5315.71,3736.43,334618.51,0,0,195.94,805340.85,167.78,0,0,0,0,0,144.67,-188815.81,-343693.76
311,805340.85,59022805.08,253.7858176,5124.82,3662.53,332329.62,0,0,193.46,776259.87,161.72,0,0,0,0,0,141.52,-186790.85,-341137.17
312,776259.87,58631695.62,252.0689931,4949.86,3581.1,330060.6,36028.07,0,191.02,714824.17,148.92,0,0,0,0,0,850.26,-184083.21,-337890.22
313,714824.17,58245584.54,250.1421452,5366.62,3515.91,327898.87,0,0,10299.2,699196.7,145.67,0,0,0,0,0,1443.23,-181536.16,-335483.84
314,699196.7,57810637.14,248.2388898,5189.57,3398.82,325381.98,0,0,184.43,673855.08,140.39,0,0,0,0,0,123.34,-180628.05,-333987.42
315,673855.08,57380800.81,246.35682,5054.12,3424.87,322894.84,0,0,181.95,655836.19,136.63,0,0,0,0,0,122.51,-178476.58,-331387.95
316,655836.19,56955799.34,244.5059589,4932.45,3365.96,320436.83,0,0,179.52,640134.02,133.36,0,0,0,0,0,121.01,-176359.27,-328747.59
317,640134.02,56537231.48,242.6767829,4813.62,3308.07,318018.02,0,0,177.12,624650.49,130.14,0,0,0,0,0,119.73,-174286.72,-326150.12
318,624650.49,56123454.15,240.8689451,4697.58,3251.18,315627.44,0,0,174.76,609381.31,126.95,0,0,0,0,0,118.48,-172246.67,-323584.67
319,609381.31,55714392.67,239.0821059,4584.22,3195.28,313264.64,0,0,172.44,594322.29,123.82,0,0,0,0,0,117.23,-170238.48,-321050.73
320,594322.29,55309973.83,237.3159324,4473.49,3140.33,310929.19,0,0,170.16,579469.33,120.72,0,0,0,0,0,115.99,-168261.52,-318547.74
321,579469.33,54910125.83,235.5700984,4365.3,3086.32,308620.66,0,0,167.92,564818.47,117.67,0,0,0,0,0,114.77,-166315.15,-316075.18
322,564818.47,54514778.3,233.8442842,4259.59,3033.23,306338.64,0,0,165.71,550365.83,114.66,0,0,0,0,0,113.55,-164398.79,-313632.57
323,550365.83,54123862.24,232.1381764,4156.29,2981.04,304082.7,0,0,163.54,536107.62,111.69,0,0,0,0,0,112.34,-162511.85,-311219.38
324,536107.62,53737309.95,230.4514679,4039.24,2919.47,301848.1,4762.32,0,161.4,517747.68,107.86,0,0,0,0,0,427.66,-160334.44,-308487.01
325,517747.68,53355055.08,228.5423884,4599.14,2906.35,299708.7,0,0,7322.29,516312.41,107.57,0,0,0,0,0,1013.3,-157974.81,-306308.46
326,516312.41,52920886.71,226.6580663,4494.86,2820.89,297202.91,0,0,155.66,507922.47,105.82,0,0,0,0,0,102.93,-156800.01,-304521.55
327,507922.47,52492143.23,224.7963607,4393.28,2848.25,294728.79,0,0,153.46,499626.29,104.09,0,0,0,0,0,103.17,-154759.39,-301971.24
328,499626.29,52068572.11,222.9579898,4294.06,2802.43,292285.7,0,0,151.3,491494.39,102.39,0,0,0,0,0,102.24,-152748.29,-299382.34
329,491494.39,51650191.65,221.1425565,4197.47,2757.52,289873.21,0,0,149.18,483522.8,100.73,0,0,0,0,0,101.33,-150771.31,-296827.6
330,483522.8,51236915.74,219.3496725,4103.45,2713.5,287490.83,0,0,147.1,475707.65,99.11,0,0,0,0,0,100.43,-148827.74,-294306.46
331,475707.65,50828660.06,217.5789578,4011.9,2670.33,285138.04,0,0,145.05,468045.2,97.51,0,0,0,0,0,99.56,-146916.87,-291818.22
332,468045.2,50425342.06,215.8300402,3922.76,2628.01,282814.34,0,0,143.04,460531.82,95.94,0,0,0,0,0,98.69,-145038,-289362.36
333,460531.82,50026880.9,214.1025557,3835.95,2586.51,280519.26,0,0,141.06,453163.96,94.41,0,0,0,0,0,97.84,-143190.47,-286938.29
334,453163.96,49633197.4,212.3961478,3751.41,2545.81,278252.32,0,0,139.11,445938.19,92.9,0,0,0,0,0,97.01,-141373.63,-284545.43
335,445938.19,49244214.03,210.7104677,3669.06,2505.9,276013.05,0,0,137.2,438851.18,91.43,0,0,0,0,0,96.2,-139586.84,-282183.24
336,438851.18,48859854.84,209.0451738,3574.53,2458.05,273797.27,3283.33,0,135.32,428643.08,89.3,0,0,0,0,0,135.53,-137787.23,-279783.62
337,428643.08,48480045.43,207.1512789,4039.39,2445.78,271666.21,0,0,6037.43,427131.26,88.99,0,0,0,0,0,839.24,-135391.97,-277401.13
338,427131.26,48046375.35,205.2829834,3946.5,2372.78,269172.17,0,0,130.35,419897.87,87.48,0,0,0,0,0,88.34,-134138.55,-275490.59
339,419897.87,47618393.15,203.4383983,3856.03,2393.34,266711.28,0,0,128.42,412751.67,85.99,0,0,0,0,0,88.46,-132178.17,-272958.18
340,412751.67,47195868.94,201.6180404,3767.68,2353.17,264282.89,0,0,126.53,405750.97,84.53,0,0,0,0,0,87.61,-130250.63,-270400.66
341,405750.97,46778795.58,199.8214897,3681.7,2313.82,261886.53,0,0,124.68,398892.2,83.1,0,0,0,0,0,86.77,-128358.86,-267878.38
342,398892.2,46367080.59,198.0483354,3598.01,2275.26,259521.64,0,0,122.86,392171.89,81.7,0,0,0,0,0,85.95,-126502.03,-265390.66
343,392171.89,45960633.46,196.2981756,3516.54,2237.49,257187.68,0,0,121.07,385586.69,80.33,0,0,0,0,0,85.15,-124679.38,-262936.89
344,385586.69,45559365.56,194.5706167,3437.23,2200.47,254884.12,0,0,119.31,379133.32,78.99,0,0,0,0,0,84.36,-122890.12,-260516.45
345,379133.32,45163190.13,192.8652739,3360.02,2164.19,252610.45,0,0,117.58,372808.6,77.67,0,0,0,0,0,83.59,-121133.52,-258128.74
346,372808.6,44772022.18,191.1817702,3284.82,2128.63,250366.15,0,0,115.89,366609.45,76.38,0,0,0,0,0,82.82,-119408.85,-255773.16
347,366609.45,44385778.51,189.5197367,3211.6,2093.78,248150.74,0,0,114.22,360532.88,75.11,0,0,0,0,0,82.08,-117715.39,-253449.15
348,360532.88,44004377.62,187.8788122,3127.77,2052.29,245960.54,2673.19,0,112.58,351925.79,73.32,0,0,0,0,0,113.76,-116018.43,-251100.16
349,351925.79,43627739.69,186.0729238,3451.48,2040.82,243847.79,0,0,4935.32,350471.52,73.01,0,0,0,0,0,688.39,-113833.95,-248724.71
350,350471.52,43212908.98,184.2922257,3371.03,1979.29,241470.41,0,0,108.33,344349.25,71.74,0,0,0,0,0,74.44,-112644.6,-246818.03
351,344349.25,42803709.62,182.5350645,3292.71,1994.69,239125.81,0,0,106.67,338304.9,70.48,0,0,0,0,0,74.49,-110881.22,-244409.2
352,338304.9,42399934.76,180.8017948,3216.25,1960.12,236813.35,0,0,105.05,332386.3,69.25,0,0,0,0,0,73.74,-109149.68,-241985.23
353,332386.3,42001559.22,179.0919915,3141.86,1926.27,234532.53,0,0,103.46,326590.33,68.04,0,0,0,0,0,73,-107451.75,-239595.7
354,326590.33,41608488.8,177.4052388,3069.49,1893.12,232282.78,0,0,101.9,320913.94,66.86,0,0,0,0,0,72.27,-105786.65,-237239.98
355,320913.94,41220631.31,175.74113,2999.05,1860.65,230063.55,0,0,100.36,315354.19,65.7,0,0,0,0,0,71.56,-104153.61,-234917.39
356,315354.19,40837896.56,174.0992671,2930.51,1828.85,227874.31,0,0,98.86,309908.21,64.56,0,0,0,0,0,70.86,-102551.89,-232627.37
357,309908.21,40460196.26,172.479261,2863.79,1797.7,225714.53,0,0,97.38,304573.21,63.45,0,0,0,0,0,70.18,-100980.77,-230369.29
358,304573.21,40087444.03,170.8807309,2798.85,1767.19,223583.69,0,0,95.93,299346.5,62.36,0,0,0,0,0,69.51,-99439.56,-228142.58
359,299346.5,39719555.28,169.3033041,2735.62,1737.29,221481.29,0,0,94.5,294225.44,61.3,0,0,0,0,0,68.84,-97927.56,-225946.66
360,294225.44,39356447.24,167.7466161,2663.45,1701.9,219404.17,2162.15,0,93.1,287064.72,59.81,0,0,0,0,0,94.2,-96416.88,-223735.13
361,287064.72,38998038.86,165.965476,3048.16,1691.44,217399.84,0,0,4007.07,285576.58,59.5,0,0,0,0,0,562.44,-94514.54,-221636.5
362,285576.58,38587110.56,164.2109067,2974.65,1639.2,215052.7,0,0,89.45,280311.69,58.4,0,0,0,0,0,63.65,-93341.98,-219661.3
363,280311.69,38182179.81,162.4814114,2903.13,1649.77,212740.45,0,0,88.01,275121.06,57.32,0,0,0,0,0,63.59,-91709.83,-217287.08
364,275121.06,37783047.98,160.7771593,2833.38,1619.56,210462.34,0,0,86.59,270043.44,56.26,0,0,0,0,0,62.89,-90110.89,-214908.65
365,270043.44,37389663.92,159.0976764,2765.58,1590.02,208217.81,0,0,85.2,265075.91,55.22,0,0,0,0,0,62.2,-88546,-212566.43
366,265075.91,37001921.43,157.4424997,2699.66,1561.11,206006.21,0,0,83.83,260215.66,54.21,0,0,0,0,0,61.52,-87014.29,-210259.67
367,260215.66,36619716.72,155.8111763,2635.56,1532.83,203826.94,0,0,82.49,255459.92,53.22,0,0,0,0,0,60.85,-85514.94,-207987.7
368,255459.92,36242948.3,154.203264,2573.23,1505.16,201679.38,0,0,81.18,250806.04,52.25,0,0,0,0,0,60.2,-84047.12,-205749.82
369,250806.04,35871516.94,152.6183302,2512.61,1478.07,199562.95,0,0,79.89,246251.43,51.3,0,0,0,0,0,59.55,-82610.06,-203545.38
370,246251.43,35505325.64,151.0559525,2453.65,1451.57,197477.07,0,0,78.63,241793.59,50.37,0,0,0,0,0,58.92,-81202.99,-201373.74
371,241793.59,35144279.51,149.5157174,2396.3,1425.63,195421.18,0,0,77.39,237430.08,49.46,0,0,0,0,0,58.3,-79825.18,-199234.27
372,237430.08,34788285.78,147.9972211,2331.15,1395.17,193392.47,1729.18,0,76.17,231446.02,48.22,0,0,0,0,0,78.3,-78454.34,-197088.71
373,231446.02,34437253.69,146.3152173,2582.37,1385.42,191430.15,0,0,3214.77,230064.73,47.93,0,0,0,0,0,453.25,-76771.66,-194992.62
374,230064.73,34047399.11,144.6591799,2519.36,1341.98,189213.91,0,0,73.08,225661.22,47.01,0,0,0,0,0,52.95,-75691.94,-193069.31
375,225661.22,33663460.68,143.0277957,2458.07,1349.2,187031.91,0,0,71.85,221323.25,46.11,0,0,0,0,0,52.86,-74248.31,-190832.43
376,221323.25,33285256.69,141.4211172,2398.3,1323.53,184883.42,0,0,70.64,217081.96,45.23,0,0,0,0,0,52.25,-72836.69,-188598.23
377,217081.96,32912723.63,139.8386723,2340.2,1298.43,182767.85,0,0,69.46,212934.84,44.36,0,0,0,0,0,51.64,-71457.3,-186399.2
378,212934.84,32545754.59,138.2799996,2283.73,1273.89,180684.58,0,0,68.3,208879.44,43.52,0,0,0,0,0,51.05,-70109.28,-184234.67
379,208879.44,32184245.08,136.7446484,2228.82,1249.89,178632.99,0,0,67.17,204913.38,42.69,0,0,0,0,0,50.47,-68791.81,-182103.92
380,204913.38,31828092.97,135.2321779,2175.43,1226.42,176612.46,0,0,66.05,201034.37,41.88,0,0,0,0,0,49.89,-67504.07,-180006.3
381,201034.37,31477198.41,133.7421578,2123.51,1203.47,174622.42,0,0,64.96,197240.16,41.09,0,0,0,0,0,49.33,-66245.3,-177941.16
382,197240.16,31131463.82,132.2741674,2073.02,1181.01,172662.27,0,0,63.89,193528.6,40.32,0,0,0,0,0,48.78,-65014.72,-175907.84
383,193528.6,30790793.77,130.8277952,2023.9,1159.05,170731.47,0,0,62.84,189897.59,39.56,0,0,0,0,0,48.24,-63811.61,-173905.74
384,189897.59,30455094.97,129.4026394,1968.26,1133.42,168827.58,1370.77,0,61.81,184988.18,38.54,0,0,0,0,0,63.89,-62618.37,-171903.91
385,184988.18,30124276.18,127.7956273,2224.79,1124.7,166983.45,0,0,2555.98,183676.3,38.27,0,0,0,0,0,362.75,-61179.67,-170008.46
386,183676.3,29751149.29,126.2152313,2168.28,1088.52,164869.53,0,0,59.2,179971.62,37.49,0,0,0,0,0,44.27,-60209.95,-168119.55
387,179971.62,29384115,124.6602442,2113.36,1092.85,162790.78,0,0,58.14,176327.48,36.73,0,0,0,0,0,44.12,-58955.39,-165989.6
388,176327.48,29022994.65,123.1305715,2059.89,1070.93,160746.44,0,0,57.11,172768.49,35.99,0,0,0,0,0,43.56,-57731.18,-163869.69
389,172768.49,28667703.97,121.6256963,2007.97,1049.51,158735.84,0,0,56.1,169292.33,35.27,0,0,0,0,0,43.01,-56537.13,-161785.58
390,169292.33,28318125.31,120.1451143,1957.55,1028.6,156758.29,0,0,55.11,165896.75,34.56,0,0,0,0,0,42.47,-55372.36,-159736.53
391,165896.75,27974143.87,118.6883336,1908.59,1008.16,154813.1,0,0,54.14,162579.58,33.87,0,0,0,0,0,41.93,-54236.06,-157721.79
392,162579.58,27635647.6,117.2548741,1861.04,988.2,152899.61,0,0,53.19,159338.7,33.2,0,0,0,0,0,41.41,-53127.41,-155740.64
393,159338.7,27302527.15,115.8442675,1814.86,968.7,151017.19,0,0,52.26,156172.07,32.54,0,0,0,0,0,40.9,-52045.64,-153792.39
394,156172.07,26974675.78,114.4560564,1769.99,949.65,149165.2,0,0,51.35,153077.72,31.89,0,0,0,0,0,40.4,-50989.99,-151876.33
395,153077.72,26651989.28,113.0897948,1726.39,931.03,147343.02,0,0,50.45,150053.72,31.26,0,0,0,0,0,39.91,-49959.73,-149991.79
396,150053.72,26334365.91,111.7450471,1677.28,909.47,145548.52,1073.59,0,49.58,146036.27,30.42,0,0,0,0,0,51.97,-48941.1,-148113.72
397,146036.27,26021706.34,110.2438919,1878.27,901.61,143807.99,0,0,2006.53,144841.04,30.18,0,0,0,0,0,286.57,-47732.53,-146331.48
398,144841.04,25671850.68,108.7685933,1829.76,871.9,141836.87,0,0,47.4,141774.48,29.54,0,0,0,0,0,36.41,-46874.87,-144531.66
399,141774.48,25327961.04,107.3180818,1782.64,874.17,139899.96,0,0,46.51,138761.24,28.91,0,0,0,0,0,36.25,-45797.93,-142549.43
400,138761.24,24989871.07,105.8921825,1736.75,855.74,137996.49,0,0,45.64,135820.6,28.3,0,0,0,0,0,35.75,-44749.4,-140581.53
401,135820.6,24657488.75,104.4903838,1692.2,837.76,136125.8,0,0,44.78,132950.54,27.7,0,0,0,0,0,35.27,-43728.78,-138648.19
402,132950.54,24330696.64,103.1121872,1648.96,820.21,134287.2,0,0,43.95,130149.13,27.11,0,0,0,0,0,34.8,-42735.25,-136748.68
403,130149.13,24009380.17,101.7571058,1606.96,803.07,132480.03,0,0,43.13,127414.49,26.54,0,0,0,0,0,34.34,-41767.98,-134882.26
404,127414.49,23693427.52,100.4246652,1566.18,786.35,130703.63,0,0,42.33,124744.79,25.99,0,0,0,0,0,33.88,-40826.19,-133048.27
405,124744.79,23382729.56,99.11440192,1526.58,770.02,128957.36,0,0,41.55,122138.27,25.45,0,0,0,0,0,33.44,-39909.11,-131245.97
406,122138.27,23077179.81,97.82586415,1488.11,754.08,127240.6,0,0,40.79,119593.23,24.92,0,0,0,0,0,33,-39016,-129474.71
407,119593.23,22776674.3,96.55861078,1450.74,738.51,125552.74,0,0,40.04,117108,24.4,0,0,0,0,0,32.57,-38146.16,-127733.82
408,117108,22481111.57,95.31221131,1408.76,720.62,123891.93,830.5,0,39.3,113860.09,23.72,0,0,0,0,0,41.75,-37288.91,-126003.28
409,113860.09,22190392.55,93.96090291,1529.48,713.73,122279.03,0,0,1555.16,112833.04,23.51,0,0,0,0,0,223.12,-36286.14,-124322.63
410,112833.04,21875432.36,92.63381571,1489.2,689.83,120511.31,0,0,37.51,110360.49,22.99,0,0,0,0,0,29.17,-35593.17,-122684.16
411,110360.49,21566068.37,91.33000864,1450.07,690.86,118775.54,0,0,36.78,107933.05,22.49,0,0,0,0,0,29.02,-34731.92,-120909.94
412,107933.05,21262148.06,90.0492521,1411.99,675.77,117071,0,0,36.06,105565.65,21.99,0,0,0,0,0,28.6,-33894.53,-119152.15
413,105565.65,20963576.81,88.79105237,1375.03,661.06,115397.04,0,0,35.37,103256.6,21.51,0,0,0,0,0,28.2,-33080.44,-117426.44
414,103256.6,20670241.03,87.55492805,1339.17,646.71,113753,0,0,34.68,101004.26,21.04,0,0,0,0,0,27.8,-32288.93,-115732.12
415,101004.26,20382029.97,86.34040978,1304.36,632.71,112138.23,0,0,34.01,98807.06,20.58,0,0,0,0,0,27.41,-31519.27,-114068.47
416,98807.06,20098835.6,85.14703982,1270.56,619.06,110552.11,0,0,33.36,96663.46,20.14,0,0,0,0,0,27.03,-30770.8,-112434.84
417,96663.46,19820552.54,83.97437181,1237.76,605.73,108994.02,0,0,32.72,94571.97,19.7,0,0,0,0,0,26.66,-30042.85,-110830.55
418,94571.97,19547078,82.8219704,1205.9,592.74,107463.36,0,0,32.09,92531.17,19.28,0,0,0,0,0,26.29,-29334.78,-109254.99
419,92531.17,19278311.7,81.68941094,1174.97,580.05,105959.55,0,0,31.48,90539.67,18.86,0,0,0,0,0,25.93,-28645.98,-107707.5
420,90539.67,19014155.79,80.5762792,1140.34,565.55,104481.03,636.54,0,30.88,87967.28,18.33,0,0,0,0,0,32.85,-27968.31,-106172.4
421,87967.28,18754514.82,79.31268129,1296.15,559.68,103046.3,0,0,1193.95,87033.48,18.13,0,0,0,0,0,172.9,-27179.92,-104747.36
422,87033.48,18459461.35,78.0735331,1260.42,540.23,101397.33,0,0,29.41,84997.12,17.71,0,0,0,0,0,23.84,-26590.83,-103191.85
423,84997.12,18170086.78,76.85794748,1225.75,540.02,99780.61,0,0,28.8,83001.63,17.29,0,0,0,0,0,23.66,-25876.05,-101540.01
424,83001.63,17886237.04,75.66559978,1192.05,527.42,98195.38,0,0,28.19,81058.3,16.89,0,0,0,0,0,23.29,-25183.17,-99908.45
425,81058.3,17607803.23,74.49596215,1159.39,515.15,96640.93,0,0,27.61,79165.6,16.49,0,0,0,0,0,22.93,-24511.51,-98309.03
426,79165.6,17334663.09,73.34852051,1127.72,503.2,95116.56,0,0,27.03,77322.04,16.11,0,0,0,0,0,22.57,-23860.36,-96741.02
427,77322.04,17066697.47,72.22277411,1097.01,491.56,93621.58,0,0,26.47,75526.2,15.73,0,0,0,0,0,22.22,-23229,-95203.66
428,75526.2,16803790.32,71.11823518,1067.23,480.22,92155.32,0,0,25.93,73776.69,15.37,0,0,0,0,0,21.88,-22616.77,-93696.26
429,73776.69,16545828.55,70.03442853,1038.35,469.18,90717.12,0,0,25.39,72072.18,15.02,0,0,0,0,0,21.54,-22023,-92218.13
430,72072.18,16292702,68.97089121,1010.35,458.41,89306.36,0,0,24.87,70411.37,14.67,0,0,0,0,0,21.21,-21447.08,-90768.58
431,70411.37,16044303.28,67.92717213,983.18,447.93,87922.4,0,0,24.36,68793,14.33,0,0,0,0,0,20.89,-20888.4,-89346.95
432,68793,15800527.77,66.90283177,952.94,436.05,86563.85,479.44,0,23.86,66742.78,13.9,0,0,0,0,0,25.99,-20340.77,-87940.75
433,66742.78,15561273.48,65.79361738,1037.25,430.93,85245.13,0,0,899.84,65960.4,13.74,0,0,0,0,0,131.11,-19711.58,-86595.94
434,65960.4,15301929.63,64.7066078,1008.02,415.61,83802.64,0,0,22.67,64350.95,13.41,0,0,0,0,0,18.7,-19254.75,-85220.98
435,64350.95,15047762.32,63.64103105,979.68,414.88,82389.38,0,0,22.18,62775.5,13.08,0,0,0,0,0,18.54,-18704.36,-83778.48
436,62775.5,14798632.38,62.59655167,952.14,404.78,81004.63,0,0,21.69,61242.48,12.76,0,0,0,0,0,18.24,-18171.7,-82356.07
437,61242.48,14554435.15,61.5726798,925.45,394.95,79647.75,0,0,21.22,59750.62,12.45,0,0,0,0,0,17.93,-17656.17,-80962.67
438,59750.62,14315056.56,60.56893855,899.59,385.38,78318.07,0,0,20.76,58298.7,12.15,0,0,0,0,0,17.64,-17157.14,-79597.55
439,58298.7,14080385.54,59.58486357,874.52,376.07,77014.97,0,0,20.31,56885.53,11.85,0,0,0,0,0,17.35,-16674.04,-78260.06
440,56885.53,13850313.94,58.62000272,850.23,367.01,75737.82,0,0,19.87,55509.98,11.56,0,0,0,0,0,17.07,-16206.3,-76949.55
441,55509.98,13624736.43,57.67391573,826.68,358.19,74486.02,0,0,19.44,54170.93,11.29,0,0,0,0,0,16.79,-15753.37,-75665.39
442,54170.93,13403550.42,56.74617379,803.84,349.61,73258.97,0,0,19.02,52867.31,11.01,0,0,0,0,0,16.52,-15314.73,-74406.91
443,52867.31,13186655.99,55.8363593,781.7,341.25,72056.12,0,0,18.61,51598.08,10.75,0,0,0,0,0,16.26,-14889.88,-73173.56
444,51598.08,12973955.8,54.94406549,757.14,331.84,70876.27,356.54,0,18.21,50010.7,10.42,0,0,0,0,0,19.98,-14474.22,-71955.69
445,50010.7,12765355.03,53.94056929,851.74,327.59,69730.31,0,0,669.49,49334.69,10.28,0,0,0,0,0,98.55,-13998.34,-70821.37
446,49334.69,12530779.8,52.95893259,826.34,315.46,68430.29,0,0,17.26,48048.57,10.01,0,0,0,0,0,14.81,-13638.64,-69567.29
447,48048.57,12301312.58,51.99841084,801.75,314.25,67159,0,0,16.85,46792.33,9.75,0,0,0,0,0,14.65,-13211.22,-68270.1
448,46792.33,12076810.89,51.05859735,777.91,306.08,65915.67,0,0,16.46,45572.07,9.49,0,0,0,0,0,14.39,-12798.88,-66994.76
449,45572.07,11857158.99,50.13897274,754.84,298.13,64699.62,0,0,16.07,44386.65,9.25,0,0,0,0,0,14.12,-12401.04,-65747.72
450,44386.65,11642235.49,49.23903239,732.52,290.41,63510.15,0,0,15.7,43234.97,9.01,0,0,0,0,0,13.87,-12017.11,-64528.22
451,43234.97,11431922.41,48.35828594,710.93,282.92,62346.59,0,0,15.33,42115.99,8.77,0,0,0,0,0,13.62,-11646.57,-63335.59
452,42115.99,11226105.1,47.49625687,690.03,275.63,61208.28,0,0,14.97,41028.67,8.55,0,0,0,0,0,13.37,-11288.89,-62169.12
453,41028.67,11024672.15,46.65248204,669.81,268.55,60094.59,0,0,14.63,39972.03,8.33,0,0,0,0,0,13.13,-10943.57,-61028.15
454,39972.03,10827515.23,45.82651131,650.25,261.68,59004.9,0,0,14.29,38945.12,8.11,0,0,0,0,0,12.9,-10610.13,-59912.04
455,38945.12,10634529.06,45.01790711,631.3,254.99,57938.62,0,0,13.96,37947.02,7.91,0,0,0,0,0,12.67,-10288.13,-58820.15
456,37947.02,10445611.3,44.22624406,610.44,247.53,56894.66,259.98,0,13.64,36720.82,7.65,0,0,0,0,0,15.3,-9974.17,-57744.98
457,36720.82,10260662.43,43.369348,665.91,243.98,55881.06,0,0,487.89,36172.64,7.54,0,0,0,0,0,72.38,-9617.37,-56726.11
458,36172.64,10060379.93,42.53177675,645.5,234.68,54776.56,0,0,12.89,35182.81,7.33,0,0,0,0,0,11.3,-9353.17,-55652.77
459,35182.81,9864620.08,41.71288831,625.75,233.38,53697.31,0,0,12.57,34217.25,7.13,0,0,0,0,0,11.17,-9040.19,-54552.4
460,34217.25,9673256.46,40.91229586,606.62,227,52642.67,0,0,12.26,33280.34,6.93,0,0,0,0,0,10.95,-8738.8,-53472.27
461,33280.34,9486182.73,40.12953093,588.12,220.81,51612,0,0,11.95,32371.15,6.74,0,0,0,0,0,10.74,-8448.52,-52416.93
462,32371.15,9303289.15,39.36413853,570.23,214.81,50604.67,0,0,11.66,31488.79,6.56,0,0,0,0,0,10.53,-8168.89,-51385.74
463,31488.79,9124469.09,38.61567674,552.93,208.98,49620.09,0,0,11.37,30632.41,6.38,0,0,0,0,0,10.33,-7899.48,-50378.05
464,30632.41,8949619.01,37.88371627,536.2,203.32,48657.66,0,0,11.09,29801.16,6.21,0,0,0,0,0,10.13,-7639.88,-49393.26
465,29801.16,8778638.3,37.16784008,520.02,197.83,47716.83,0,0,10.82,28994.25,6.04,0,0,0,0,0,9.94,-7389.71,-48430.78
466,28994.25,8611429.2,36.467643,504.37,192.5,46797.03,0,0,10.56,28210.9,5.88,0,0,0,0,0,9.75,-7148.57,-47490.03
467,28210.9,8447896.75,35.78273133,489.24,187.32,45897.72,0,0,10.3,27450.36,5.72,0,0,0,0,0,9.56,-6916.12,-46570.44
468,27450.36,8287948.64,35.11272252,472.63,181.58,45018.02,186.5,0,10.05,26528.46,5.53,0,0,0,0,0,11.41,-6689.93,-45666.35
469,26528.46,8131495.19,34.3926404,508.73,178.74,44163.67,0,0,349.68,26096.51,5.44,0,0,0,0,0,52.25,-6433.32,-44804.33
470,26096.51,7963512.23,33.68949564,492.63,171.74,43240.92,0,0,9.47,25350.3,5.28,0,0,0,0,0,8.45,-6247.16,-43902.12
471,25350.3,7799490.19,33.00273374,477.06,170.52,42340.17,0,0,9.23,24623.4,5.13,0,0,0,0,0,8.33,-6026.32,-42984.55
472,24623.4,7639317.06,32.33199055,461.98,165.64,41460.84,0,0,8.99,23918.88,4.98,0,0,0,0,0,8.16,-5814.1,-42085.28
473,23918.88,7482895.77,31.67684431,447.42,160.92,40602.36,0,0,8.75,23236,4.84,0,0,0,0,0,7.99,-5610.09,-41207.55
474,23236,7330127.51,31.03688555,433.35,156.34,39764.17,0,0,8.53,22574.05,4.7,0,0,0,0,0,7.83,-5413.96,-40350.73
475,22574.05,7180916.31,30.41171669,419.76,151.9,38945.73,0,0,8.31,21932.32,4.57,0,0,0,0,0,7.67,-5225.36,-39514.29
476,21932.32,7035169,29.8009517,406.63,147.6,38146.52,0,0,8.1,21310.16,4.44,0,0,0,0,0,7.51,-5043.98,-38697.68
477,21310.16,6892795.09,29.20421568,393.94,143.43,37366.03,0,0,7.89,20706.92,4.31,0,0,0,0,0,7.36,-4869.51,-37900.35
478,20706.92,6753706.72,28.62114459,381.68,139.39,36603.77,0,0,7.69,20121.97,4.19,0,0,0,0,0,7.21,-4701.67,-37121.82
479,20121.97,6617818.53,28.05138483,369.83,135.47,35859.26,0,0,7.49,19554.73,4.07,0,0,0,0,0,7.07,-4540.18,-36361.56
480,19554.73,6485047.64,27.49459296,356.88,131.14,35131.76,131.77,0,7.3,18875.13,3.93,0,0,0,0,0,8.33,-4383.32,-35615.38
481,18875.13,6355313.53,26.87036701,402.09,128.91,34426.07,0,0,246.71,18521.02,3.86,0,0,0,0,0,37.38,-4204.96,-34923.55
482,18521.02,6209830.17,26.2620074,388.56,123.59,33630.3,0,0,6.85,17948.18,3.74,0,0,0,0,0,6.42,-4068.79,-34139.77
483,17948.18,6068062.62,25.66899328,375.51,122.37,32855.06,0,0,6.66,17391.61,3.62,0,0,0,0,0,6.31,-3908.94,-33350.25
484,17391.61,5929901.57,25.09094563,362.9,118.58,32099.74,0,0,6.47,16853.38,3.51,0,0,0,0,0,6.17,-3755.92,-32578.56
485,16853.38,5795249.19,24.52744751,350.74,114.92,31363.81,0,0,6.29,16332.84,3.4,0,0,0,0,0,6.03,-3609.4,-31826.84
486,16332.84,5664007.39,23.97809453,339.01,111.38,30646.7,0,0,6.11,15829.37,3.3,0,0,0,0,0,5.89,-3469.08,-31094.5
487,15829.37,5536081.03,23.44249453,327.7,107.96,29947.89,0,0,5.94,15342.38,3.2,0,0,0,0,0,5.76,-3334.68,-30380.99
488,15342.38,5411377.87,22.9202671,316.8,104.65,29266.87,0,0,5.77,14871.28,3.1,0,0,0,0,0,5.63,-3205.91,-29685.79
489,14871.28,5289808.41,22.41104329,306.27,101.45,28603.13,0,0,5.61,14415.53,3,0,0,0,0,0,5.5,-3082.53,-29008.35
490,14415.53,5171285.88,21.91446516,296.12,98.35,27956.19,0,0,5.46,13974.59,2.91,0,0,0,0,0,5.38,-2964.29,-28348.19
491,13974.59,5055726.07,21.43018549,286.33,95.35,27325.59,0,0,5.3,13547.96,2.82,0,0,0,0,0,5.26,-2850.95,-27704.83
492,13547.96,4943047.32,20.95786742,275.72,92.08,26710.67,90.54,0,5.16,13046.33,2.72,0,0,0,0,0,6.09,-2741.32,-27075.1
493,13046.33,4833170.39,20.45927892,292.3,90.31,26114.66,0,0,169.01,12782.56,2.66,0,0,0,0,0,25.8,-2617.48,-26474.13
494,12782.56,4717206.34,19.97381335,282.16,86.48,25482.64,0,0,4.83,12370.28,2.58,0,0,0,0,0,4.57,-2529.61,-25849.29
495,12370.28,4604313.07,19.50103944,272.38,85.47,24867.5,0,0,4.68,11970.29,2.49,0,0,0,0,0,4.49,-2425.44,-25223.35
496,11970.29,4494398.51,19.04062815,262.94,82.71,24268.75,0,0,4.54,11583.95,2.41,0,0,0,0,0,4.38,-2325.89,-24612.43
497,11583.95,4387378.97,18.59222578,253.84,80.05,23685.92,0,0,4.41,11210.76,2.34,0,0,0,0,0,4.28,-2230.72,-24017.87
498,11210.76,4283171.19,18.15548952,245.08,77.48,23118.53,0,0,4.28,10850.26,2.26,0,0,0,0,0,4.17,-2139.72,-23439.18
499,10850.26,4181694.46,17.73008709,236.63,74.99,22566.15,0,0,4.15,10501.98,2.19,0,0,0,0,0,4.08,-2052.69,-22875.88
500,10501.98,4082870.58,17.3156964,228.5,72.59,22028.33,0,0,4.03,10165.49,2.12,0,0,0,0,0,3.98,-1969.44,-22327.56
501,10165.49,3986623.74,16.91200526,220.66,70.27,21504.67,0,0,3.92,9840.36,2.05,0,0,0,0,0,3.88,-1889.81,-21793.77
502,9840.36,3892880.47,16.51871096,213.1,68.03,20994.75,0,0,3.8,9526.19,1.98,0,0,0,0,0,3.79,-1813.61,-21274.07
503,9526.19,3801569.55,16.13552009,205.82,65.86,20498.19,0,0,3.69,9222.58,1.92,0,0,0,0,0,3.7,-1740.7,-20768.09
504,9222.58,3712621.94,15.76214813,197.96,63.51,20014.44,61.14,0,3.58,8869.27,1.85,0,0,0,0,0,4.25,-1670.26,-20273.51
505,8869.27,3625970.71,15.34413689,222.48,62.2,19545.74,0,0,113.82,8662.97,1.8,0,0,0,0,0,17.67,-1590.07,-19814.55
506,8662.97,3528958.54,14.93821269,214.16,59.39,19018.84,0,0,3.34,8358.63,1.74,0,0,0,0,0,3.34,-1530.28,-19290.79
507,8358.63,3434772.42,14.54396029,206.17,58.5,18507.4,0,0,3.23,8064.31,1.68,0,0,0,0,0,3.26,-1459.84,-18770.49
508,8064.31,3343321.13,14.16103984,198.47,56.45,18010.94,0,0,3.12,7780.85,1.62,0,0,0,0,0,3.18,-1392.85,-18264.3
509,7780.85,3254520.25,13.78909872,191.07,54.47,17528.97,0,0,3.02,7507.84,1.56,0,0,0,0,0,3.09,-1329.11,-17772.98
510,7507.84,3168286.69,13.42779603,183.97,52.56,17061.05,0,0,2.93,7244.85,1.51,0,0,0,0,0,3.01,-1268.45,-17296.08
511,7244.85,3084540.17,13.07680218,177.14,50.72,16606.74,0,0,2.83,6991.51,1.46,0,0,0,0,0,2.93,-1210.7,-16833.13
512,6991.51,3003203.06,12.73579851,170.58,48.95,16165.59,0,0,2.74,6747.44,1.41,0,0,0,0,0,2.85,-1155.74,-16383.68
513,6747.44,2924200.35,12.40447686,164.28,47.25,15737.21,0,0,2.65,6512.29,1.36,0,0,0,0,0,2.77,-1103.4,-15947.33
514,6512.29,2847459.49,12.08253927,158.22,45.6,15321.19,0,0,2.57,6285.71,1.31,0,0,0,0,0,2.7,-1053.55,-15523.62
515,6285.71,2772910.37,11.76969758,152.39,44.02,14917.14,0,0,2.49,6067.38,1.26,0,0,0,0,0,2.63,-1006.08,-15112.18
516,6067.38,2700485.18,11.4656731,146.15,42.32,14524.59,39.91,0,2.41,5817.99,1.21,0,0,0,0,0,2.96,-960.44,-14711.31
517,5817.99,2630118.37,11.1474801,153.56,41.33,14144.83,0,0,73.92,5673,1.18,0,0,0,0,0,11.57,-908.72,-14329.33
518,5673,2556527.59,10.83882121,147.63,39.41,13746.41,0,0,2.23,5465.1,1.14,0,0,0,0,0,2.25,-873.43,-13932.34
519,5465.1,2485157.54,10.53936422,141.93,38.74,13360.09,0,0,2.16,5264.38,1.1,0,0,0,0,0,2.2,-831.13,-13539.66
520,5264.38,2415934.76,10.24882959,136.45,37.32,12985.48,0,0,2.08,5071.34,1.06,0,0,0,0,0,2.14,-790.98,-13158.17
521,5071.34,2348790.69,9.96693124,131.19,35.95,12622.2,0,0,2.01,4885.67,1.02,0,0,0,0,0,2.08,-752.86,-12788.28
522,4885.67,2283658.21,9.69339285,126.14,34.64,12269.88,0,0,1.94,4707.08,0.98,0,0,0,0,0,2.02,-716.64,-12429.62
523,4707.08,2220472.5,9.42794754,121.3,33.38,11928.17,0,0,1.88,4535.28,0.94,0,0,0,0,0,1.96,-682.25,-12081.83
524,4535.28,2159170.98,9.17033751,116.65,32.16,11596.73,0,0,1.82,4370.01,0.91,0,0,0,0,0,1.91,-649.57,-11744.54
525,4370.01,2099693.19,8.92031373,112.19,30.99,11275.21,0,0,1.75,4211,0.88,0,0,0,0,0,1.85,-618.52,-11417.42
526,4211,2041980.76,8.67763561,107.9,29.86,10963.31,0,0,1.7,4058.02,0.85,0,0,0,0,0,1.8,-589.01,-11100.12
527,4058.02,1985977.3,8.44207071,103.79,28.78,10660.71,0,0,1.64,3910.81,0.81,0,0,0,0,0,1.75,-560.96,-10792.34
528,3910.81,1931628.35,8.21339447,99.4,27.62,10367.04,25.53,0,1.58,3744.24,0.78,0,0,0,0,0,1.96,-534.04,-10492.88
529,3744.24,1878881.29,7.97231381,105.6,26.93,10083.17,0,0,47.07,3642.77,0.76,0,0,0,0,0,7.45,-503.18,-10209.01
530,3642.77,1823383.48,7.7387213,101.35,25.63,9783.75,0,0,1.46,3501.88,0.73,0,0,0,0,0,1.51,-482.46,-9909.95
531,3501.88,1769618.3,7.5123545,97.28,25.13,9493.72,0,0,1.41,3366.13,0.7,0,0,0,0,0,1.47,-457.26,-9615.36
532,3366.13,1717527.69,7.29298722,93.37,24.16,9212.79,0,0,1.36,3235.8,0.67,0,0,0,0,0,1.43,-433.42,-9329.56
533,3235.8,1667057.08,7.08039046,89.63,23.23,8940.65,0,0,1.31,3110.67,0.65,0,0,0,0,0,1.38,-410.85,-9052.78
534,3110.67,1618153.22,6.87434315,86.04,22.33,8677,0,0,1.27,2990.54,0.62,0,0,0,0,0,1.34,-389.5,-8784.65
535,2990.54,1570764.7,6.6746318,82.6,21.47,8421.58,0,0,1.22,2875.18,0.6,0,0,0,0,0,1.3,-369.27,-8524.95
536,2875.18,1524841.87,6.48105027,79.3,20.64,8174.1,0,0,1.18,2764.41,0.58,0,0,0,0,0,1.26,-350.13,-8273.36
537,2764.41,1480336.83,6.29339951,76.13,19.85,7934.3,0,0,1.13,2658.04,0.55,0,0,0,0,0,1.22,-332,-8029.61
538,2658.04,1437203.29,6.11148726,73.1,19.08,7701.94,0,0,1.09,2555.88,0.53,0,0,0,0,0,1.19,-314.84,-7793.46
539,2555.88,1395396.58,5.93512785,70.19,18.35,7476.77,0,0,1.06,2457.77,0.51,0,0,0,0,0,1.15,-298.58,-7564.67
540,2457.77,1354873.55,5.76414195,67.11,17.57,7258.51,15.92,0,1.02,2348.02,0.49,0,0,0,0,0,1.27,-283.02,-7342.41
541,2348.02,1315592.52,5.5788649,73.54,17.09,7047.68,0,0,29.19,2276.17,0.47,0,0,0,0,0,4.71,-264.98,-7134.07
542,2276.17,1273087.67,5.39972537,70.38,16.21,6819.19,0,0,0.94,2180.55,0.45,0,0,0,0,0,1.01,-252.8,-6905.22
543,2180.55,1231996.63,5.22650318,67.37,15.84,6598.33,0,0,0.9,2088.71,0.44,0,0,0,0,0,0.98,-237.89,-6681
544,2088.71,1192270.39,5.05900333,64.48,15.17,6384.84,0,0,0.86,2000.82,0.42,0,0,0,0,0,0.95,-223.88,-6463.96
545,2000.82,1153862.58,4.89703089,61.71,14.53,6178.46,0,0,0.83,1916.69,0.4,0,0,0,0,0,0.92,-210.71,-6254.18
546,1916.69,1116728.11,4.74039776,59.07,13.92,5978.95,0,0,0.8,1836.16,0.38,0,0,0,0,0,0.89,-198.32,-6051.43
547,1836.16,1080823.5,4.58892245,56.54,13.34,5786.07,0,0,0.77,1759.08,0.37,0,0,0,0,0,0.86,-186.66,-5855.46
548,1759.08,1046106.75,4.44242985,54.12,12.78,5599.59,0,0,0.74,1685.29,0.35,0,0,0,0,0,0.83,-175.7,-5666.01
549,1685.29,1012537.4,4.30075096,51.81,12.24,5419.31,0,0,0.71,1614.65,0.34,0,0,0,0,0,0.8,-165.39,-5482.9
550,1614.65,980076.36,4.16372271,49.6,11.73,5244.99,0,0,0.68,1547.02,0.32,0,0,0,0,0,0.78,-155.7,-5305.86
551,1547.02,948685.93,4.0311877,47.49,11.24,5076.45,0,0,0.65,1482.27,0.31,0,0,0,0,0,0.75,-146.57,-5134.74
552,1482.27,918329.74,3.90299405,45.26,10.72,4913.46,9.53,0,0.63,1411.03,0.29,0,0,0,0,0,0.82,-137.9,-4968.91
553,1411.03,888972.68,3.77168755,46.61,10.39,4756.32,0,0,17.34,1364.84,0.28,0,0,0,0,0,2.83,-127.8,-4810.77
554,1364.84,858926.27,3.64488542,44.53,9.84,4595.17,0,0,0.57,1304.82,0.27,0,0,0,0,0,0.63,-121.81,-4649.18
555,1304.82,829914.58,3.52242361,42.55,9.59,4439.58,0,0,0.55,1247.29,0.26,0,0,0,0,0,0.61,-114.17,-4491.37
556,1247.29,801900.96,3.40415465,40.65,9.17,4289.36,0,0,0.53,1192.33,0.25,0,0,0,0,0,0.59,-107.01,-4338.84
557,1192.33,774850.61,3.28993215,38.83,8.76,4144.32,0,0,0.51,1139.82,0.24,0,0,0,0,0,0.56,-100.3,-4191.59
558,1139.82,748729.77,3.17961494,37.1,8.38,4004.27,0,0,0.48,1089.66,0.23,0,0,0,0,0,0.55,-94.02,-4049.43
559,1089.66,723505.89,3.07306687,35.45,8.01,3869.05,0,0,0.46,1041.74,0.22,0,0,0,0,0,0.53,-88.13,-3912.2
560,1041.74,699147.58,2.97015661,33.87,7.66,3738.48,0,0,0.45,995.95,0.21,0,0,0,0,0,0.51,-82.62,-3779.71
561,995.95,675624.56,2.87075753,32.37,7.32,3612.4,0,0,0.43,952.2,0.2,0,0,0,0,0,0.49,-77.45,-3651.8
562,952.2,652907.64,2.77474748,30.93,7,3490.65,0,0,0.41,910.39,0.19,0,0,0,0,0,0.47,-72.61,-3528.3
563,910.39,630968.67,2.68200865,29.56,6.69,3373.09,0,0,0.39,870.45,0.18,0,0,0,0,0,0.46,-68.07,-3409.06
564,870.45,609780.49,2.59242739,28.12,6.37,3259.54,5.56,0,0.38,826.9,0.17,0,0,0,0,0,0.49,-63.76,-3293.71
565,826.9,589316.93,2.4952243,30.78,6.16,3150.12,0,0,10.03,796.05,0.17,0,0,0,0,0,1.67,-58.58,-3185.56
566,796.05,567134.88,2.40168908,29.28,5.81,3031.44,0,0,0.34,757.56,0.16,0,0,0,0,0,0.4,-55.56,-3066.29
567,757.56,545792.69,2.31167862,27.86,5.63,2917.25,0,0,0.33,720.84,0.15,0,0,0,0,0,0.38,-51.57,-2950.51
568,720.84,525258.2,2.22506167,26.5,5.36,2807.39,0,0,0.31,685.91,0.14,0,0,0,0,0,0.37,-47.88,-2839.02
569,685.91,505500.76,2.14170954,25.22,5.1,2701.69,0,0,0.3,652.69,0.14,0,0,0,0,0,0.35,-44.45,-2731.8
570,652.69,486490.81,2.06149842,23.99,4.85,2599.99,0,0,0.28,621.08,0.13,0,0,0,0,0,0.34,-41.27,-2628.62
571,621.08,468199.9,1.98430923,22.82,4.62,2502.15,0,0,0.27,591.02,0.12,0,0,0,0,0,0.32,-38.31,-2529.39
572,591.02,450600.68,1.91002743,21.71,4.39,2408.01,0,0,0.26,562.43,0.12,0,0,0,0,0,0.31,-35.57,-2433.92
573,562.43,433666.83,1.83854284,20.66,4.18,2317.43,0,0,0.25,535.22,0.11,0,0,0,0,0,0.3,-33.02,-2342.08
574,535.22,417373.04,1.76974951,19.66,3.98,2230.27,0,0,0.24,509.35,0.11,0,0,0,0,0,0.29,-30.66,-2253.73
575,509.35,401695,1.70354549,18.7,3.79,2146.42,0,0,0.23,484.73,0.1,0,0,0,0,0,0.28,-28.46,-2168.73
576,484.73,386609.29,1.63983275,17.71,3.59,2065.72,3.07,0,0.21,458.34,0.1,0,0,0,0,0,0.29,-26.4,-2086.83
577,458.34,372093.4,1.57519874,18,3.45,1988.23,0,0,5.49,440.12,0.09,0,0,0,0,0,0.93,-23.87,-2008.84
578,440.12,357385.02,1.51312079,17.09,3.25,1909.6,0,0,0.19,417.84,0.09,0,0,0,0,0,0.23,-22.69,-1929.8
579,417.84,343259.79,1.45349528,16.22,3.14,1834.09,0,0,0.18,396.64,0.08,0,0,0,0,0,0.22,-20.96,-1853.31
580,396.64,329694.4,1.39622639,15.4,2.98,1761.58,0,0,0.18,376.52,0.08,0,0,0,0,0,0.21,-19.37,-1779.83
581,376.52,316666.68,1.34122071,14.61,2.83,1691.94,0,0,0.17,357.42,0.07,0,0,0,0,0,0.2,-17.89,-1709.25
582,357.42,304155.23,1.28838851,13.87,2.69,1625.07,0,0,0.16,339.3,0.07,0,0,0,0,0,0.19,-16.53,-1641.51
583,339.3,292139.56,1.23764366,13.17,2.55,1560.84,0,0,0.15,322.11,0.07,0,0,0,0,0,0.18,-15.27,-1576.45
584,322.11,280599.95,1.18890344,12.5,2.42,1499.16,0,0,0.14,305.79,0.06,0,0,0,0,0,0.18,-14.11,-1513.96
585,305.79,269517.48,1.1420884,11.86,2.3,1439.93,0,0,0.14,290.3,0.06,0,0,0,0,0,0.17,-13.04,-1453.98
586,290.3,258874,1.09712229,11.26,2.18,1383.04,0,0,0.13,275.6,0.06,0,0,0,0,0,0.16,-12.04,-1396.38
587,275.6,248652.05,1.05393185,10.69,2.07,1328.4,0,0,0.12,261.65,0.05,0,0,0,0,0,0.15,-11.13,-1341.06
588,261.65,238834.91,1.01244675,10.1,1.96,1275.93,1.65,0,0.12,246.82,0.05,0,0,0,0,0,0.16,-10.27,-1287.88
589,246.82,229406.49,0.97111974,10.07,1.88,1225.61,0,0,2.92,236.54,0.05,0,0,0,0,0,0.5,-9.14,-1237.11
590,236.54,220037.08,0.93148207,9.54,1.76,1175.55,0,0,0.11,224.16,0.05,0,0,0,0,0,0.12,-8.75,-1186.78
591,224.16,211050.75,0.89346332,9.04,1.7,1127.53,0,0,0.1,212.4,0.04,0,0,0,0,0,0.12,-8.06,-1138.19
592,212.4,202431.76,0.85699802,8.56,1.61,1081.47,0,0,0.1,201.27,0.04,0,0,0,0,0,0.11,-7.41,-1091.57
593,201.27,194165.1,0.82202259,8.11,1.53,1037.29,0,0,0.09,190.71,0.04,0,0,0,0,0,0.11,-6.82,-1046.86
594,190.71,186236.35,0.78847606,7.69,1.45,994.93,0,0,0.09,180.72,0.04,0,0,0,0,0,0.1,-6.28,-1004.01
595,180.72,178631.67,0.75629996,7.28,1.37,954.29,0,0,0.08,171.25,0.04,0,0,0,0,0,0.1,-5.78,-962.88
596,171.25,171337.81,0.72543823,6.9,1.3,915.32,0,0,0.08,162.28,0.03,0,0,0,0,0,0.09,-5.32,-923.46
597,162.28,164342.03,0.69583709,6.54,1.23,877.94,0,0,0.07,153.78,0.03,0,0,0,0,0,0.09,-4.89,-885.65
598,153.78,157632.15,0.66744497,6.2,1.17,842.08,0,0,0.07,145.73,0.03,0,0,0,0,0,0.09,-4.5,-849.39
599,145.73,151196.46,0.64021244,5.87,1.11,807.7,0,0,0.07,138.1,0.03,0,0,0,0,0,0.08,-4.14,-814.63
600,138.1,145023.74,0.61409206,5.54,1.04,774.71,0.86,0,0.06,130.05,0.03,0,0,0,0,0,0.09,-3.81,-781.23
601,130.05,139103.23,0.58846337,5.43,1,743.11,0,0,1.51,124.46,0.03,0,0,0,0,0,0.26,-3.33,-749.31
602,124.46,133302.48,0.56390505,5.14,0.94,712.12,0,0,0.06,117.81,0.02,0,0,0,0,0,0.07,-3.23,-718.15
603,117.81,127743.72,0.54037169,4.86,0.9,682.43,0,0,0.05,111.5,0.02,0,0,0,0,0,0.06,-2.96,-688.15
604,111.5,122416.84,0.5178209,4.6,0.86,653.97,0,0,0.05,105.53,0.02,0,0,0,0,0,0.06,-2.72,-659.39
605,105.53,117312.16,0.4962116,4.36,0.81,626.7,0,0,0.05,99.88,0.02,0,0,0,0,0,0.06,-2.5,-631.83
606,99.88,112420.41,0.47550448,4.12,0.77,600.56,0,0,0.05,94.54,0.02,0,0,0,0,0,0.05,-2.29,-605.42
607,94.54,107732.71,0.45566183,3.9,0.73,575.52,0,0,0.04,89.48,0.02,0,0,0,0,0,0.05,-2.1,-580.12
608,89.48,103240.54,0.43664755,3.69,0.69,551.52,0,0,0.04,84.7,0.02,0,0,0,0,0,0.05,-1.93,-555.87
609,84.7,98935.74,0.41842702,3.5,0.65,528.53,0,0,0.04,80.17,0.02,0,0,0,0,0,0.05,-1.77,-532.65
610,80.17,94810.49,0.40096709,3.31,0.61,506.49,0,0,0.04,75.88,0.02,0,0,0,0,0,0.05,-1.62,-510.38
611,75.88,90857.29,0.384236,3.13,0.58,485.37,0,0,0.04,71.83,0.01,0,0,0,0,0,0.04,-1.49,-489.05
612,71.83,87068.97,0.3682033,2.95,0.55,465.13,0.45,0,0.03,67.56,0.01,0,0,0,0,0,0.05,-1.36,-468.59
613,67.56,83438.65,0.35283982,2.82,0.53,445.76,0,0,0.77,64.64,0.01,0,0,0,0,0,0.13,-1.16,-448.99
614,64.64,79959.72,0.33811775,2.67,0.49,427.17,0,0,0.03,61.18,0.01,0,0,0,0,0,0.03,-1.16,-430.31
615,61.18,76625.88,0.32400995,2.52,0.47,409.36,0,0,0.03,57.89,0.01,0,0,0,0,0,0.03,-1.06,-412.33
616,57.89,73431.06,0.31049098,2.39,0.45,392.29,0,0,0.03,54.79,0.01,0,0,0,0,0,0.03,-0.97,-395.11
617,54.79,70369.48,0.29753626,2.26,0.42,375.94,0,0,0.03,51.85,0.01,0,0,0,0,0,0.03,-0.89,-378.6
618,51.85,67435.58,0.28512222,2.14,0.4,360.26,0,0,0.02,49.07,0.01,0,0,0,0,0,0.03,-0.82,-362.78
619,49.07,64624.03,0.27322629,2.03,0.38,345.24,0,0,0.02,46.44,0.01,0,0,0,0,0,0.03,-0.75,-347.63
620,46.44,61929.72,0.26182684,1.92,0.36,330.85,0,0,0.02,43.95,0.01,0,0,0,0,0,0.03,-0.69,-333.11
621,43.95,59347.77,0.25090313,1.81,0.34,317.05,0,0,0.02,41.59,0.01,0,0,0,0,0,0.02,-0.63,-319.19
622,41.59,56873.48,0.2404353,1.72,0.32,303.84,0,0,0.02,39.37,0.01,0,0,0,0,0,0.02,-0.58,-305.87
623,39.37,54502.37,0.23040431,1.62,0.3,291.17,0,0,0.02,37.26,0.01,0,0,0,0,0,0.02,-0.53,-293.08
624,37.26,52230.13,0.22079194,1.53,0.29,279.03,0.23,0,0.02,35.04,0.01,0,0,0,0,0,0.02,-0.49,-280.84
625,35.04,50052.65,0.2115807,1.46,0.27,267.41,0,0,0.4,33.52,0.01,0,0,0,0,0,0.07,-0.4,-269.08
626,33.52,47965.94,0.20275392,1.38,0.26,256.26,0,0,0.02,31.72,0.01,0,0,0,0,0,0.02,-0.41,-257.89
627,31.72,45966.26,0.19429536,1.31,0.25,245.57,0,0,0.02,30.01,0.01,0,0,0,0,0,0.02,-0.38,-247.12
628,30.01,44049.94,0.18618977,1.24,0.23,235.34,0,0,0.01,28.4,0.01,0,0,0,0,0,0.02,-0.35,-236.8
629,28.4,42213.53,0.17842241,1.17,0.22,225.53,0,0,0.01,26.87,0.01,0,0,0,0,0,0.01,-0.32,-226.92
630,26.87,40453.7,0.17097916,1.11,0.21,216.12,0,0,0.01,25.43,0.01,0,0,0,0,0,0.01,-0.29,-217.44
631,25.43,38767.24,0.1638465,1.05,0.2,207.11,0,0,0.01,24.06,0.01,0,0,0,0,0,0.01,-0.27,-208.36
632,24.06,37151.09,0.15701146,0.99,0.19,198.48,0,0,0.01,22.77,0,0,0,0,0,0,0.01,-0.25,-199.65
633,22.77,35602.33,0.15046161,0.94,0.18,190.2,0,0,0.01,21.55,0,0,0,0,0,0,0.01,-0.23,-191.31
634,21.55,34118.15,0.14418506,0.89,0.17,182.28,0,0,0.01,20.39,0,0,0,0,0,0,0.01,-0.21,-183.33
635,20.39,32695.84,0.13817039,0.84,0.16,174.68,0,0,0.01,19.3,0,0,0,0,0,0,0.01,-0.19,-175.67
636,19.3,31332.84,0.13240668,0.79,0.15,167.39,0.12,0,0.01,18.15,0,0,0,0,0,0,0.01,-0.17,-168.32
637,18.15,30026.66,0.12688346,0.76,0.14,160.42,0,0,0.2,17.35,0,0,0,0,0,0,0.03,-0.14,-161.29
638,17.35,28774.94,0.12159072,0.72,0.13,153.73,0,0,0.01,16.42,0,0,0,0,0,0,0.01,-0.15,-154.57
639,16.42,27575.4,0.11651874,0.68,0.13,147.33,0,0,0.01,15.53,0,0,0,0,0,0,0.01,-0.13,-148.13
640,15.53,26425.88,0.11165838,0.64,0.12,141.18,0,0,0.01,14.7,0,0,0,0,0,0,0.01,-0.12,-141.93
641,14.7,25324.28,0.10700079,0.61,0.12,135.3,0,0,0.01,13.91,0,0,0,0,0,0,0.01,-0.11,-136.02
642,13.91,24268.6,0.10253753,0.57,0.11,129.66,0,0,0.01,13.16,0,0,0,0,0,0,0.01,-0.1,-130.33
643,13.16,23256.94,0.09826048,0.54,0.1,124.25,0,0,0.01,12.45,0,0,0,0,0,0,0.01,-0.1,-124.88
644,12.45,22287.46,0.09416186,0.51,0.1,119.07,0,0,0.01,11.78,0,0,0,0,0,0,0.01,-0.09,-119.67
645,11.78,21358.39,0.09023424,0.49,0.09,114.11,0,0,0.01,11.15,0,0,0,0,0,0,0.01,-0.08,-114.68
646,11.15,20468.06,0.08647048,0.46,0.09,109.35,0,0,0.01,10.55,0,0,0,0,0,0,0.01,-0.07,-109.89
647,10.55,19614.84,0.08286373,0.44,0.08,104.79,0,0,0.01,9.98,0,0,0,0,0,0,0.01,-0.07,-105.3
648,9.98,18797.2,0.07940745,0.41,0.08,100.43,0.06,0,0.01,9.39,0,0,0,0,0,0,0.01,-0.06,-100.91
649,9.39,18013.64,0.07606123,0.39,0.07,96.24,0,0,0.1,8.97,0,0,0,0,0,0,0.02,-0.04,-96.68
650,8.97,17255.11,0.07285747,0.37,0.07,92.18,0,0,0,8.48,0,0,0,0,0,0,0,-0.05,-92.62
651,8.48,16528.83,0.06978994,0.35,0.07,88.3,0,0,0,8.03,0,0,0,0,0,0,0,-0.05,-88.72
652,8.03,15833.42,0.06685276,0.33,0.06,84.58,0,0,0,7.59,0,0,0,0,0,0,0,-0.04,-84.97
653,7.59,15167.53,0.0640403,0.32,0.06,81.02,0,0,0,7.18,0,0,0,0,0,0,0,-0.04,-81.4
654,7.18,14529.9,0.06134718,0.3,0.06,77.61,0,0,0,6.79,0,0,0,0,0,0,0,-0.04,-77.97
655,6.79,13919.29,0.05876824,0.28,0.05,74.34,0,0,0,6.43,0,0,0,0,0,0,0,-0.03,-74.67
656,6.43,13334.55,0.05629857,0.27,0.05,71.22,0,0,0,6.08,0,0,0,0,0,0,0,-0.03,-71.54
657,6.08,12774.56,0.05393346,0.25,0.05,68.22,0,0,0,5.75,0,0,0,0,0,0,0,-0.03,-68.52
658,5.75,12238.26,0.05166844,0.24,0.05,65.36,0,0,0,5.44,0,0,0,0,0,0,0,-0.03,-65.65
659,5.44,11724.64,0.04949919,0.23,0.04,62.61,0,0,0,5.15,0,0,0,0,0,0,0,-0.02,-62.88
660,5.15,11232.72,0.04742163,0.21,0.04,59.98,0.03,0,0,4.84,0,0,0,0,0,0,0,-0.02,-60.23
661,4.84,10761.57,0.04543182,0.2,0.04,57.47,0,0,0.05,4.63,0,0,0,0,0,0,0.01,-0.01,-57.7
662,4.63,10310.31,0.04352602,0.19,0.04,55.05,0,0,0,4.38,0,0,0,0,0,0,0,-0.02,-55.28
663,4.38,9878.08,0.04170062,0.18,0.04,52.74,0,0,0,4.14,0,0,0,0,0,0,0,-0.02,-52.96
664,4.14,9464.08,0.0399522,0.17,0.03,50.53,0,0,0,3.92,0,0,0,0,0,0,0,-0.02,-50.73
665,3.92,9067.52,0.03827749,0.16,0.03,48.41,0,0,0,3.71,0,0,0,0,0,0,0,-0.01,-48.6
666,3.71,8687.66,0.03667333,0.15,0.03,46.38,0,0,0,3.51,0,0,0,0,0,0,0,-0.01,-46.56
667,3.51,8323.8,0.03513674,0.15,0.03,44.44,0,0,0,3.32,0,0,0,0,0,0,0,-0.01,-44.62
668,3.32,7975.25,0.03366483,0.14,0.03,42.58,0,0,0,3.14,0,0,0,0,0,0,0,-0.01,-42.75
669,3.14,7641.36,0.03225486,0.13,0.03,40.79,0,0,0,2.97,0,0,0,0,0,0,0,-0.01,-40.95
670,2.97,7321.51,0.0309042,0.12,0.02,39.09,0,0,0,2.81,0,0,0,0,0,0,0,-0.01,-39.23
671,2.81,7015.11,0.02961033,0.12,0.02,37.45,0,0,0,2.66,0,0,0,0,0,0,0,-0.01,-37.59
672,2.66,6721.58,0.02837085,0.11,0.02,35.88,0.02,0,0,2.5,0,0,0,0,0,0,0,-0.01,-36.01
673,2.5,6440.38,0.02718346,0.1,0.02,34.38,0,0,0.03,2.39,0,0,0,0,0,0,0,0,-34.5
674,2.39,6170.98,0.02604594,0.1,0.02,32.94,0,0,0,2.26,0,0,0,0,0,0,0,-0.01,-33.06
675,2.26,5912.9,0.02495618,0.09,0.02,31.56,0,0,0,2.14,0,0,0,0,0,0,0,-0.01,-31.67
676,2.14,5665.64,0.02391216,0.09,0.02,30.24,0,0,0,2.02,0,0,0,0,0,0,0,-0.01,-30.35
677,2.02,5428.76,0.02291196,0.08,0.02,28.98,0,0,0,1.91,0,0,0,0,0,0,0,0,-29.08
678,1.91,5201.81,0.02195372,0.08,0.02,27.77,0,0,0,1.81,0,0,0,0,0,0,0,0,-27.87
679,1.81,4984.38,0.02103568,0.07,0.01,26.61,0,0,0,1.71,0,0,0,0,0,0,0,0,-26.69
680,1.71,4776.07,0.02015614,0.07,0.01,25.49,0,0,0,1.62,0,0,0,0,0,0,0,0,-25.57
681,1.62,4576.48,0.01931347,0.07,0.01,24.43,0,0,0,1.53,0,0,0,0,0,0,0,0,-24.51
682,1.53,4385.25,0.01850613,0.06,0.01,23.41,0,0,0,1.45,0,0,0,0,0,0,0,0,-23.48
683,1.45,4202.04,0.01773261,0.06,0.01,22.43,0,0,0,1.37,0,0,0,0,0,0,0,0,-22.5
684,1.37,4026.5,0.01699151,0.06,0.01,21.49,0.01,0,0,1.29,0,0,0,0,0,0,0,0,-21.56
685,1.29,3858.31,0.01628145,0.05,0.01,20.59,0,0,0.01,1.23,0,0,0,0,0,0,0,0,-20.65
686,1.23,3697.16,0.01560114,0.05,0.01,19.73,0,0,0,1.16,0,0,0,0,0,0,0,0,-19.79
687,1.16,3542.75,0.01494929,0.05,0.01,18.91,0,0,0,1.1,0,0,0,0,0,0,0,0,-18.97
688,1.1,3394.81,0.01432474,0.05,0.01,18.12,0,0,0,1.04,0,0,0,0,0,0,0,0,-18.18
689,1.04,3253.05,0.01372633,0.04,0.01,17.36,0,0,0,0.99,0,0,0,0,0,0,0,0,-17.41
690,0.99,3117.23,0.01315297,0.04,0.01,16.64,0,0,0,0.93,0,0,0,0,0,0,0,0,-16.69
691,0.93,2987.08,0.0126036,0.04,0.01,15.94,0,0,0,0.88,0,0,0,0,0,0,0,0,-15.99
692,0.88,2862.38,0.01207722,0.04,0.01,15.28,0,0,0,0.83,0,0,0,0,0,0,0,0,-15.33
693,0.83,2742.9,0.01157285,0.03,0.01,14.64,0,0,0,0.79,0,0,0,0,0,0,0,0,-14.68
694,0.79,2628.41,0.01108958,0.03,0.01,14.03,0,0,0,0.75,0,0,0,0,0,0,0,0,-14.07
695,0.75,2518.7,0.01062653,0.03,0.01,13.44,0,0,0,0.71,0,0,0,0,0,0,0,0,-13.48
696,0.71,2413.58,0.01018283,0.03,0.01,12.88,0,0,0,0.66,0,0,0,0,0,0,0,0,-12.92
697,0.66,2312.86,0.00975769,0.03,0.01,12.34,0,0,0.01,0.63,0,0,0,0,0,0,0,0,-12.38
698,0.63,2216.34,0.00935033,0.03,0.01,11.83,0,0,0,0.6,0,0,0,0,0,0,0,0,-11.87
699,0.6,2123.86,0.00895998,0.02,0.01,11.33,0,0,0,0.57,0,0,0,0,0,0,0,0,-11.36
700,0.57,2035.24,0.00858595,0.02,0,10.86,0,0,0,0.54,0,0,0,0,0,0,0,0,-10.88
701,0.54,1950.32,0.00822756,0.02,0,10.41,0,0,0,0.51,0,0,0,0,0,0,0,0,-10.43
702,0.51,1868.94,0.00788414,0.02,0,9.97,0,0,0,0.48,0,0,0,0,0,0,0,0,-9.99
703,0.48,1790.97,0.00755507,0.02,0,9.56,0,0,0,0.45,0,0,0,0,0,0,0,0,-9.58
704,0.45,1716.26,0.00723975,0.02,0,9.16,0,0,0,0.43,0,0,0,0,0,0,0,0,-9.18
705,0.43,1644.66,0.00693761,0.02,0,8.78,0,0,0,0.41,0,0,0,0,0,0,0,0,-8.8
706,0.41,1576.05,0.00664808,0.02,0,8.41,0,0,0,0.38,0,0,0,0,0,0,0,0,-8.43
707,0.38,1510.31,0.00637065,0.02,0,8.06,0,0,0,0.36,0,0,0,0,0,0,0,0,-8.08
708,0.36,1447.31,0.00610481,0.01,0,7.72,0,0,0,0.34,0,0,0,0,0,0,0,0,-7.73
709,0.34,1386.94,0.00581317,0.02,0,7.4,0,0,0,0.33,0,0,0,0,0,0,0,0,-7.42
710,0.33,1320.37,0.00553679,0.01,0,7.04,0,0,0,0.31,0,0,0,0,0,0,0,0,-7.05
711,0.31,1257.31,0.00527476,0.01,0,6.71,0,0,0,0.29,0,0,0,0,0,0,0,0,-6.72
712,0.29,1197.54,0.00502625,0.01,0,6.39,0,0,0,0.27,0,0,0,0,0,0,0,0,-6.4
713,0.27,1140.88,0.00479048,0.01,0,6.08,0,0,0,0.26,0,0,0,0,0,0,0,0,-6.09
714,0.26,1087.14,0.00456674,0.01,0,5.79,0,0,0,0.24,0,0,0,0,0,0,0,0,-5.8
715,0.24,1036.16,0.00435432,0.01,0,5.52,0,0,0,0.23,0,0,0,0,0,0,0,0,-5.53
716,0.23,987.78,0.00415259,0.01,0,5.26,0,0,0,0.21,0,0,0,0,0,0,0,0,-5.27
717,0.21,941.84,0.00396095,0.01,0,5.02,0,0,0,0.2,0,0,0,0,0,0,0,0,-5.03
718,0.2,898.22,0.00377885,0.01,0,4.78,0,0,0,0.19,0,0,0,0,0,0,0,0,-4.79
719,0.19,856.78,0.00360576,0.01,0,4.56,0,0,0,0.18,0,0,0,0,0,0,0,0,-4.57
720,0.18,817.4,0.00344117,0.01,0,4.35,0,0,0,0.17,0,0,0,0,0,0,0,0,-4.36
721,0.17,779.96,0.00328464,0.01,0,4.15,0,0,0,0.16,0,0,0,0,0,0,0,0,-4.16
722,0.16,744.37,0.00313572,0.01,0,3.96,0,0,0,0.15,0,0,0,0,0,0,0,0,-3.97
723,0.15,710.52,0.00299401,0.01,0,3.78,0,0,0,0.14,0,0,0,0,0,0,0,0,-3.79
724,0.14,678.31,0.00285912,0.01,0,3.61,0,0,0,0.14,0,0,0,0,0,0,0,0,-3.62
725,0.14,647.67,0.00273069,0.01,0,3.44,0,0,0,0.13,0,0,0,0,0,0,0,0,-3.45
726,0.13,618.5,0.00260838,0.01,0,3.29,0,0,0,0.12,0,0,0,0,0,0,0,0,-3.3
727,0.12,590.72,0.00249188,0.01,0,3.14,0,0,0,0.11,0,0,0,0,0,0,0,0,-3.15
728,0.11,564.27,0.00238089,0,0,3,0,0,0,0.11,0,0,0,0,0,0,0,0,-3
729,0.11,539.08,0.00227511,0,0,2.86,0,0,0,0.1,0,0,0,0,0,0,0,0,-2.86
730,0.1,515.07,0.00217429,0,0,2.74,0,0,0,0.1,0,0,0,0,0,0,0,0,-2.74
731,0.1,492.19,0.00207816,0,0,2.61,0,0,0,0.09,0,0,0,0,0,0,0,0,-2.61
732,0.09,470.39,0.0019865,0,0,2.5,0,0,0,0.08,0,0,0,0,0,0,0,0,-2.5
733,0.08,449.6,0.00189909,0,0,2.39,0,0,0,0.08,0,0,0,0,0,0,0,0,-2.39
734,0.08,429.77,0.00181569,0,0,2.28,0,0,0,0.08,0,0,0,0,0,0,0,0,-2.28
735,0.08,410.87,0.00173613,0,0,2.18,0,0,0,0.07,0,0,0,0,0,0,0,0,-2.18
736,0.07,392.83,0.00166021,0,0,2.09,0,0,0,0.07,0,0,0,0,0,0,0,0,-2.09
737,0.07,375.62,0.00158774,0,0,1.99,0,0,0,0.06,0,0,0,0,0,0,0,0,-1.99
738,0.06,359.2,0.00151857,0,0,1.91,0,0,0,0.06,0,0,0,0,0,0,0,0,-1.91
739,0.06,343.52,0.00145253,0,0,1.82,0,0,0,0.06,0,0,0,0,0,0,0,0,-1.82
740,0.06,328.56,0.00138947,0,0,1.74,0,0,0,0.05,0,0,0,0,0,0,0,0,-1.74
741,0.05,314.28,0.00132925,0,0,1.67,0,0,0,0.05,0,0,0,0,0,0,0,0,-1.67
742,0.05,300.64,0.00127173,0,0,1.59,0,0,0,0.05,0,0,0,0,0,0,0,0,-1.59
743,0.05,287.61,0.00121678,0,0,1.53,0,0,0,0.05,0,0,0,0,0,0,0,0,-1.53
744,0.05,275.17,0.00116429,0,0,1.46,0,0,0,0.04,0,0,0,0,0,0,0,0,-1.46
745,0.04,263.28,0.00111413,0,0,1.4,0,0,0,0.04,0,0,0,0,0,0,0,0,-1.4
746,0.04,251.93,0.00106619,0,0,1.34,0,0,0,0.04,0,0,0,0,0,0,0,0,-1.34
747,0.04,241.08,0.00102038,0,0,1.28,0,0,0,0.04,0,0,0,0,0,0,0,0,-1.28
748,0.04,230.71,0.00097659,0,0,1.22,0,0,0,0.03,0,0,0,0,0,0,0,0,-1.22
749,0.03,220.8,0.00093473,0,0,1.17,0,0,0,0.03,0,0,0,0,0,0,0,0,-1.17
750,0.03,211.33,0.00089472,0,0,1.12,0,0,0,0.03,0,0,0,0,0,0,0,0,-1.12
751,0.03,202.27,0.00085645,0,0,1.07,0,0,0,0.03,0,0,0,0,0,0,0,0,-1.07
752,0.03,193.61,0.00081987,0,0,1.03,0,0,0,0.03,0,0,0,0,0,0,0,0,-1.03
753,0.03,185.34,0.00078488,0,0,0.98,0,0,0,0.03,0,0,0,0,0,0,0,0,-0.98
754,0.03,177.42,0.00075142,0,0,0.94,0,0,0,0.02,0,0,0,0,0,0,0,0,-0.94
755,0.02,169.85,0.00071941,0,0,0.9,0,0,0,0.02,0,0,0,0,0,0,0,0,-0.9
756,0.02,162.61,0.0006888,0,0,0.86,0,0,0,0.02,0,0,0,0,0,0,0,0,-0.86
757,0.02,155.69,0.00065951,0,0,0.83,0,0,0,0.02,0,0,0,0,0,0,0,0,-0.83
758,0.02,149.07,0.00063149,0,0,0.79,0,0,0,0.02,0,0,0,0,0,0,0,0,-0.79
759,0.02,142.73,0.00060469,0,0,0.76,0,0,0,0.02,0,0,0,0,0,0,0,0,-0.76
760,0.02,136.67,0.00057904,0,0,0.72,0,0,0,0.02,0,0,0,0,0,0,0,0,-0.72
761,0.02,130.87,0.00055449,0,0,0.69,0,0,0,0.02,0,0,0,0,0,0,0,0,-0.69
762,0.02,125.32,0.00053101,0,0,0.66,0,0,0,0.02,0,0,0,0,0,0,0,0,-0.66
763,0.02,120.01,0.00050853,0,0,0.64,0,0,0,0.01,0,0,0,0,0,0,0,0,-0.64
764,0.01,114.93,0.00048702,0,0,0.61,0,0,0,0.01,0,0,0,0,0,0,0,0,-0.61
765,0.01,110.06,0.00046643,0,0,0.58,0,0,0,0.01,0,0,0,0,0,0,0,0,-0.58
766,0.01,105.41,0.00044673,0,0,0.56,0,0,0,0.01,0,0,0,0,0,0,0,0,-0.56
767,0.01,100.96,0.00042787,0,0,0.53,0,0,0,0.01,0,0,0,0,0,0,0,0,-0.53
768,0.01,96.69,0.00040981,0,0,0.51,0,0,0,0.01,0,0,0,0,0,0,0,0,-0.51
