PolicyID,TotalHedgeGains,Excel,Difference
2178,64033.75452,64188.82675,-155.0722311
2174,19646.44689,19745.78772,-99.34082885
2038,37651.63772,37747.99773,-96.36001357
2150,32178.35849,32255.3056,-76.94711246
2010,25511.79188,25576.25932,-64.46743733
1892,17056.35389,17119.26207,-62.90818023
2034,11534.28392,11595.32968,-61.04576211
2234,23496.27618,23553.17773,-56.90154699
2146,8640.338743,8683.946517,-43.60777434
1752,10896.72016,10937.85464,-41.13448438
2230,8112.385009,8153.404691,-41.019682
2006,6839.517539,6875.648286,-36.13074725
638,11765.58094,11795.69202,-30.11107768
778,11797.16001,11825.7295,-28.56948832
1622,28949.55207,28978.01775,-28.46567971
1948,7700.34785,7728.748698,-28.40084849
2094,10447.55899,10474.29692,-26.73793225
1864,7036.550095,7062.483528,-25.9334334
2066,10146.72595,10171.97902,-25.25307136
2206,10180.17158,10204.14788,-23.97630173
610,9091.446239,9114.420016,-22.97377699
1724,6042.966378,6065.761362,-22.79498357
750,9062.070325,9083.740169,-21.66984355
1482,20700.10567,20721.40494,-21.29926785
834,8685.030679,8706.063448,-21.03276871
2090,3601.604845,3620.666515,-19.06167036
1594,19036.77042,19054.7179,-17.9474811
1454,17467.59946,17484.83238,-17.2329164
634,3239.361376,3256.505855,-17.14447899
774,3253.057797,3269.506648,-16.4488505
830,2673.198612,2686.715446,-13.51683428
2062,2405.285738,2417.771257,-12.48551871
1614,9504.302084,9516.769884,-12.46779979
1808,3186.70111,3198.730722,-12.02961153
2202,2416.948871,2428.935844,-11.98697333
606,2220.020622,2231.748204,-11.72758198
694,4424.564092,4435.887665,-11.32357305
746,2216.327019,2227.512818,-11.18579917
492,2747.068168,2757.200056,-10.13188804
1474,6780.205377,6789.238482,-9.033105458
666,3578.314508,3587.220183,-8.905675268
806,3754.338999,3763.181203,-8.842203687
1678,8916.954935,8925.722848,-8.767913278
352,2202.203382,2210.516573,-8.313190658
1982,3322.655579,3330.459693,-7.804114008
1510,7539.074715,7546.308855,-7.234140227
690,1359.759416,1366.956009,-7.196593386
548,1867.894601,1874.783873,-6.889272032
1780,1835.323886,1842.134366,-6.810479668
1538,6448.196214,6454.831052,-6.634838154
82,6264.477467,6270.923268,-6.445801249
1650,6704.395101,6710.542779,-6.147678262
1920,1622.444146,1628.326551,-5.882404771
1586,4270.082913,4275.6739,-5.590986558
222,5494.899901,5500.302957,-5.403055889
324,1427.327941,1432.712038,-5.384096507
1446,3909.056386,3914.254523,-5.198137311
54,5257.968573,5263.155899,-5.187325799
2122,2305.13896,2310.263001,-5.124040807
1670,3884.825478,3889.921615,-5.096137164
464,1308.675795,1313.498962,-4.823166987
194,4662.570608,4666.966384,-4.395776449
2442,2562.926358,2567.107849,-4.181491374
278,4188.120274,4192.238392,-4.118118289
802,824.044097,828.1309833,-4.086886288
662,784.194618,788.2652687,-4.070650697
408,1025.853167,1029.725703,-3.872535827
1530,2802.754701,2806.488743,-3.734041898
1610,3203.776855,3207.241707,-3.464851928
1978,642.642943,645.7874825,-3.144539503
582,1257.529585,1260.483217,-2.9536321
1426,3337.574544,3340.49125,-2.916706395
1192,1996.930028,1999.840635,-2.910607047
2732,2268.664681,2271.570296,-2.905615096
2302,1683.299951,1686.199768,-2.899816943
2726,1318.722785,1321.596826,-2.874041014
1186,1099.405713,1102.03656,-2.630846811
110,2630.668274,2633.192539,-2.524265014
1470,2284.61801,2287.124743,-2.506732552
722,1099.090445,1101.533588,-2.443143368
2592,1581.260716,1583.553251,-2.292535352
74,1643.22597,1645.415199,-2.18922924
2586,914.701188,916.8900416,-2.188853584
138,2041.392769,2043.49325,-2.100480787
2118,446.504672,448.5924346,-2.087762567
1164,1367.362404,1369.354068,-1.991664082
250,2164.226977,2166.211492,-1.984515346
214,1444.708806,1446.603984,-1.89517755
1566,2237.5993,2239.467879,-1.868578932
270,1411.032975,1412.883977,-1.851001861
520,507.57821,509.4185078,-1.840297838
1332,1424.31294,1426.146777,-1.833836557
2498,1122.514707,1124.346123,-1.831415844
2564,1224.374843,1226.148782,-1.773939312
380,477.731378,479.5041327,-1.772754698
2414,1073.405458,1075.159541,-1.754082623
1158,729.008675,730.7551819,-1.746506917
1326,787.92916,789.646383,-1.717222963
2704,1306.301914,1307.973874,-1.671959604
2274,961.745518,963.4049676,-1.659449648
2558,679.701081,681.3294607,-1.628379728
2698,728.720831,730.3108292,-1.589998215
1582,1408.697326,1410.220883,-1.523557482
1042,928.979314,930.4949717,-1.5156577
1502,1145.257968,1146.753235,-1.495267291
1666,1332.577839,1334.019009,-1.441169893
1442,1289.083557,1290.498029,-1.414472054
902,796.867326,798.2400877,-1.372761716
46,990.654358,991.9716987,-1.317340668
1642,1020.8011,1022.113418,-1.312317568
26,1493.857203,1495.162685,-1.305481617
1696,365.773719,367.0570846,-1.283365572
2782,578.870531,580.1321288,-1.261597759
1304,959.183959,960.4181181,-1.23415914
2788,963.185192,964.4188004,-1.233608432
186,880.509236,881.6621206,-1.15288464
578,229.348222,230.4704537,-1.122231736
1298,513.859294,514.9804853,-1.121191285
1248,737.209058,738.2835704,-1.07451236
1526,961.025434,962.0798923,-1.054458253
1836,299.48089,300.5076196,-1.026729577
1242,416.591685,417.588577,-0.99689203
718,200.74978,201.6884438,-0.938663791
130,686.177533,687.0917104,-0.914177371
2358,487.766903,488.6071783,-0.840275285
1388,651.617859,652.4568326,-0.838973602
874,475.104433,475.924205,-0.819772007
1382,369.998127,370.804505,-0.806377992
1014,491.370477,492.1734388,-0.802961823
166,928.869358,929.6450403,-0.7756823
1220,529.051445,529.8111253,-0.759680264
2620,521.217038,521.961507,-0.744468983
1098,440.24788,440.9661576,-0.718277636
2614,278.668899,279.3299855,-0.661086505
1214,273.987213,274.6371931,-0.649980055
2330,354.716863,355.3237419,-0.606878902
70,548.59805,549.1999833,-0.601933345
2760,465.612316,466.1998772,-0.587561211
958,338.211126,338.7937622,-0.5826362
2648,390.118026,390.6836246,-0.565598611
2642,233.324435,233.8827739,-0.558338945
2754,250.157087,250.6976161,-0.540529089
210,482.512502,483.0343347,-0.521832696
266,478.91131,479.4292478,-0.517937801
2470,301.959489,302.4487858,-0.489296845
296,135.771476,136.2478481,-0.476372129
1360,366.050041,366.5143991,-0.464358125
102,355.371231,355.8352092,-0.463978216
436,127.849644,128.2879591,-0.438315097
1354,190.489392,190.9009936,-0.411601613
1498,370.321105,370.7212536,-0.400148555
242,293.032129,293.408844,-0.376714959
1418,302.883897,303.2559809,-0.372083894
42,324.226086,324.5818496,-0.355763566
1638,330.208996,330.5606906,-0.351694559
182,288.291583,288.6033812,-0.311798168
930,177.174243,177.4773669,-0.303123871
126,232.80009,233.0555228,-0.25543285
1558,203.512127,203.7583087,-0.246181673
1070,150.58526,150.8292691,-0.244009098
1136,140.703467,140.8955532,-0.192086219
2536,133.110172,133.2909336,-0.180761624
2676,137.019638,137.1840829,-0.16444493
1130,70.423411,70.58442853,-0.161017532
18,130.764866,130.9255073,-0.160641316
2530,68.034635,68.19019111,-0.155556112
2670,70.376578,70.52318494,-0.146606938
2246,81.063292,81.19765134,-0.134359338
98,114.22605,114.3494763,-0.123426267
1276,100.263456,100.38442,-0.120963994
1270,50.426864,50.53191239,-0.10504839
238,94.226002,94.32635843,-0.100356432
158,81.489076,81.58765024,-0.098574244
1414,95.671285,95.76935937,-0.098074369
2386,58.435212,58.52695965,-0.091747647
846,44.416531,44.49014943,-0.073618433
1554,64.308467,64.37344912,-0.064982124
986,40.700856,40.76475961,-0.063903611
14,41.141835,41.18401042,-0.042175419
1602,667.568917,667.6034803,-0.034563252
154,25.648645,25.67456179,-0.025916794
1462,475.819503,475.8444783,-0.024975276
1574,289.644392,289.6594095,-0.015017456
1658,280.720251,280.7347853,-0.014534344
1434,264.924883,264.9388086,-0.013925564
1518,202.353553,202.3641742,-0.010621237
62,113.60091,113.6068726,-0.005962636
258,100.218784,100.2239727,-0.005188705
202,99.963471,99.96864617,-0.005175172
1490,75.212906,75.21681421,-0.003908212
34,66.322381,66.32586676,-0.003485757
1630,67.098019,67.10145885,-0.003439845
174,58.999709,59.00276772,-0.003058719
118,48.69361,48.69616591,-0.002555913
90,23.114729,23.11593039,-0.001201386
230,19.076615,19.07759265,-0.000977655
1406,19.17838,19.17933828,-0.000958276
1546,12.897595,12.89823062,-0.000635617
6,8.227601,8.228012375,-0.000411375
146,5.131735,5.131988361,-0.000253361
1898,89647.22774,89647.22776,-1.74437E-05
752,11067.80522,11067.80522,-4.36623E-06
2012,27530.10642,27530.10643,-4.26906E-06
2440,5172.840531,5172.840535,-4.00773E-06
1758,57335.27368,57335.27368,-4.00553E-06
498,14150.21171,14150.21171,-3.91439E-06
1928,12011.70305,12011.70306,-3.90178E-06
2464,9535.43593,9535.435934,-3.8447E-06
1754,26170.5892,26170.58921,-3.83168E-06
2032,10126.57402,10126.57402,-3.81023E-06
80,10206.07542,10206.07543,-3.74407E-06
360,11821.56182,11821.56183,-3.74285E-06
1730,37872.51629,37872.51629,-3.71952E-06
2042,22389.67022,22389.67022,-3.55369E-06
1816,12907.68689,12907.68689,-3.50336E-06
2040,38663.1428,38663.14281,-3.44864E-06
502,11716.89713,11716.89713,-3.44125E-06
1750,9118.919787,9118.91979,-3.42228E-06
2238,11849.6628,11849.6628,-3.26549E-06
2430,15406.48698,15406.48698,-3.24409E-06
2208,11701.51997,11701.51997,-3.06241E-06
332,9182.191926,9182.191929,-2.97076E-06
2462,15835.7762,15835.7762,-2.87699E-06
2514,10785.97584,10785.97584,-2.63608E-06
1476,8259.463559,8259.463562,-2.63251E-06
1204,10407.76929,10407.76929,-2.60677E-06
2028,7839.777409,7839.777412,-2.59838E-06
2410,3977.499401,3977.499404,-2.5953E-06
1030,8397.695697,8397.6957,-2.57335E-06
2298,7322.350469,7322.350472,-2.54428E-06
640,13973.01373,13973.01373,-2.4068E-06
1592,31225.10824,31225.10824,-2.40654E-06
2494,6319.287419,6319.287421,-2.38781E-06
1038,3948.370974,3948.370976,-2.35688E-06
2516,9951.978384,9951.978386,-2.34414E-06
2144,7431.083622,7431.083624,-2.32576E-06
918,11398.43765,11398.43765,-2.25364E-06
2148,10008.29303,10008.29303,-2.24925E-06
2216,4026.773446,4026.773448,-2.2099E-06
2454,9415.685956,9415.685958,-2.2039E-06
2184,9505.595315,9505.595317,-2.17246E-06
2456,10671.34405,10671.34405,-2.09796E-06
1934,5239.406751,5239.406753,-2.06898E-06
2270,3562.956546,3562.956548,-2.0318E-06
1762,32072.06975,32072.06975,-1.98555E-06
1902,50021.36635,50021.36635,-1.94297E-06
2438,11151.18784,11151.18784,-1.92997E-06
2434,9838.393482,9838.393484,-1.90622E-06
2226,6416.351431,6416.351433,-1.87442E-06
1508,10004.31415,10004.31416,-1.85589E-06
2322,10563.01195,10563.01195,-1.84999E-06
1738,5618.886523,5618.886525,-1.83929E-06
1888,11421.07341,11421.07342,-1.80165E-06
1060,13821.33544,13821.33544,-1.74505E-06
2168,13362.14654,13362.14654,-1.74072E-06
2158,15847.08713,15847.08713,-1.73413E-06
2170,15068.20484,15068.20484,-1.68562E-06
2172,17251.50956,17251.50956,-1.57856E-06
2182,37888.21283,37888.21283,-1.54934E-06
2166,12043.34628,12043.34628,-1.5397E-06
2176,22192.30073,22192.30073,-1.51087E-06
2222,5245.962482,5245.962483,-1.43374E-06
780,13988.11246,13988.11246,-1.41206E-06
1786,13545.98266,13545.98266,-1.33061E-06
1534,9741.835498,9741.835499,-1.31136E-06
1618,36788.14068,36788.14068,-1.29876E-06
1616,11575.50287,11575.50287,-1.26009E-06
1732,35736.29408,35736.29408,-1.23665E-06
1058,13197.81911,13197.81911,-1.12504E-06
1990,4321.707503,4321.707504,-9.99439E-07
554,8392.931281,8392.931282,-9.9596E-07
2130,5466.79282,5466.792821,-9.91137E-07
1118,3574.10458,3574.104581,-8.95609E-07
1814,14424.97641,14424.97641,-8.50976E-07
2164,11281.23904,11281.23904,-8.45659E-07
1958,16527.18924,16527.18924,-8.29899E-07
2796,2588.683386,2588.683387,-8.18886E-07
2290,13899.51993,13899.51993,-8.12875E-07
1804,2172.266427,2172.266428,-8.08978E-07
56,2305.28671,2305.286711,-8.03092E-07
1870,44050.41768,44050.41768,-7.84668E-07
1736,8088.62262,8088.622621,-7.75803E-07
1396,2132.333478,2132.333479,-7.66726E-07
384,1054.444927,1054.444928,-7.62612E-07
2448,5307.803996,5307.803997,-7.57073E-07
1376,442.809497,442.8094978,-7.52974E-07
1112,1950.005277,1950.005278,-7.41296E-07
1926,11961.58273,11961.58273,-7.39765E-07
2572,4145.456092,4145.456093,-7.37748E-07
1096,994.447818,994.4478187,-7.33287E-07
1584,1936.671976,1936.671977,-7.31668E-07
1890,14276.46231,14276.46231,-7.19332E-07
192,6360.740513,6360.740514,-7.17432E-07
1698,965.402478,965.4024787,-7.06798E-07
1916,1040.526684,1040.526685,-7.06397E-07
2468,547.747288,547.7472887,-7.02098E-07
2794,2619.576818,2619.576819,-6.93904E-07
1064,8350.237386,8350.237387,-6.76673E-07
980,2006.467004,2006.467005,-6.75042E-07
1176,11156.24281,11156.24281,-6.73826E-07
2786,851.365008,851.3650087,-6.72316E-07
1306,1090.453994,1090.453995,-6.66246E-07
302,1178.888503,1178.888504,-6.49838E-07
1818,6864.22997,6864.229971,-6.46682E-07
1790,12671.02713,12671.02713,-6.44573E-07
2056,1476.062838,1476.062839,-6.3392E-07
2058,1713.0476,1713.047601,-6.31465E-07
1504,1446.030019,1446.03002,-6.30536E-07
696,5283.426068,5283.426069,-6.29419E-07
2232,8981.161162,8981.161163,-6.13334E-07
2474,507.263751,507.2637516,-6.10974E-07
2284,3207.898444,3207.898445,-6.03594E-07
2262,1923.914719,1923.91472,-5.91796E-07
2368,1459.389306,1459.389307,-5.88389E-07
2792,1080.896944,1080.896945,-5.86456E-07
1796,1085.366566,1085.366567,-5.81675E-07
1680,1325.480935,1325.480936,-5.78378E-07
948,3966.916504,3966.916505,-5.76891E-07
504,3807.120776,3807.120777,-5.7633E-07
1026,2122.639777,2122.639778,-5.76139E-07
2768,1768.930795,1768.930796,-5.73704E-07
1318,1580.851453,1580.851454,-5.73277E-07
2402,1377.430445,1377.430446,-5.7276E-07
2264,1965.459614,1965.459615,-5.7159E-07
1950,18048.6003,18048.6003,-5.70497E-07
2236,23883.98225,23883.98225,-5.69795E-07
1372,4671.146785,4671.146786,-5.62946E-07
952,5445.912904,5445.912905,-5.61618E-07
1874,31508.87098,31508.87098,-5.50168E-07
1528,1305.142479,1305.14248,-5.49636E-07
348,1459.657304,1459.657305,-5.44207E-07
2604,4249.473074,4249.473075,-5.43955E-07
1812,6748.817705,6748.817706,-5.42569E-07
2696,551.520448,551.5204485,-5.34957E-07
1324,595.127223,595.1272235,-5.34664E-07
1664,943.263446,943.2634465,-5.34519E-07
1338,4844.437455,4844.437456,-5.2924E-07
1850,3007.916137,3007.916138,-5.2076E-07
586,2024.818309,2024.81831,-5.16599E-07
1052,3130.684618,3130.684619,-5.09862E-07
176,91.295389,91.29538951,-5.09492E-07
1834,241.545528,241.5455285,-5.08828E-07
1986,4393.718448,4393.718449,-5.08786E-07
1656,115.96733,115.9673305,-5.071E-07
288,46.400825,46.4008255,-5.02252E-07
1764,6604.015616,6604.015617,-5.01723E-07
128,317.230364,317.2303645,-4.94526E-07
1104,926.788568,926.7885685,-4.92483E-07
648,270.983853,270.9838535,-4.86504E-07
912,2691.829138,2691.829138,-4.86377E-07
1254,2249.035367,2249.035367,-4.8521E-07
1682,128.803521,128.8035215,-4.83326E-07
2352,5473.244185,5473.244185,-4.8179E-07
248,2471.26152,2471.26152,-4.79801E-07
1166,1556.899948,1556.899948,-4.77307E-07
160,105.42327,105.4232705,-4.77203E-07
1430,133.472307,133.4723075,-4.76005E-07
2266,1821.26864,1821.26864,-4.74247E-07
2736,2624.54369,2624.54369,-4.73571E-07
1334,1596.678029,1596.678029,-4.72241E-07
2082,2326.791832,2326.791832,-4.70632E-07
1012,914.365343,914.3653435,-4.68986E-07
1640,456.772024,456.7720245,-4.68499E-07
814,3118.650404,3118.650404,-4.68278E-07
420,859.617775,859.6177755,-4.67763E-07
2672,91.201734,91.20173447,-4.66602E-07
2050,418.143606,418.1436065,-4.66523E-07
1076,336.560346,336.5603465,-4.66073E-07
32,22.708086,22.70808647,-4.65653E-07
2674,113.988101,113.9881015,-4.61236E-07
1100,564.364411,564.3644115,-4.61139E-07
2364,988.259314,988.2593145,-4.60715E-07
228,6.357974,6.357974449,-4.4948E-07
1690,173.260834,173.2608344,-4.48292E-07
1536,15304.4939,15304.4939,-4.45971E-07
1744,4196.313226,4196.313226,-4.43455E-07
852,101.788801,101.7888014,-4.41708E-07
254,73.299901,73.29990144,-4.39248E-07
2598,4911.518645,4911.518645,-4.36907E-07
1022,1377.700355,1377.700355,-4.31923E-07
514,246.6793,246.6793004,-4.30049E-07
1124,62.12775,62.12775043,-4.29434E-07
568,99.514424,99.51442443,-4.28355E-07
156,35.777154,35.77715443,-4.2792E-07
1068,271.837385,271.8373854,-4.2781E-07
2624,650.568747,650.5687474,-4.26986E-07
1862,5817.713305,5817.713305,-4.24388E-07
226,9.10641,9.10641042,-4.20273E-07
494,5727.018433,5727.018433,-4.13837E-07
1740,3184.455375,3184.455375,-4.13695E-07
862,1166.572181,1166.572181,-4.13144E-07
294,109.236868,109.2368684,-4.1205E-07
1444,1772.526928,1772.526928,-4.09029E-07
1704,3631.877013,3631.877013,-4.08236E-07
276,7857.913401,7857.913401,-4.0751E-07
908,1709.75449,1709.75449,-4.07507E-07
2638,135.074846,135.0748464,-4.06E-07
878,799.403921,799.4039214,-4.03163E-07
842,142.674792,142.6747924,-4.02446E-07
2580,984.975643,984.9756434,-4.01072E-07
528,3911.277325,3911.277325,-4.00076E-07
1086,3042.613122,3042.613122,-3.98972E-07
962,555.746349,555.7463494,-3.96433E-07
678,318.544686,318.5446864,-3.94618E-07
2632,4001.022274,4001.022274,-3.8961E-07
2700,922.694089,922.6940894,-3.88403E-07
1262,73.569276,73.56927639,-3.88299E-07
1820,1072.422551,1072.422551,-3.87789E-07
2398,274.907838,274.9078384,-3.87675E-07
416,4844.571315,4844.571315,-3.87623E-07
1910,245.47505,245.4750504,-3.87218E-07
1016,636.631909,636.6319094,-3.86079E-07
2746,403.216111,403.2161114,-3.85607E-07
1036,7976.820499,7976.820499,-3.84319E-07
1778,1500.122632,1500.122632,-3.84196E-07
1966,100.990083,100.9900834,-3.83605E-07
1314,5108.112805,5108.112805,-3.76182E-07
2074,4004.640137,4004.640137,-3.75385E-07
1348,175.604187,175.6041874,-3.7494E-07
762,721.014839,721.0148394,-3.74496E-07
172,20.201246,20.20124637,-3.73654E-07
2420,2286.787498,2286.787498,-3.72997E-07
342,354.679856,354.6798564,-3.72629E-07
184,397.290467,397.2904674,-3.70611E-07
232,29.563028,29.56302837,-3.70128E-07
994,121.917502,121.9175024,-3.70092E-07
2742,7345.749719,7345.749719,-3.69609E-07
708,87.204162,87.20416237,-3.68525E-07
772,2785.598751,2785.598751,-3.68016E-07
1976,529.210321,529.2103214,-3.66276E-07
884,1681.750135,1681.750135,-3.65949E-07
1606,1548.330648,1548.330648,-3.62599E-07
240,130.586037,130.5860374,-3.60785E-07
292,84.579456,84.57945636,-3.58026E-07
2362,782.913481,782.9134814,-3.56683E-07
482,442.872953,442.8729534,-3.54117E-07
1066,512.895103,512.8951034,-3.52997E-07
2538,154.460414,154.4604144,-3.5081E-07
540,728.687901,728.6879013,-3.49318E-07
256,41.374825,41.37482535,-3.47804E-07
1842,2853.921905,2853.921905,-3.47329E-07
1256,2442.491725,2442.491725,-3.47104E-07
1714,949.7581,949.7581003,-3.46552E-07
2198,1722.27947,1722.27947,-3.46462E-07
2334,596.168012,596.1680123,-3.46395E-07
1840,807.800744,807.8007443,-3.45753E-07
2196,1484.206136,1484.206136,-3.43266E-07
2762,528.759785,528.7597853,-3.43021E-07
888,2460.16341,2460.16341,-3.42767E-07
2070,9964.908708,9964.908708,-3.4115E-07
2758,394.174066,394.1740663,-3.39811E-07
998,199.743308,199.7433083,-3.3924E-07
1692,228.803705,228.8037053,-3.37897E-07
2510,3861.142337,3861.142337,-3.36954E-07
1912,581.948442,581.9484423,-3.36186E-07
704,62.695445,62.69544533,-3.33124E-07
2310,4343.731909,4343.731909,-3.33107E-07
932,230.835953,230.8359533,-3.32852E-07
712,112.894011,112.8940113,-3.32675E-07
1198,6842.532002,6842.532002,-3.32494E-07
848,58.243442,58.24344233,-3.32377E-07
474,7919.64219,7919.64219,-3.31832E-07
2394,171.257895,171.2578953,-3.30963E-07
2378,2272.886484,2272.886484,-3.30601E-07
1212,203.749919,203.7499193,-3.28913E-07
2682,667.720983,667.7209833,-3.2655E-07
1274,82.73684,82.73684033,-3.26421E-07
1072,196.147334,196.1473343,-3.26269E-07
1422,1753.971798,1753.971798,-3.26113E-07
1980,784.829828,784.8298283,-3.25281E-07
2658,1083.325174,1083.325174,-3.2522E-07
1316,7607.120892,7607.120892,-3.24503E-07
1576,447.900897,447.9008973,-3.22049E-07
1400,2374.159692,2374.159692,-3.21888E-07
506,194.194393,194.1943933,-3.20757E-07
1464,734.492681,734.4926813,-3.19106E-07
2112,258.171949,258.1719493,-3.19064E-07
534,1239.672914,1239.672914,-3.1544E-07
2582,522.082987,522.0829873,-3.14983E-07
2748,234.885879,234.8858793,-3.14377E-07
1140,186.75802,186.7580203,-3.1314E-07
1852,1836.546247,1836.546247,-3.12619E-07
1238,235.398734,235.3987343,-3.1222E-07
1768,447.444953,447.4449533,-3.10767E-07
820,1467.37614,1467.37614,-3.09254E-07
1328,1000.053575,1000.053575,-3.06855E-07
1562,1177.628476,1177.628476,-3.06251E-07
272,1708.437728,1708.437728,-3.04784E-07
2100,1027.355309,1027.355309,-3.04524E-07
2568,1475.973962,1475.973962,-3.02521E-07
844,78.0827,78.0827003,-3.01594E-07
896,7897.884816,7897.884816,-2.99027E-07
1936,2625.400474,2625.400474,-2.98659E-07
1940,3060.49576,3060.49576,-2.96559E-07
2668,52.247354,52.24735429,-2.94957E-07
1074,256.294638,256.2946383,-2.94807E-07
2640,179.456029,179.4560293,-2.94426E-07
444,1241.240147,1241.240147,-2.94302E-07
1084,838.78232,838.7823203,-2.93325E-07
1330,1219.510368,1219.510368,-2.93199E-07
374,232.025749,232.0257493,-2.91947E-07
544,1259.793057,1259.793057,-2.89182E-07
2162,4061.83913,4061.83913,-2.88701E-07
1218,441.68932,441.6893203,-2.88249E-07
16,57.39835,57.39835029,-2.86601E-07
1914,795.289891,795.2898913,-2.85945E-07
2000,4408.617088,4408.617088,-2.84274E-07
1170,5290.803219,5290.803219,-2.81007E-07
376,304.323265,304.3232653,-2.79963E-07
1122,102.405281,102.4052813,-2.79082E-07
356,4420.259554,4420.259554,-2.77098E-07
596,1089.913111,1089.913111,-2.7501E-07
1088,3338.041578,3338.041578,-2.74988E-07
576,186.807534,186.8075343,-2.73795E-07
370,71.356078,71.35607827,-2.73585E-07
1624,5687.02272,5687.02272,-2.72769E-07
812,3693.609191,3693.609191,-2.70257E-07
2654,1069.031822,1069.031822,-2.6587E-07
286,19.44017,19.44017027,-2.65779E-07
2560,861.869162,861.8691623,-2.63261E-07
602,1576.982338,1576.982338,-2.63082E-07
1416,133.30975,133.3097503,-2.62617E-07
298,304.912398,304.9123983,-2.61627E-07
1806,2693.526123,2693.526123,-2.60811E-07
76,2017.73492,2017.73492,-2.57372E-07
788,285.143897,285.1438973,-2.55341E-07
1000,248.777817,248.7778173,-2.54748E-07
2244,142.960162,142.9601623,-2.54027E-07
2466,1043.162361,1043.162361,-2.53324E-07
412,1979.533271,1979.533271,-2.52985E-07
702,106.589823,106.5898233,-2.52132E-07
2608,260.835231,260.8352313,-2.50755E-07
720,248.36483,248.3648303,-2.50228E-07
1364,468.838589,468.8385892,-2.48919E-07
776,3787.942095,3787.942095,-2.47117E-07
2250,138.835999,138.8359992,-2.46595E-07
960,433.661301,433.6613012,-2.46062E-07
2108,202.016203,202.0162032,-2.45886E-07
2652,439.294647,439.2946472,-2.45681E-07
196,2040.712106,2040.712106,-2.42E-07
44,446.886803,446.8868032,-2.40103E-07
150,12.065794,12.06579424,-2.39603E-07
2308,3490.005869,3490.005869,-2.39382E-07
300,317.20234,317.2023402,-2.3933E-07
2104,122.378473,122.3784732,-2.37653E-07
2778,336.024854,336.0248542,-2.37442E-07
1992,2377.956105,2377.956105,-2.35774E-07
938,512.745982,512.7459822,-2.35133E-07
984,71.57296,71.57296023,-2.34601E-07
538,310.988917,310.9889172,-2.34031E-07
826,2005.667449,2005.667449,-2.32503E-07
2518,5150.322504,5150.322504,-2.3238E-07
2004,5881.306564,5881.306564,-2.30177E-07
2776,716.05231,716.0523102,-2.29377E-07
268,652.48976,652.4897602,-2.29061E-07
2422,2885.733361,2885.733361,-2.27365E-07
314,220.973057,220.9730572,-2.2619E-07
1182,614.431177,614.4311772,-2.25702E-07
368,115.019769,115.0197692,-2.25186E-07
1344,7211.968679,7211.968679,-2.23293E-07
200,36.70675,36.70675022,-2.23219E-07
816,1397.333783,1397.333783,-2.2257E-07
590,1526.615247,1526.615247,-2.22512E-07
414,4614.471096,4614.471096,-2.2006E-07
818,627.066211,627.0662112,-2.19842E-07
132,830.974776,830.9747762,-2.18529E-07
2300,3396.442438,3396.442438,-2.1765E-07
856,172.67092,172.6709202,-2.16812E-07
36,102.632606,102.6326062,-2.15534E-07
692,1558.982733,1558.982733,-2.13987E-07
910,2164.912618,2164.912618,-2.1307E-07
1598,386.655057,386.6550572,-2.1243E-07
274,5054.07777,5054.07777,-2.11338E-07
2578,1911.293247,1911.293247,-2.10774E-07
584,1620.284826,1620.284826,-2.07557E-07
1720,3954.13643,3954.13643,-2.07028E-07
790,159.749947,159.7499472,-2.06725E-07
600,1357.429439,1357.429439,-2.06508E-07
2374,4718.976106,4718.976106,-2.05829E-07
936,396.438723,396.4387232,-2.05338E-07
2714,5340.475361,5340.475361,-2.05095E-07
2186,1320.157863,1320.157863,-2.02616E-07
1308,1195.745575,1195.745575,-2.00274E-07
2086,2847.139499,2847.139499,-1.99222E-07
1684,83.162699,83.1626992,-1.98834E-07
2228,7243.523068,7243.523068,-1.98581E-07
2500,1423.882741,1423.882741,-1.98004E-07
454,202.805509,202.8055092,-1.97909E-07
1938,1309.566912,1309.566912,-1.97296E-07
1190,1707.031168,1707.031168,-1.95506E-07
1144,691.683308,691.6833082,-1.95005E-07
1824,68.162926,68.16292619,-1.94963E-07
346,1129.444371,1129.444371,-1.94653E-07
1210,149.238731,149.2387312,-1.93374E-07
344,834.42226,834.4222602,-1.92636E-07
894,6840.038871,6840.038871,-1.92534E-07
496,5510.943633,5510.943633,-1.92377E-07
1102,723.087359,723.0873592,-1.92325E-07
698,3422.82885,3422.82885,-1.91354E-07
466,2794.500115,2794.500115,-1.91249E-07
1868,16644.18625,16644.18625,-1.90768E-07
674,1584.273831,1584.273831,-1.90463E-07
1838,790.235065,790.2350652,-1.90123E-07
756,5126.352354,5126.352354,-1.8684E-07
1370,2336.08542,2336.08542,-1.86364E-07
2060,2028.682644,2028.682644,-1.8514E-07
2496,2557.866667,2557.866667,-1.84682E-07
206,232.303835,232.3038352,-1.82409E-07
1078,435.121594,435.1215942,-1.80608E-07
744,1867.087477,1867.087477,-1.80309E-07
868,3305.996684,3305.996684,-1.77913E-07
1722,4995.227996,4995.227996,-1.77473E-07
604,1869.884598,1869.884598,-1.75597E-07
982,130.77201,130.7720102,-1.74392E-07
320,926.573531,926.5735312,-1.71962E-07
2218,1803.136338,1803.136338,-1.69162E-07
386,3307.810813,3307.810813,-1.66552E-07
944,990.973332,990.9733322,-1.65576E-07
390,4119.780535,4119.780535,-1.65474E-07
262,232.105856,232.1058562,-1.6018E-07
100,158.33061,158.3306102,-1.59645E-07
448,1996.583825,1996.583825,-1.59149E-07
168,1040.704619,1040.704619,-1.5679E-07
950,3474.806016,3474.806016,-1.56291E-07
2242,262.801246,262.8012462,-1.56123E-07
78,6550.086339,6550.086339,-1.55695E-07
2650,422.574037,422.5740372,-1.54594E-07
2476,660.198491,660.1984912,-1.53857E-07
304,1320.546777,1320.546777,-1.52588E-07
636,3773.675412,3773.675412,-1.52288E-07
684,896.385138,896.3851381,-1.49831E-07
334,8668.715947,8668.715947,-1.48195E-07
458,652.711543,652.7115431,-1.47224E-07
212,660.769181,660.7691811,-1.44125E-07
880,1042.020037,1042.020037,-1.44017E-07
2766,1855.204619,1855.204619,-1.4301E-07
516,323.495572,323.4955721,-1.40996E-07
1826,43.261107,43.26110714,-1.40204E-07
526,3510.596863,3510.596863,-1.38341E-07
460,849.965503,849.9655031,-1.37936E-07
2692,717.612418,717.6124181,-1.35519E-07
1792,5611.718134,5611.718134,-1.343E-07
900,1595.697895,1595.697895,-1.33458E-07
1286,800.034758,800.0347581,-1.33301E-07
2084,2555.09352,2555.09352,-1.32716E-07
2730,1979.756995,1979.756995,-1.32408E-07
1494,175.956269,175.9562691,-1.32E-07
1770,277.405863,277.4058631,-1.30412E-07
1398,2505.487416,2505.487416,-1.29547E-07
990,70.273009,70.27300913,-1.28973E-07
2280,2051.209031,2051.209031,-1.27835E-07
2392,131.831783,131.8317831,-1.27433E-07
1336,1723.77412,1723.77412,-1.25318E-07
2528,50.439892,50.43989212,-1.23718E-07
1240,316.152822,316.1528221,-1.23002E-07
440,298.532729,298.5327291,-1.22651E-07
280,1017.435985,1017.435985,-1.21907E-07
1828,103.150061,103.1500611,-1.21535E-07
326,3048.622956,3048.622956,-1.20945E-07
1024,1735.192728,1735.192728,-1.20209E-07
58,65.748335,65.74833512,-1.18141E-07
500,14719.09253,14719.09253,-1.18078E-07
2694,409.865004,409.8650041,-1.17113E-07
86,11.034171,11.03417112,-1.15238E-07
800,683.800532,683.8005321,-1.13649E-07
1604,1030.421926,1030.421926,-1.12516E-07
1044,1196.591773,1196.591773,-1.12196E-07
2424,3571.827783,3571.827783,-1.10612E-07
2722,754.726344,754.7263441,-1.09297E-07
832,3063.492819,3063.492819,-1.08051E-07
1688,125.867757,125.8677571,-1.07684E-07
1962,299.466691,299.4666911,-1.07294E-07
748,2632.5173,2632.5173,-1.06563E-07
2458,29640.86072,29640.86072,-1.06516E-07
1244,525.625933,525.6259331,-1.05578E-07
2590,1377.630186,1377.630186,-1.05198E-07
394,680.134588,680.1345881,-1.0509E-07
1972,371.320838,371.3208381,-1.04749E-07
620,1417.842732,1417.842732,-1.04484E-07
2680,177.795109,177.7951091,-1.01819E-07
2356,1111.137939,1111.137939,-1.01222E-07
2342,1528.610324,1528.610324,-9.98552E-08
1208,251.783936,251.7839361,-9.93276E-08
1020,1076.485804,1076.485804,-9.76538E-08
2376,4367.944457,4367.944457,-9.66747E-08
1196,2424.858908,2424.858908,-9.61718E-08
838,6685.340538,6685.340538,-9.59562E-08
388,3688.144102,3688.144102,-9.59258E-08
2702,1122.049605,1122.049605,-9.57475E-08
1552,44.672977,44.6729771,-9.50411E-08
2256,305.517581,305.5175811,-9.39064E-08
1646,4934.03182,4934.03182,-9.20554E-08
1260,2764.73817,2764.73817,-9.10054E-08
1392,769.975288,769.9752881,-9.06066E-08
1312,3732.609222,3732.609222,-9.05507E-08
178,137.674134,137.6741341,-8.99783E-08
858,218.731415,218.7314151,-8.9469E-08
432,79.684068,79.68406809,-8.94358E-08
1018,826.399927,826.3999271,-8.89388E-08
2566,1369.857742,1369.857742,-8.85452E-08
658,541.913338,541.9133381,-8.83668E-08
1522,467.666103,467.6661031,-8.83263E-08
1742,1787.725334,1787.725334,-8.68549E-08
2192,1194.305541,1194.305541,-8.4771E-08
2634,639.250651,639.2506511,-8.19948E-08
916,3793.472223,3793.472223,-8.15508E-08
1564,2234.185418,2234.185418,-8.04748E-08
2200,2038.874811,2038.874811,-7.85087E-08
966,894.447297,894.4472971,-7.74041E-08
1542,5.897017,5.897017077,-7.72706E-08
1654,205.50513,205.5051301,-7.45752E-08
2646,344.262414,344.2624141,-7.15432E-08
234,44.67688,44.67688007,-7.12091E-08
486,1409.779507,1409.779507,-7.116E-08
1466,1103.766709,1103.766709,-7.08715E-08
2116,367.761768,367.7617681,-6.93618E-08
2800,1729.403847,1729.403847,-6.88956E-08
1082,689.372155,689.3721551,-6.88674E-08
552,3602.435017,3602.435017,-6.73554E-08
1028,2533.991617,2533.991617,-6.71389E-08
1846,3625.66914,3625.66914,-6.70689E-08
2744,5934.843341,5934.843341,-6.65987E-08
2790,1041.6767,1041.6767,-6.58656E-08
1280,132.637741,132.6377411,-6.49209E-08
2254,237.963177,237.9631771,-6.40195E-08
1588,5298.392724,5298.392724,-6.24686E-08
478,1387.917309,1387.917309,-6.19807E-08
564,71.524197,71.52419706,-6.19484E-08
724,1413.944572,1413.944572,-6.18488E-08
940,654.491676,654.4916761,-6.16049E-08
2504,2271.771936,2271.771936,-6.11844E-08
2332,459.452361,459.4523611,-6.0788E-08
992,93.162004,93.16200406,-6.07306E-08
1672,4661.089139,4661.089139,-6.00976E-08
1224,679.895031,679.8950311,-5.97191E-08
52,7166.414001,7166.414001,-5.91217E-08
164,838.09152,838.0915201,-5.844E-08
1580,987.931051,987.9310511,-5.80565E-08
914,3241.195109,3241.195109,-5.7918E-08
1600,245.266576,245.2665761,-5.78798E-08
410,2098.399466,2098.399466,-5.62841E-08
1002,1061.716346,1061.716346,-5.61167E-08
426,18.324524,18.32452406,-5.5522E-08
1906,629.252952,629.2529521,-5.46531E-08
1288,2602.028384,2602.028384,-5.37775E-08
310,599.020845,599.0208451,-5.1792E-08
2780,445.81741,445.8174101,-5.07862E-08
2428,4975.409223,4975.409223,-4.86816E-08
428,43.733584,43.73358405,-4.79598E-08
38,154.785459,154.785459,-4.72563E-08
532,2848.277449,2848.277449,-4.69686E-08
1540,960.232352,960.232352,-4.65739E-08
1668,1809.433514,1809.433514,-4.58551E-08
934,301.688899,301.688899,-4.47419E-08
734,458.08066,458.08066,-4.31807E-08
1644,1288.619523,1288.619523,-4.29886E-08
1004,1152.333488,1152.333488,-4.03595E-08
1300,658.117903,658.117903,-4.02251E-08
264,338.138139,338.138139,-3.84808E-08
588,2702.445415,2702.445415,-3.79432E-08
1234,1083.159407,1083.159407,-3.74273E-08
1424,3329.551661,3329.551661,-3.50128E-08
60,41.713684,41.71368403,-3.49604E-08
1034,6965.836508,6965.836508,-3.46008E-08
1660,432.644006,432.644006,-3.45315E-08
1550,30.300463,30.30046303,-3.36624E-08
64,175.499311,175.499311,-3.23155E-08
2688,2262.815506,2262.815506,-3.10697E-08
208,339.377122,339.377122,-3.06677E-08
490,2287.22744,2287.22744,-2.92971E-08
928,319.739197,319.739197,-2.79704E-08
1484,4073.773261,4073.773261,-2.61484E-08
2482,1296.886724,1296.886724,-2.43526E-08
104,451.041181,451.041181,-2.20275E-08
8,12.77183,12.77183002,-2.19883E-08
1010,1787.751747,1787.751747,-1.94641E-08
2728,1650.474287,1650.474287,-1.89241E-08
2660,719.573717,719.573717,-1.88716E-08
2078,799.470036,799.470036,-1.66484E-08
2562,1049.94731,1049.94731,-1.58457E-08
22,769.057602,769.057602,-1.54924E-08
1148,3749.927335,3749.927335,-1.47757E-08
1054,3766.042397,3766.042397,-1.43668E-08
866,1281.305251,1281.305251,-1.38491E-08
2626,2092.480336,2092.480336,-1.29521E-08
1998,3920.611959,3920.611959,-1.17211E-08
2436,7944.122073,7944.122073,-1.05765E-08
574,153.29026,153.29026,-1.03703E-08
468,2757.562505,2757.562505,-9.90985E-09
1448,4851.432001,4851.432001,-8.47831E-09
424,28.86016,28.86016001,-7.864E-09
1290,871.208473,871.208473,-5.50858E-09
2486,5289.579646,5289.579646,-4.18731E-09
1342,6301.52203,6301.52203,-4.18186E-09
122,112.791505,112.791505,-3.11215E-09
1718,3045.019994,3045.019994,-2.5334E-09
2616,357.116146,357.116146,-6.86157E-10
2046,1312.025605,1312.025605,-1.13232E-10
1,0,0,0
3,0,0,0
5,0,0,0
7,0,0,0
9,0,0,0
11,0,0,0
13,0,0,0
15,0,0,0
17,0,0,0
19,0,0,0
21,0,0,0
23,0,0,0
25,0,0,0
27,0,0,0
29,0,0,0
31,0,0,0
33,0,0,0
35,0,0,0
37,0,0,0
39,0,0,0
41,0,0,0
43,0,0,0
45,0,0,0
47,0,0,0
49,0,0,0
51,0,0,0
53,0,0,0
55,0,0,0
57,0,0,0
59,0,0,0
61,0,0,0
63,0,0,0
65,0,0,0
67,0,0,0
69,0,0,0
71,0,0,0
73,0,0,0
75,0,0,0
77,0,0,0
79,0,0,0
81,0,0,0
83,0,0,0
85,0,0,0
87,0,0,0
89,0,0,0
91,0,0,0
93,0,0,0
95,0,0,0
97,0,0,0
99,0,0,0
101,0,0,0
103,0,0,0
105,0,0,0
107,0,0,0
109,0,0,0
111,0,0,0
113,0,0,0
115,0,0,0
117,0,0,0
119,0,0,0
121,0,0,0
123,0,0,0
125,0,0,0
127,0,0,0
129,0,0,0
131,0,0,0
133,0,0,0
135,0,0,0
137,0,0,0
139,0,0,0
141,0,0,0
143,0,0,0
145,0,0,0
147,0,0,0
149,0,0,0
151,0,0,0
153,0,0,0
155,0,0,0
157,0,0,0
159,0,0,0
161,0,0,0
163,0,0,0
165,0,0,0
167,0,0,0
169,0,0,0
171,0,0,0
173,0,0,0
175,0,0,0
177,0,0,0
179,0,0,0
181,0,0,0
183,0,0,0
185,0,0,0
187,0,0,0
189,0,0,0
191,0,0,0
193,0,0,0
195,0,0,0
197,0,0,0
199,0,0,0
201,0,0,0
203,0,0,0
205,0,0,0
207,0,0,0
209,0,0,0
211,0,0,0
213,0,0,0
215,0,0,0
217,0,0,0
219,0,0,0
221,0,0,0
223,0,0,0
225,0,0,0
227,0,0,0
229,0,0,0
231,0,0,0
233,0,0,0
235,0,0,0
237,0,0,0
239,0,0,0
241,0,0,0
243,0,0,0
245,0,0,0
247,0,0,0
249,0,0,0
251,0,0,0
253,0,0,0
255,0,0,0
257,0,0,0
259,0,0,0
261,0,0,0
263,0,0,0
265,0,0,0
267,0,0,0
269,0,0,0
271,0,0,0
273,0,0,0
275,0,0,0
277,0,0,0
279,0,0,0
281,0,0,0
283,0,0,0
285,0,0,0
287,0,0,0
289,0,0,0
291,0,0,0
293,0,0,0
295,0,0,0
297,0,0,0
299,0,0,0
301,0,0,0
303,0,0,0
305,0,0,0
307,0,0,0
309,0,0,0
311,0,0,0
313,0,0,0
315,0,0,0
317,0,0,0
319,0,0,0
321,0,0,0
323,0,0,0
325,0,0,0
327,0,0,0
329,0,0,0
331,0,0,0
333,0,0,0
335,0,0,0
337,0,0,0
339,0,0,0
341,0,0,0
343,0,0,0
345,0,0,0
347,0,0,0
349,0,0,0
351,0,0,0
353,0,0,0
355,0,0,0
357,0,0,0
359,0,0,0
361,0,0,0
363,0,0,0
365,0,0,0
367,0,0,0
369,0,0,0
371,0,0,0
373,0,0,0
375,0,0,0
377,0,0,0
379,0,0,0
381,0,0,0
383,0,0,0
385,0,0,0
387,0,0,0
389,0,0,0
391,0,0,0
393,0,0,0
395,0,0,0
397,0,0,0
399,0,0,0
401,0,0,0
403,0,0,0
405,0,0,0
407,0,0,0
409,0,0,0
411,0,0,0
413,0,0,0
415,0,0,0
417,0,0,0
419,0,0,0
421,0,0,0
423,0,0,0
425,0,0,0
427,0,0,0
429,0,0,0
431,0,0,0
433,0,0,0
435,0,0,0
437,0,0,0
439,0,0,0
441,0,0,0
443,0,0,0
445,0,0,0
447,0,0,0
449,0,0,0
451,0,0,0
453,0,0,0
455,0,0,0
457,0,0,0
459,0,0,0
461,0,0,0
463,0,0,0
465,0,0,0
467,0,0,0
469,0,0,0
471,0,0,0
473,0,0,0
475,0,0,0
477,0,0,0
479,0,0,0
481,0,0,0
483,0,0,0
485,0,0,0
487,0,0,0
489,0,0,0
491,0,0,0
493,0,0,0
495,0,0,0
497,0,0,0
499,0,0,0
501,0,0,0
503,0,0,0
505,0,0,0
507,0,0,0
509,0,0,0
511,0,0,0
513,0,0,0
515,0,0,0
517,0,0,0
519,0,0,0
521,0,0,0
523,0,0,0
525,0,0,0
527,0,0,0
529,0,0,0
531,0,0,0
533,0,0,0
535,0,0,0
537,0,0,0
539,0,0,0
541,0,0,0
543,0,0,0
545,0,0,0
547,0,0,0
549,0,0,0
551,0,0,0
553,0,0,0
555,0,0,0
557,0,0,0
559,0,0,0
561,0,0,0
563,0,0,0
565,0,0,0
567,0,0,0
569,0,0,0
571,0,0,0
573,0,0,0
575,0,0,0
577,0,0,0
579,0,0,0
581,0,0,0
583,0,0,0
585,0,0,0
587,0,0,0
589,0,0,0
591,0,0,0
593,0,0,0
595,0,0,0
597,0,0,0
599,0,0,0
601,0,0,0
603,0,0,0
605,0,0,0
607,0,0,0
609,0,0,0
611,0,0,0
613,0,0,0
615,0,0,0
617,0,0,0
619,0,0,0
621,0,0,0
623,0,0,0
625,0,0,0
627,0,0,0
629,0,0,0
631,0,0,0
633,0,0,0
635,0,0,0
637,0,0,0
639,0,0,0
641,0,0,0
643,0,0,0
645,0,0,0
647,0,0,0
649,0,0,0
651,0,0,0
653,0,0,0
655,0,0,0
657,0,0,0
659,0,0,0
661,0,0,0
663,0,0,0
665,0,0,0
667,0,0,0
669,0,0,0
671,0,0,0
673,0,0,0
675,0,0,0
677,0,0,0
679,0,0,0
681,0,0,0
683,0,0,0
685,0,0,0
687,0,0,0
689,0,0,0
691,0,0,0
693,0,0,0
695,0,0,0
697,0,0,0
699,0,0,0
701,0,0,0
703,0,0,0
705,0,0,0
707,0,0,0
709,0,0,0
711,0,0,0
713,0,0,0
715,0,0,0
717,0,0,0
719,0,0,0
721,0,0,0
723,0,0,0
725,0,0,0
727,0,0,0
729,0,0,0
731,0,0,0
733,0,0,0
735,0,0,0
737,0,0,0
739,0,0,0
741,0,0,0
743,0,0,0
745,0,0,0
747,0,0,0
749,0,0,0
751,0,0,0
753,0,0,0
755,0,0,0
757,0,0,0
759,0,0,0
761,0,0,0
763,0,0,0
765,0,0,0
767,0,0,0
769,0,0,0
771,0,0,0
773,0,0,0
775,0,0,0
777,0,0,0
779,0,0,0
781,0,0,0
783,0,0,0
785,0,0,0
787,0,0,0
789,0,0,0
791,0,0,0
793,0,0,0
795,0,0,0
797,0,0,0
799,0,0,0
801,0,0,0
803,0,0,0
805,0,0,0
807,0,0,0
809,0,0,0
811,0,0,0
813,0,0,0
815,0,0,0
817,0,0,0
819,0,0,0
821,0,0,0
823,0,0,0
825,0,0,0
827,0,0,0
829,0,0,0
831,0,0,0
833,0,0,0
835,0,0,0
837,0,0,0
839,0,0,0
841,0,0,0
843,0,0,0
845,0,0,0
847,0,0,0
849,0,0,0
851,0,0,0
853,0,0,0
855,0,0,0
857,0,0,0
859,0,0,0
861,0,0,0
863,0,0,0
865,0,0,0
867,0,0,0
869,0,0,0
871,0,0,0
873,0,0,0
875,0,0,0
877,0,0,0
879,0,0,0
881,0,0,0
883,0,0,0
885,0,0,0
887,0,0,0
889,0,0,0
891,0,0,0
893,0,0,0
895,0,0,0
897,0,0,0
899,0,0,0
901,0,0,0
903,0,0,0
905,0,0,0
907,0,0,0
909,0,0,0
911,0,0,0
913,0,0,0
915,0,0,0
917,0,0,0
919,0,0,0
921,0,0,0
923,0,0,0
925,0,0,0
927,0,0,0
929,0,0,0
931,0,0,0
933,0,0,0
935,0,0,0
937,0,0,0
939,0,0,0
941,0,0,0
943,0,0,0
945,0,0,0
947,0,0,0
949,0,0,0
951,0,0,0
953,0,0,0
955,0,0,0
957,0,0,0
959,0,0,0
961,0,0,0
963,0,0,0
965,0,0,0
967,0,0,0
969,0,0,0
971,0,0,0
973,0,0,0
975,0,0,0
977,0,0,0
979,0,0,0
981,0,0,0
983,0,0,0
985,0,0,0
987,0,0,0
989,0,0,0
991,0,0,0
993,0,0,0
995,0,0,0
997,0,0,0
999,0,0,0
1001,0,0,0
1003,0,0,0
1005,0,0,0
1007,0,0,0
1009,0,0,0
1011,0,0,0
1013,0,0,0
1015,0,0,0
1017,0,0,0
1019,0,0,0
1021,0,0,0
1023,0,0,0
1025,0,0,0
1027,0,0,0
1029,0,0,0
1031,0,0,0
1033,0,0,0
1035,0,0,0
1037,0,0,0
1039,0,0,0
1041,0,0,0
1043,0,0,0
1045,0,0,0
1047,0,0,0
1049,0,0,0
1051,0,0,0
1053,0,0,0
1055,0,0,0
1057,0,0,0
1059,0,0,0
1061,0,0,0
1063,0,0,0
1065,0,0,0
1067,0,0,0
1069,0,0,0
1071,0,0,0
1073,0,0,0
1075,0,0,0
1077,0,0,0
1079,0,0,0
1081,0,0,0
1083,0,0,0
1085,0,0,0
1087,0,0,0
1089,0,0,0
1091,0,0,0
1093,0,0,0
1095,0,0,0
1097,0,0,0
1099,0,0,0
1101,0,0,0
1103,0,0,0
1105,0,0,0
1107,0,0,0
1109,0,0,0
1111,0,0,0
1113,0,0,0
1115,0,0,0
1117,0,0,0
1119,0,0,0
1121,0,0,0
1123,0,0,0
1125,0,0,0
1127,0,0,0
1129,0,0,0
1131,0,0,0
1133,0,0,0
1135,0,0,0
1137,0,0,0
1139,0,0,0
1141,0,0,0
1143,0,0,0
1145,0,0,0
1147,0,0,0
1149,0,0,0
1151,0,0,0
1153,0,0,0
1155,0,0,0
1157,0,0,0
1159,0,0,0
1161,0,0,0
1163,0,0,0
1165,0,0,0
1167,0,0,0
1169,0,0,0
1171,0,0,0
1173,0,0,0
1175,0,0,0
1177,0,0,0
1179,0,0,0
1181,0,0,0
1183,0,0,0
1185,0,0,0
1187,0,0,0
1189,0,0,0
1191,0,0,0
1193,0,0,0
1195,0,0,0
1197,0,0,0
1199,0,0,0
1201,0,0,0
1203,0,0,0
1205,0,0,0
1207,0,0,0
1209,0,0,0
1211,0,0,0
1213,0,0,0
1215,0,0,0
1217,0,0,0
1219,0,0,0
1221,0,0,0
1223,0,0,0
1225,0,0,0
1227,0,0,0
1229,0,0,0
1231,0,0,0
1233,0,0,0
1235,0,0,0
1237,0,0,0
1239,0,0,0
1241,0,0,0
1243,0,0,0
1245,0,0,0
1247,0,0,0
1249,0,0,0
1251,0,0,0
1253,0,0,0
1255,0,0,0
1257,0,0,0
1259,0,0,0
1261,0,0,0
1263,0,0,0
1265,0,0,0
1267,0,0,0
1269,0,0,0
1271,0,0,0
1273,0,0,0
1275,0,0,0
1277,0,0,0
1279,0,0,0
1281,0,0,0
1283,0,0,0
1285,0,0,0
1287,0,0,0
1289,0,0,0
1291,0,0,0
1293,0,0,0
1295,0,0,0
1297,0,0,0
1299,0,0,0
1301,0,0,0
1303,0,0,0
1305,0,0,0
1307,0,0,0
1309,0,0,0
1311,0,0,0
1313,0,0,0
1315,0,0,0
1317,0,0,0
1319,0,0,0
1321,0,0,0
1323,0,0,0
1325,0,0,0
1327,0,0,0
1329,0,0,0
1331,0,0,0
1333,0,0,0
1335,0,0,0
1337,0,0,0
1339,0,0,0
1341,0,0,0
1343,0,0,0
1345,0,0,0
1347,0,0,0
1349,0,0,0
1351,0,0,0
1353,0,0,0
1355,0,0,0
1357,0,0,0
1359,0,0,0
1361,0,0,0
1363,0,0,0
1365,0,0,0
1367,0,0,0
1369,0,0,0
1371,0,0,0
1373,0,0,0
1375,0,0,0
1377,0,0,0
1379,0,0,0
1381,0,0,0
1383,0,0,0
1385,0,0,0
1387,0,0,0
1389,0,0,0
1391,0,0,0
1393,0,0,0
1395,0,0,0
1397,0,0,0
1399,0,0,0
1401,0,0,0
1403,0,0,0
1405,0,0,0
1407,0,0,0
1409,0,0,0
1411,0,0,0
1413,0,0,0
1415,0,0,0
1417,0,0,0
1419,0,0,0
1421,0,0,0
1423,0,0,0
1425,0,0,0
1427,0,0,0
1429,0,0,0
1431,0,0,0
1433,0,0,0
1435,0,0,0
1437,0,0,0
1439,0,0,0
1441,0,0,0
1443,0,0,0
1445,0,0,0
1447,0,0,0
1449,0,0,0
1451,0,0,0
1453,0,0,0
1455,0,0,0
1457,0,0,0
1459,0,0,0
1461,0,0,0
1463,0,0,0
1465,0,0,0
1467,0,0,0
1469,0,0,0
1471,0,0,0
1473,0,0,0
1475,0,0,0
1477,0,0,0
1479,0,0,0
1481,0,0,0
1483,0,0,0
1485,0,0,0
1487,0,0,0
1489,0,0,0
1491,0,0,0
1493,0,0,0
1495,0,0,0
1497,0,0,0
1499,0,0,0
1501,0,0,0
1503,0,0,0
1505,0,0,0
1507,0,0,0
1509,0,0,0
1511,0,0,0
1513,0,0,0
1515,0,0,0
1517,0,0,0
1519,0,0,0
1521,0,0,0
1523,0,0,0
1525,0,0,0
1527,0,0,0
1529,0,0,0
1531,0,0,0
1533,0,0,0
1535,0,0,0
1537,0,0,0
1539,0,0,0
1541,0,0,0
1543,0,0,0
1545,0,0,0
1547,0,0,0
1549,0,0,0
1551,0,0,0
1553,0,0,0
1555,0,0,0
1557,0,0,0
1559,0,0,0
1561,0,0,0
1563,0,0,0
1565,0,0,0
1567,0,0,0
1569,0,0,0
1571,0,0,0
1573,0,0,0
1575,0,0,0
1577,0,0,0
1579,0,0,0
1581,0,0,0
1583,0,0,0
1585,0,0,0
1587,0,0,0
1589,0,0,0
1591,0,0,0
1593,0,0,0
1595,0,0,0
1597,0,0,0
1599,0,0,0
1601,0,0,0
1603,0,0,0
1605,0,0,0
1607,0,0,0
1609,0,0,0
1611,0,0,0
1613,0,0,0
1615,0,0,0
1617,0,0,0
1619,0,0,0
1621,0,0,0
1623,0,0,0
1625,0,0,0
1627,0,0,0
1629,0,0,0
1631,0,0,0
1633,0,0,0
1635,0,0,0
1637,0,0,0
1639,0,0,0
1641,0,0,0
1643,0,0,0
1645,0,0,0
1647,0,0,0
1649,0,0,0
1651,0,0,0
1653,0,0,0
1655,0,0,0
1657,0,0,0
1659,0,0,0
1661,0,0,0
1663,0,0,0
1665,0,0,0
1667,0,0,0
1669,0,0,0
1671,0,0,0
1673,0,0,0
1675,0,0,0
1677,0,0,0
1679,0,0,0
1681,0,0,0
1683,0,0,0
1685,0,0,0
1687,0,0,0
1689,0,0,0
1691,0,0,0
1693,0,0,0
1695,0,0,0
1697,0,0,0
1699,0,0,0
1701,0,0,0
1703,0,0,0
1705,0,0,0
1707,0,0,0
1709,0,0,0
1711,0,0,0
1713,0,0,0
1715,0,0,0
1717,0,0,0
1719,0,0,0
1721,0,0,0
1723,0,0,0
1725,0,0,0
1727,0,0,0
1729,0,0,0
1731,0,0,0
1733,0,0,0
1735,0,0,0
1737,0,0,0
1739,0,0,0
1741,0,0,0
1743,0,0,0
1745,0,0,0
1747,0,0,0
1749,0,0,0
1751,0,0,0
1753,0,0,0
1755,0,0,0
1757,0,0,0
1759,0,0,0
1761,0,0,0
1763,0,0,0
1765,0,0,0
1767,0,0,0
1769,0,0,0
1771,0,0,0
1773,0,0,0
1775,0,0,0
1777,0,0,0
1779,0,0,0
1781,0,0,0
1783,0,0,0
1785,0,0,0
1787,0,0,0
1789,0,0,0
1791,0,0,0
1793,0,0,0
1795,0,0,0
1797,0,0,0
1799,0,0,0
1801,0,0,0
1803,0,0,0
1805,0,0,0
1807,0,0,0
1809,0,0,0
1811,0,0,0
1813,0,0,0
1815,0,0,0
1817,0,0,0
1819,0,0,0
1821,0,0,0
1823,0,0,0
1825,0,0,0
1827,0,0,0
1829,0,0,0
1831,0,0,0
1833,0,0,0
1835,0,0,0
1837,0,0,0
1839,0,0,0
1841,0,0,0
1843,0,0,0
1845,0,0,0
1847,0,0,0
1849,0,0,0
1851,0,0,0
1853,0,0,0
1855,0,0,0
1857,0,0,0
1859,0,0,0
1861,0,0,0
1863,0,0,0
1865,0,0,0
1867,0,0,0
1869,0,0,0
1871,0,0,0
1873,0,0,0
1875,0,0,0
1877,0,0,0
1879,0,0,0
1881,0,0,0
1883,0,0,0
1885,0,0,0
1887,0,0,0
1889,0,0,0
1891,0,0,0
1893,0,0,0
1895,0,0,0
1897,0,0,0
1899,0,0,0
1901,0,0,0
1903,0,0,0
1905,0,0,0
1907,0,0,0
1909,0,0,0
1911,0,0,0
1913,0,0,0
1915,0,0,0
1917,0,0,0
1919,0,0,0
1921,0,0,0
1923,0,0,0
1925,0,0,0
1927,0,0,0
1929,0,0,0
1931,0,0,0
1933,0,0,0
1935,0,0,0
1937,0,0,0
1939,0,0,0
1941,0,0,0
1943,0,0,0
1945,0,0,0
1947,0,0,0
1949,0,0,0
1951,0,0,0
1953,0,0,0
1955,0,0,0
1957,0,0,0
1959,0,0,0
1961,0,0,0
1963,0,0,0
1965,0,0,0
1967,0,0,0
1969,0,0,0
1971,0,0,0
1973,0,0,0
1975,0,0,0
1977,0,0,0
1979,0,0,0
1981,0,0,0
1983,0,0,0
1985,0,0,0
1987,0,0,0
1989,0,0,0
1991,0,0,0
1993,0,0,0
1995,0,0,0
1997,0,0,0
1999,0,0,0
2001,0,0,0
2003,0,0,0
2005,0,0,0
2007,0,0,0
2009,0,0,0
2011,0,0,0
2013,0,0,0
2015,0,0,0
2017,0,0,0
2019,0,0,0
2021,0,0,0
2023,0,0,0
2025,0,0,0
2027,0,0,0
2029,0,0,0
2031,0,0,0
2033,0,0,0
2035,0,0,0
2037,0,0,0
2039,0,0,0
2041,0,0,0
2043,0,0,0
2045,0,0,0
2047,0,0,0
2049,0,0,0
2051,0,0,0
2053,0,0,0
2055,0,0,0
2057,0,0,0
2059,0,0,0
2061,0,0,0
2063,0,0,0
2065,0,0,0
2067,0,0,0
2069,0,0,0
2071,0,0,0
2073,0,0,0
2075,0,0,0
2077,0,0,0
2079,0,0,0
2081,0,0,0
2083,0,0,0
2085,0,0,0
2087,0,0,0
2089,0,0,0
2091,0,0,0
2093,0,0,0
2095,0,0,0
2097,0,0,0
2099,0,0,0
2101,0,0,0
2103,0,0,0
2105,0,0,0
2107,0,0,0
2109,0,0,0
2111,0,0,0
2113,0,0,0
2115,0,0,0
2117,0,0,0
2119,0,0,0
2121,0,0,0
2123,0,0,0
2125,0,0,0
2127,0,0,0
2129,0,0,0
2131,0,0,0
2133,0,0,0
2135,0,0,0
2137,0,0,0
2139,0,0,0
2141,0,0,0
2143,0,0,0
2145,0,0,0
2147,0,0,0
2149,0,0,0
2151,0,0,0
2153,0,0,0
2155,0,0,0
2157,0,0,0
2159,0,0,0
2161,0,0,0
2163,0,0,0
2165,0,0,0
2167,0,0,0
2169,0,0,0
2171,0,0,0
2173,0,0,0
2175,0,0,0
2177,0,0,0
2179,0,0,0
2181,0,0,0
2183,0,0,0
2185,0,0,0
2187,0,0,0
2189,0,0,0
2191,0,0,0
2193,0,0,0
2195,0,0,0
2197,0,0,0
2199,0,0,0
2201,0,0,0
2203,0,0,0
2205,0,0,0
2207,0,0,0
2209,0,0,0
2211,0,0,0
2213,0,0,0
2215,0,0,0
2217,0,0,0
2219,0,0,0
2221,0,0,0
2223,0,0,0
2225,0,0,0
2227,0,0,0
2229,0,0,0
2231,0,0,0
2233,0,0,0
2235,0,0,0
2237,0,0,0
2239,0,0,0
2241,0,0,0
2243,0,0,0
2245,0,0,0
2247,0,0,0
2249,0,0,0
2251,0,0,0
2253,0,0,0
2255,0,0,0
2257,0,0,0
2259,0,0,0
2261,0,0,0
2263,0,0,0
2265,0,0,0
2267,0,0,0
2269,0,0,0
2271,0,0,0
2273,0,0,0
2275,0,0,0
2277,0,0,0
2279,0,0,0
2281,0,0,0
2283,0,0,0
2285,0,0,0
2287,0,0,0
2289,0,0,0
2291,0,0,0
2293,0,0,0
2295,0,0,0
2297,0,0,0
2299,0,0,0
2301,0,0,0
2303,0,0,0
2305,0,0,0
2307,0,0,0
2309,0,0,0
2311,0,0,0
2313,0,0,0
2315,0,0,0
2317,0,0,0
2319,0,0,0
2321,0,0,0
2323,0,0,0
2325,0,0,0
2327,0,0,0
2329,0,0,0
2331,0,0,0
2333,0,0,0
2335,0,0,0
2337,0,0,0
2339,0,0,0
2341,0,0,0
2343,0,0,0
2345,0,0,0
2347,0,0,0
2349,0,0,0
2351,0,0,0
2353,0,0,0
2355,0,0,0
2357,0,0,0
2359,0,0,0
2361,0,0,0
2363,0,0,0
2365,0,0,0
2367,0,0,0
2369,0,0,0
2371,0,0,0
2373,0,0,0
2375,0,0,0
2377,0,0,0
2379,0,0,0
2381,0,0,0
2383,0,0,0
2385,0,0,0
2387,0,0,0
2389,0,0,0
2391,0,0,0
2393,0,0,0
2395,0,0,0
2397,0,0,0
2399,0,0,0
2401,0,0,0
2403,0,0,0
2405,0,0,0
2407,0,0,0
2409,0,0,0
2411,0,0,0
2413,0,0,0
2415,0,0,0
2417,0,0,0
2419,0,0,0
2421,0,0,0
2423,0,0,0
2425,0,0,0
2427,0,0,0
2429,0,0,0
2431,0,0,0
2433,0,0,0
2435,0,0,0
2437,0,0,0
2439,0,0,0
2441,0,0,0
2443,0,0,0
2445,0,0,0
2447,0,0,0
2449,0,0,0
2451,0,0,0
2453,0,0,0
2455,0,0,0
2457,0,0,0
2459,0,0,0
2461,0,0,0
2463,0,0,0
2465,0,0,0
2467,0,0,0
2469,0,0,0
2471,0,0,0
2473,0,0,0
2475,0,0,0
2477,0,0,0
2479,0,0,0
2481,0,0,0
2483,0,0,0
2485,0,0,0
2487,0,0,0
2489,0,0,0
2491,0,0,0
2493,0,0,0
2495,0,0,0
2497,0,0,0
2499,0,0,0
2501,0,0,0
2503,0,0,0
2505,0,0,0
2507,0,0,0
2509,0,0,0
2511,0,0,0
2513,0,0,0
2515,0,0,0
2517,0,0,0
2519,0,0,0
2521,0,0,0
2523,0,0,0
2525,0,0,0
2527,0,0,0
2529,0,0,0
2531,0,0,0
2533,0,0,0
2535,0,0,0
2537,0,0,0
2539,0,0,0
2541,0,0,0
2543,0,0,0
2545,0,0,0
2547,0,0,0
2549,0,0,0
2551,0,0,0
2553,0,0,0
2555,0,0,0
2557,0,0,0
2559,0,0,0
2561,0,0,0
2563,0,0,0
2565,0,0,0
2567,0,0,0
2569,0,0,0
2571,0,0,0
2573,0,0,0
2575,0,0,0
2577,0,0,0
2579,0,0,0
2581,0,0,0
2583,0,0,0
2585,0,0,0
2587,0,0,0
2589,0,0,0
2591,0,0,0
2593,0,0,0
2595,0,0,0
2597,0,0,0
2599,0,0,0
2601,0,0,0
2603,0,0,0
2605,0,0,0
2607,0,0,0
2609,0,0,0
2611,0,0,0
2613,0,0,0
2615,0,0,0
2617,0,0,0
2619,0,0,0
2621,0,0,0
2623,0,0,0
2625,0,0,0
2627,0,0,0
2629,0,0,0
2631,0,0,0
2633,0,0,0
2635,0,0,0
2637,0,0,0
2639,0,0,0
2641,0,0,0
2643,0,0,0
2645,0,0,0
2647,0,0,0
2649,0,0,0
2651,0,0,0
2653,0,0,0
2655,0,0,0
2657,0,0,0
2659,0,0,0
2661,0,0,0
2663,0,0,0
2665,0,0,0
2667,0,0,0
2669,0,0,0
2671,0,0,0
2673,0,0,0
2675,0,0,0
2677,0,0,0
2679,0,0,0
2681,0,0,0
2683,0,0,0
2685,0,0,0
2687,0,0,0
2689,0,0,0
2691,0,0,0
2693,0,0,0
2695,0,0,0
2697,0,0,0
2699,0,0,0
2701,0,0,0
2703,0,0,0
2705,0,0,0
2707,0,0,0
2709,0,0,0
2711,0,0,0
2713,0,0,0
2715,0,0,0
2717,0,0,0
2719,0,0,0
2721,0,0,0
2723,0,0,0
2725,0,0,0
2727,0,0,0
2729,0,0,0
2731,0,0,0
2733,0,0,0
2735,0,0,0
2737,0,0,0
2739,0,0,0
2741,0,0,0
2743,0,0,0
2745,0,0,0
2747,0,0,0
2749,0,0,0
2751,0,0,0
2753,0,0,0
2755,0,0,0
2757,0,0,0
2759,0,0,0
2761,0,0,0
2763,0,0,0
2765,0,0,0
2767,0,0,0
2769,0,0,0
2771,0,0,0
2773,0,0,0
2775,0,0,0
2777,0,0,0
2779,0,0,0
2781,0,0,0
2783,0,0,0
2785,0,0,0
2787,0,0,0
2789,0,0,0
2791,0,0,0
2793,0,0,0
2795,0,0,0
2797,0,0,0
2799,0,0,0
1126,37.811516,37.811516,7.16788E-10
2584,698.037245,698.037245,7.52834E-10
1278,117.230487,117.230487,1.23693E-09
316,522.366854,522.366854,1.3938E-09
2490,4082.035397,4082.035397,1.91176E-09
670,4636.795547,4636.795547,2.2028E-09
710,97.146256,97.146256,2.3544E-09
1572,99.216934,99.21693399,5.50432E-09
2252,183.100626,183.100626,6.6249E-09
284,30.615737,30.61573699,6.7171E-09
1516,83.592031,83.59203099,6.80511E-09
2110,223.667742,223.667742,6.86219E-09
422,44.666694,44.66669399,7.03934E-09
446,1728.575998,1728.575998,7.35258E-09
2340,1250.28287,1250.28287,7.55244E-09
392,2698.387604,2698.387604,7.96763E-09
260,154.599763,154.599763,8.11102E-09
396,341.649509,341.649509,1.01469E-08
2600,4710.36349,4710.36349,1.0401E-08
2712,4367.883411,4367.883411,1.09385E-08
2088,3215.334609,3215.334609,1.14596E-08
2408,2431.049987,2431.049987,1.16606E-08
1134,115.918904,115.918904,1.26403E-08
438,287.049859,287.049859,1.29453E-08
2576,5487.464883,5487.464883,1.43018E-08
646,474.721099,474.721099,1.44584E-08
660,650.619656,650.619656,1.68017E-08
2036,13034.74497,13034.74497,1.71076E-08
954,1849.204714,1849.204714,1.74939E-08
572,128.886591,128.886591,1.93082E-08
322,1174.767159,1174.767159,2.24529E-08
170,29.706471,29.70647098,2.2492E-08
96,79.619461,79.61946098,2.46785E-08
2764,579.16487,579.16487,2.50961E-08
2574,5113.466812,5113.466812,2.52321E-08
686,1019.677578,1019.677578,2.5647E-08
1612,4374.49817,4374.49817,2.57123E-08
108,3001.138553,3001.138553,2.63312E-08
766,1840.653201,1840.653201,2.65384E-08
1700,987.149767,987.149767,2.80463E-08
484,1041.809249,1041.809249,2.85311E-08
2022,2381.526702,2381.526702,2.89579E-08
1310,3683.718373,3683.718373,2.94731E-08
2774,1590.998983,1590.998983,2.99801E-08
2338,993.106857,993.106857,3.08474E-08
1706,4443.53769,4443.53769,3.14112E-08
2720,1424.47855,1424.47855,3.19772E-08
2204,2865.96237,2865.96237,3.47745E-08
1432,90.747687,90.74768696,3.68549E-08
740,1356.053907,1356.053907,3.84402E-08
632,2773.415885,2773.415885,3.86758E-08
2554,381.259152,381.259152,4.14865E-08
88,7.70368,7.703679957,4.2783E-08
28,1676.406642,1676.406642,4.33508E-08
2406,1293.404221,1293.404221,4.60891E-08
1116,5653.708684,5653.708684,4.64006E-08
2106,70.266402,70.26640195,4.64071E-08
2380,1113.672167,1113.672167,4.65238E-08
558,6136.591282,6136.591282,5.14628E-08
1802,1698.529923,1698.529923,5.18598E-08
996,157.831914,157.8319139,5.25021E-08
1628,22.370597,22.37059695,5.33875E-08
2126,3033.873218,3033.873218,5.42605E-08
794,422.218662,422.2186619,5.49592E-08
1492,116.505336,116.5053359,5.5067E-08
84,1959.654322,1959.654322,5.51665E-08
452,336.175414,336.1754139,5.6549E-08
2556,513.735495,513.7354949,5.6706E-08
1108,1428.307233,1428.307233,5.75099E-08
2268,3446.610742,3446.610742,5.7581E-08
2258,382.678948,382.6789479,5.77904E-08
2328,643.253212,643.2532119,6.01436E-08
782,10261.46397,10261.46397,6.19038E-08
974,4110.398492,4110.398492,6.19875E-08
2686,939.545511,939.5455109,6.23448E-08
188,1099.733996,1099.733996,6.44911E-08
318,711.438595,711.4385949,6.47613E-08
1608,2258.350436,2258.350436,6.58888E-08
246,1446.174144,1446.174144,6.71314E-08
2508,3350.600713,3350.600713,6.74704E-08
1250,818.34898,818.3489799,7.06549E-08
1918,1326.392136,1326.392136,7.10349E-08
822,1577.352538,1577.352538,7.22346E-08
2114,304.647248,304.6472479,7.30737E-08
476,3596.088128,3596.088128,7.38064E-08
1200,7109.315474,7109.315474,7.45567E-08
1152,699.122786,699.1227859,7.47751E-08
624,1690.486854,1690.486854,7.76322E-08
978,2788.604526,2788.604526,7.80415E-08
626,1831.152156,1831.152156,7.81793E-08
784,3998.985437,3998.985437,7.82434E-08
1942,4106.922917,4106.922917,7.98236E-08
1636,230.536309,230.5363089,7.98264E-08
2360,618.86361,618.8636099,8.06554E-08
580,283.87408,283.8740799,8.11281E-08
592,842.485467,842.4854669,8.14593E-08
404,691.54418,691.5441799,8.24178E-08
1350,104.040952,104.0409519,8.2506E-08
2542,653.428963,653.4289629,8.29888E-08
1114,5314.104979,5314.104979,8.32642E-08
2478,844.091098,844.0910979,8.46767E-08
2526,36.854631,36.85463091,8.55679E-08
1048,1990.984503,1990.984503,8.55957E-08
2644,289.69722,289.6972199,8.56278E-08
1882,2801.056173,2801.056173,8.74852E-08
152,17.800909,17.80090891,8.82E-08
1094,2407.633497,2407.633497,9.19886E-08
676,709.825593,709.8255929,9.26087E-08
2520,2503.545291,2503.545291,9.30304E-08
1570,145.924535,145.9245349,9.38161E-08
1340,5008.296907,5008.296907,9.51477E-08
1178,2198.793143,2198.793143,9.5622E-08
1226,2276.610647,2276.610647,9.72414E-08
244,371.842272,371.8422719,9.7291E-08
550,3819.867733,3819.867733,9.77539E-08
630,2371.069393,2371.069393,9.83223E-08
2534,110.553117,110.5531169,9.92588E-08
560,1554.730608,1554.730608,9.9712E-08
1438,617.313943,617.3139429,1.00316E-07
106,1755.209658,1755.209658,1.00655E-07
312,366.27396,366.2739599,1.012E-07
2076,1785.358154,1785.358154,1.01277E-07
2506,2794.015354,2794.015354,1.02038E-07
328,3009.213068,3009.213068,1.04592E-07
1800,1265.413471,1265.413471,1.0584E-07
2346,6256.692469,6256.692469,1.06065E-07
628,2064.803216,2064.803216,1.06536E-07
2636,287.718228,287.7182279,1.10893E-07
2416,1380.401564,1380.401564,1.13173E-07
942,813.829541,813.8295409,1.13802E-07
1784,4603.898753,4603.898753,1.15913E-07
1272,65.73672,65.73671988,1.17516E-07
2124,2754.775547,2754.775547,1.18384E-07
542,981.101362,981.1013619,1.18838E-07
162,478.89331,478.8933099,1.19925E-07
850,76.727585,76.72758488,1.20691E-07
2136,4588.920309,4588.920309,1.20984E-07
2512,4286.087063,4286.087063,1.21981E-07
872,883.831418,883.8314179,1.23191E-07
462,1077.326875,1077.326875,1.24104E-07
308,2133.590225,2133.590225,1.2514E-07
810,4841.209235,4841.209235,1.26557E-07
2272,1800.204959,1800.204959,1.27633E-07
1872,41534.12895,41534.12895,1.27977E-07
1452,28625.00395,28625.00394,1.2873E-07
1156,545.798974,545.7989739,1.28749E-07
680,745.619834,745.6198339,1.30311E-07
190,3927.961683,3927.961683,1.30782E-07
2134,1633.612608,1633.612608,1.31522E-07
736,1089.25138,1089.25138,1.31522E-07
1322,441.548211,441.5482109,1.31813E-07
20,169.206873,169.2068729,1.32595E-07
1230,3450.427849,3450.427849,1.32767E-07
1506,5539.94585,5539.94585,1.32851E-07
2044,5648.568861,5648.568861,1.331E-07
1008,2962.286311,2962.286311,1.33965E-07
1944,5251.631195,5251.631195,1.34602E-07
924,7338.091803,7338.091803,1.35528E-07
2304,2148.939437,2148.939437,1.35969E-07
68,385.781082,385.7810819,1.36112E-07
1500,512.345358,512.3453579,1.36487E-07
1040,1860.805199,1860.805199,1.39157E-07
1440,903.862613,903.8626129,1.39298E-07
1520,311.884672,311.8846719,1.43975E-07
1402,8.76879,8.768789856,1.4409E-07
2188,751.894114,751.8941139,1.47104E-07
988,53.357409,53.35740885,1.47788E-07
198,57.854758,57.85475785,1.48162E-07
180,201.820334,201.8203339,1.48454E-07
1366,1563.548157,1563.548157,1.4864E-07
518,413.545257,413.5452569,1.49587E-07
1222,610.150645,610.1506448,1.50808E-07
1206,428.375296,428.3752958,1.53729E-07
2016,6943.248017,6943.248017,1.5415E-07
2344,1823.128704,1823.128704,1.55787E-07
456,479.375341,479.3753408,1.57243E-07
434,102.884523,102.8845228,1.57466E-07
1922,4130.823383,4130.823383,1.57961E-07
738,1190.775523,1190.775523,1.58379E-07
508,122.333749,122.3337488,1.59097E-07
1128,51.954798,51.95479784,1.59369E-07
2314,6204.650766,6204.650766,1.597E-07
236,65.691995,65.69199484,1.61212E-07
1378,209.637394,209.6373938,1.61779E-07
1386,563.550908,563.5509078,1.63016E-07
1848,2956.075342,2956.075342,1.63195E-07
968,1099.867698,1099.867698,1.64287E-07
2606,447.737213,447.7372128,1.64842E-07
2326,1225.141608,1225.141608,1.64857E-07
1932,4928.067858,4928.067858,1.67975E-07
1626,32.044907,32.04490683,1.68643E-07
730,1526.083763,1526.083763,1.70713E-07
2248,105.890154,105.8901538,1.71458E-07
1356,245.96362,245.9636198,1.74263E-07
682,801.575545,801.5755448,1.75584E-07
2306,2739.191277,2739.191277,1.76216E-07
926,603.32025,603.3202498,1.77286E-07
1858,3547.932296,3547.932296,1.79134E-07
770,2382.338937,2382.338937,1.79445E-07
66,264.03671,264.0367098,1.80056E-07
1854,1107.018131,1107.018131,1.80814E-07
1346,298.782595,298.7825948,1.81154E-07
2052,1187.262791,1187.262791,1.83167E-07
1496,258.488535,258.4885348,1.83727E-07
2286,3845.301278,3845.301278,1.83774E-07
1380,281.166609,281.1666088,1.84687E-07
2684,609.416387,609.4163868,1.89703E-07
786,499.514269,499.5142688,1.90438E-07
2772,3482.003321,3482.003321,1.92443E-07
1194,2242.032834,2242.032834,1.92465E-07
964,712.782754,712.7827538,1.9338E-07
1232,6942.742152,6942.742152,1.93438E-07
1160,935.009756,935.0097558,1.93783E-07
282,47.384224,47.3842238,1.95197E-07
2404,1402.887338,1402.887338,1.9541E-07
1384,466.168843,466.1688428,1.96443E-07
1410,45.063292,45.0632918,1.97159E-07
418,3382.375914,3382.375914,2.00639E-07
2054,1297.011597,1297.011597,2.01489E-07
1702,3489.404705,3489.404705,2.01558E-07
94,54.142534,54.1425338,2.01632E-07
1142,726.280396,726.2803958,2.01704E-07
1712,1575.580732,1575.580732,2.01875E-07
650,151.819176,151.8191758,2.03593E-07
716,163.544558,163.5445578,2.03933E-07
1420,390.569896,390.5698958,2.04037E-07
2502,1800.935882,1800.935882,2.06358E-07
382,1043.486814,1043.486814,2.06623E-07
2738,6993.737885,6993.737885,2.07175E-07
1046,1542.144337,1542.144337,2.08313E-07
2664,63.042964,63.04296379,2.08393E-07
1652,2853.214447,2853.214447,2.10685E-07
1090,2908.347561,2908.347561,2.10779E-07
2418,1775.549343,1775.549343,2.1119E-07
148,7.965566,7.965565788,2.11659E-07
1050,2520.002718,2520.002718,2.12037E-07
1856,2611.875667,2611.875667,2.13625E-07
2628,2004.881748,2004.881748,2.17027E-07
860,272.637549,272.6375488,2.18025E-07
2102,208.362569,208.3625688,2.1832E-07
1994,1291.412923,1291.412923,2.18373E-07
2750,138.486682,138.4866818,2.20254E-07
2098,5295.298637,5295.298637,2.20659E-07
2610,153.851393,153.8513928,2.21193E-07
2588,1146.462443,1146.462443,2.21636E-07
2190,420.739946,420.7399458,2.22929E-07
2048,747.24295,747.2429498,2.2343E-07
136,3826.57328,3826.57328,2.26126E-07
566,41.100444,41.10044377,2.28503E-07
2276,1237.093186,1237.093186,2.28909E-07
134,2459.705256,2459.705256,2.33331E-07
1548,20.01322,20.01321977,2.33714E-07
1822,105.570702,105.5707018,2.34564E-07
760,1425.738228,1425.738228,2.34842E-07
2092,3989.087737,3989.087737,2.36447E-07
218,5754.243514,5754.243514,2.37368E-07
1458,275.597341,275.5973408,2.37374E-07
480,788.111416,788.1114158,2.37786E-07
956,763.734488,763.7344878,2.37952E-07
598,1191.608585,1191.608585,2.4029E-07
1368,1574.542681,1574.542681,2.42639E-07
1960,2573.810365,2573.810365,2.44415E-07
10,19.347968,19.34796775,2.45491E-07
1486,35.920856,35.92085575,2.46397E-07
1228,2303.92854,2303.92854,2.4655E-07
768,2074.866528,2074.866528,2.48313E-07
1428,2638.984667,2638.984667,2.4881E-07
48,1237.559435,1237.559435,2.49212E-07
2540,173.313278,173.3132777,2.50176E-07
1460,174.814168,174.8141677,2.50697E-07
512,180.172393,180.1723927,2.51558E-07
2366,1215.929692,1215.929692,2.52049E-07
1404,6.253802,6.253801746,2.53828E-07
758,2796.865952,2796.865952,2.54255E-07
140,496.802926,496.8029257,2.54374E-07
2080,2200.603356,2200.603356,2.60327E-07
1080,554.932637,554.9326367,2.60877E-07
1282,513.830426,513.8304257,2.62486E-07
2622,592.846424,592.8464237,2.64673E-07
1302,811.162747,811.1627467,2.66528E-07
1798,541.412225,541.4122247,2.67897E-07
40,226.930735,226.9307347,2.69205E-07
1412,66.446323,66.44632273,2.70957E-07
840,2054.011534,2054.011534,2.71069E-07
1568,1766.371172,1766.371172,2.72075E-07
24,1346.678056,1346.678056,2.72624E-07
116,20.10255,20.10254973,2.7361E-07
2532,88.296209,88.29620873,2.74418E-07
1776,1176.473643,1176.473643,2.74809E-07
1110,1695.083965,1695.083965,2.77617E-07
1984,3976.936302,3976.936302,2.79613E-07
1772,657.709031,657.7090307,2.80342E-07
1988,4172.357291,4172.357291,2.80424E-07
2426,4277.454286,4277.454286,2.8301E-07
714,134.250423,134.2504227,2.83475E-07
970,1306.537343,1306.537343,2.8356E-07
400,399.838012,399.8380117,2.84259E-07
1632,103.928963,103.9289627,2.86001E-07
1352,141.846874,141.8468737,2.86038E-07
726,1761.407165,1761.407165,2.86383E-07
12,28.547891,28.54789071,2.86419E-07
1930,11161.50235,11161.50235,2.865E-07
876,615.699821,615.6998207,2.88578E-07
510,75.890054,75.89005371,2.89047E-07
1908,395.959933,395.9599327,2.89957E-07
530,4361.61252,4361.61252,2.90487E-07
728,2339.500371,2339.500371,2.91517E-07
616,5195.842478,5195.842478,2.92677E-07
1830,141.951086,141.9510857,2.95137E-07
2752,187.674861,187.6748607,2.99291E-07
1180,1150.376887,1150.376887,2.99595E-07
1556,89.593003,89.5930027,3.00413E-07
608,2638.094948,2638.094948,3.01529E-07
1544,4.20581,4.205809696,3.03535E-07
1092,4521.415447,4521.415447,3.03832E-07
796,485.299337,485.2993367,3.05511E-07
2484,1545.573269,1545.573269,3.06252E-07
2324,6411.321569,6411.321569,3.09064E-07
354,4592.229406,4592.229406,3.10377E-07
1970,321.590835,321.5908347,3.11117E-07
546,1569.595996,1569.595996,3.11914E-07
2708,1569.322289,1569.322289,3.12505E-07
668,4571.359576,4571.359576,3.1352E-07
2294,8951.983049,8951.983049,3.14471E-07
72,751.395289,751.3952887,3.14693E-07
2412,2009.81428,2009.81428,3.15501E-07
2288,4476.142826,4476.142826,3.15846E-07
1162,1154.476919,1154.476919,3.16411E-07
1694,294.952827,294.9528267,3.16562E-07
2798,2617.760357,2617.760357,3.19457E-07
1832,187.428356,187.4283557,3.19961E-07
406,861.854417,861.8544167,3.21595E-07
2544,599.183973,599.1839727,3.21689E-07
2260,470.405889,470.4058887,3.23896E-07
2132,3008.106525,3008.106525,3.25238E-07
1174,7443.340443,7443.340443,3.26452E-07
1188,1397.386526,1397.386526,3.2772E-07
2348,6288.127022,6288.127022,3.31514E-07
398,170.626753,170.6267527,3.32257E-07
2336,776.430669,776.4306687,3.33858E-07
124,164.336822,164.3368217,3.34085E-07
306,1842.021987,1842.021987,3.34206E-07
1512,3213.973931,3213.973931,3.36655E-07
976,4386.913861,4386.913861,3.3786E-07
1596,5429.529438,5429.529438,3.37953E-07
732,842.215688,842.2156877,3.38191E-07
2784,717.695477,717.6954767,3.3848E-07
1358,306.101443,306.1014427,3.38554E-07
364,3072.571839,3072.571839,3.42949E-07
112,1663.30635,1663.30635,3.43519E-07
2602,5231.328919,5231.328919,3.44934E-07
1132,91.938508,91.93850765,3.45347E-07
1184,829.283226,829.2832257,3.4549E-07
2678,158.745126,158.7451257,3.46044E-07
2690,1279.409364,1279.409364,3.48784E-07
1524,680.123805,680.1238047,3.49412E-07
2666,38.228638,38.22863765,3.50759E-07
1488,25.07565,25.07564965,3.50937E-07
2156,8668.144301,8668.144301,3.51063E-07
2488,5299.479174,5299.479174,3.53412E-07
1468,1610.109254,1610.109254,3.54476E-07
652,364.031455,364.0314546,3.55851E-07
792,382.942272,382.9422716,3.55988E-07
1150,1232.059814,1232.059814,3.58801E-07
372,169.424174,169.4241736,3.59226E-07
2278,1591.56763,1591.56763,3.60269E-07
1844,2968.238483,2968.238483,3.60752E-07
1560,262.375358,262.3753576,3.61116E-07
922,8359.109252,8359.109252,3.62754E-07
524,1119.712681,1119.712681,3.64295E-07
1716,2241.047788,2241.047788,3.64337E-07
1268,37.253119,37.25311863,3.6539E-07
2396,219.686466,219.6864656,3.65722E-07
2138,4957.6813,4957.6813,3.67045E-07
1296,385.232623,385.2326226,3.68463E-07
1634,156.947297,156.9472966,3.68851E-07
204,154.421826,154.4218256,3.68934E-07
1294,284.10056,284.1005596,3.73694E-07
870,1728.189119,1728.189119,3.73737E-07
1578,674.809041,674.8090406,3.74264E-07
1284,487.024718,487.0247176,3.744E-07
1138,164.769161,164.7691606,3.7467E-07
2240,2286.233973,2286.233973,3.76195E-07
2472,391.024901,391.0249006,3.77132E-07
1264,44.629903,44.62990262,3.80579E-07
402,538.483473,538.4834726,3.82362E-07
562,121.602115,121.6021146,3.88189E-07
828,2319.431149,2319.431149,3.90547E-07
2120,545.050099,545.0500986,3.93236E-07
430,60.257608,60.2576076,3.96928E-07
1258,2898.006022,2898.006022,3.9787E-07
672,3556.131795,3556.131795,3.97889E-07
882,1334.127997,1334.127997,3.99536E-07
2312,5287.686133,5287.686133,4.00152E-07
522,1108.403225,1108.403225,4.03087E-07
2548,2253.608282,2253.608282,4.06525E-07
2662,104.520533,104.5205326,4.07268E-07
488,1821.692342,1821.692342,4.08056E-07
1006,1156.67897,1156.67897,4.10158E-07
764,1699.413355,1699.413355,4.10728E-07
886,2059.230426,2059.230426,4.10888E-07
290,63.949802,63.94980159,4.14283E-07
2064,2853.424607,2853.424607,4.14639E-07
864,1269.989418,1269.989418,4.15322E-07
114,35.614876,35.61487558,4.197E-07
378,389.148808,389.1488076,4.2144E-07
2354,2745.316341,2745.316341,4.21587E-07
2522,100.710397,100.7103966,4.25241E-07
2756,320.11389,320.1138896,4.26186E-07
142,2.345611,2.345610573,4.27466E-07
1766,711.079956,711.0799556,4.28162E-07
1056,4404.448377,4404.448377,4.28468E-07
2400,337.668237,337.6682366,4.28857E-07
1968,290.427985,290.4279846,4.28913E-07
1686,52.783643,52.78364257,4.29354E-07
688,1179.617353,1179.617353,4.29772E-07
2384,103.086232,103.0862316,4.30384E-07
2716,5701.684041,5701.684041,4.31818E-07
1710,2580.533794,2580.533794,4.33403E-07
2390,100.030074,100.0300736,4.34457E-07
700,1057.455902,1057.455902,4.36141E-07
2350,4869.326353,4869.326353,4.39242E-07
1964,175.883649,175.8836486,4.40966E-07
366,182.586094,182.5860936,4.4408E-07
2718,2764.261325,2764.261325,4.44344E-07
1436,409.699876,409.6998756,4.44615E-07
2594,1737.748274,1737.748274,4.4528E-07
1168,1710.329331,1710.329331,4.47021E-07
656,461.524238,461.5242376,4.4868E-07
1514,148.137481,148.1374805,4.51381E-07
144,1.673043,1.673042549,4.51455E-07
2552,667.250736,667.2507355,4.51876E-07
336,3948.170233,3948.170233,4.53212E-07
2618,440.519894,440.5198935,4.55708E-07
120,75.120405,75.12040454,4.55854E-07
2706,1459.206051,1459.206051,4.58513E-07
1974,438.227467,438.2274665,4.59201E-07
622,717.031014,717.0310135,4.59384E-07
2382,189.490066,189.4900655,4.59519E-07
2444,3271.1342,3271.1342,4.61199E-07
1120,2549.394605,2549.394605,4.62655E-07
30,33.393853,33.39385254,4.62783E-07
798,569.757227,569.7572265,4.6328E-07
906,1323.427733,1323.427733,4.63352E-07
2570,4354.707523,4354.707523,4.63834E-07
1362,421.508245,421.5082445,4.6515E-07
1266,27.149865,27.14986453,4.66856E-07
1794,2166.047696,2166.047696,4.70508E-07
2550,1189.563207,1189.563207,4.71914E-07
1216,354.288305,354.2883045,4.72684E-07
1252,874.023604,874.0236035,4.73498E-07
2372,1870.02187,1870.02187,4.75275E-07
1456,4990.720775,4990.720775,4.76459E-07
1408,29.761011,29.76101052,4.76468E-07
2770,2394.46216,2394.46216,4.76979E-07
1996,3628.656052,3628.656052,4.78995E-07
904,1026.659477,1026.659477,4.79083E-07
2212,5196.247978,5196.247978,4.81157E-07
2388,76.312337,76.31233652,4.82214E-07
224,1715.871575,1715.871575,4.83265E-07
1860,4606.534872,4606.534872,4.85966E-07
2370,1683.356478,1683.356478,4.88001E-07
854,133.26518,133.2651795,4.91472E-07
2524,60.74956,60.74955951,4.91936E-07
1106,1162.531561,1162.531561,4.93116E-07
4,2.6823,2.682299506,4.9424E-07
2,3.760703,3.760702506,4.94376E-07
350,1833.202896,1833.202896,4.95659E-07
706,36.02624,36.0262395,4.96861E-07
92,35.823085,35.8230845,4.96951E-07
1390,722.226917,722.2269165,4.99486E-07
2612,208.785326,208.7853255,5.10596E-07
1774,899.065025,899.0650245,5.1141E-07
664,949.126242,949.1262415,5.15358E-07
654,401.406891,401.4068905,5.19052E-07
1374,965.069985,965.0699845,5.23159E-07
824,1763.367842,1763.367841,5.23228E-07
2224,5758.885041,5758.88504,5.248E-07
570,110.872271,110.8722705,5.2494E-07
2630,2737.601351,2737.60135,5.26918E-07
1954,34818.391,34818.391,5.27107E-07
338,1111.49239,1111.492389,5.28881E-07
1246,636.545371,636.5453705,5.3135E-07
2128,2867.053383,2867.053382,5.34696E-07
1782,4673.992128,4673.992127,5.4125E-07
1146,1146.351362,1146.351361,5.4364E-07
2296,7283.378311,7283.37831,5.54931E-07
1924,4067.675445,4067.675444,5.62427E-07
972,1504.152302,1504.152301,5.64393E-07
2002,5046.596456,5046.596455,5.65658E-07
1154,401.960366,401.9603654,5.6609E-07
2282,2589.496184,2589.496183,5.7063E-07
594,458.233122,458.2331214,5.71481E-07
1292,494.336454,494.3364534,5.7235E-07
2072,5231.876806,5231.876805,5.77493E-07
1532,3363.491556,3363.491555,5.78906E-07
804,996.905222,996.9052214,5.79165E-07
1708,3633.317845,3633.317844,5.80166E-07
536,622.727539,622.7275384,5.86215E-07
1236,497.017688,497.0176874,5.86648E-07
644,4030.379881,4030.37988,5.89721E-07
2546,931.418511,931.4185104,5.90422E-07
1662,648.681264,648.6812634,5.94058E-07
2446,4168.710589,4168.710588,6.0011E-07
50,4422.842972,4422.842971,6.07242E-07
1172,5387.621673,5387.621672,6.14469E-07
2656,1061.633466,1061.633465,6.33546E-07
2710,4610.825151,4610.82515,6.3744E-07
808,4788.609369,4788.609368,6.40596E-07
2480,1061.767407,1061.767406,6.45498E-07
1320,827.038043,827.0380423,6.63089E-07
1062,9595.132385,9595.132384,6.69292E-07
442,1108.913938,1108.913937,6.7199E-07
1394,1973.251969,1973.251968,6.73764E-07
216,1773.608591,1773.60859,6.81172E-07
340,631.139702,631.1397013,6.81323E-07
2740,6674.393501,6674.3935,6.84894E-07
2596,1835.57604,1835.576039,6.85471E-07
252,1366.059214,1366.059213,7.08004E-07
742,1575.192249,1575.192248,7.16896E-07
1788,13613.0683,13613.0683,7.24147E-07
450,549.789961,549.7899603,7.32979E-07
2194,1304.579811,1304.57981,7.40267E-07
2724,1007.698508,1007.698507,7.46798E-07
1472,3119.985503,3119.985502,7.71804E-07
2734,2489.258819,2489.258818,7.85076E-07
362,9426.759856,9426.759855,7.92448E-07
946,3604.54631,3604.546309,8.13522E-07
2492,4554.47617,4554.476169,8.19608E-07
2096,10636.96177,10636.96177,8.20983E-07
618,2781.454623,2781.454622,8.22001E-07
754,9539.228635,9539.228634,8.22918E-07
1876,9355.642486,9355.642485,9.26875E-07
1878,8804.115866,8804.115865,1.02428E-06
2432,14687.52777,14687.52777,1.07479E-06
1032,8940.153254,8940.153253,1.145E-06
2316,7037.362351,7037.36235,1.18174E-06
1884,6574.286323,6574.286322,1.19184E-06
2450,6603.561759,6603.561758,1.2173E-06
1866,17413.14683,17413.14682,1.21738E-06
890,8175.892282,8175.892281,1.23526E-06
1202,9032.589225,9032.589224,1.24882E-06
2210,9948.961678,9948.961677,1.27525E-06
920,11974.71114,11974.71114,1.39328E-06
898,3386.116722,3386.116721,1.4218E-06
2018,9291.562909,9291.562908,1.44974E-06
1676,21183.70553,21183.70553,1.45641E-06
1900,80613.86055,80613.86055,1.46398E-06
1450,17022.86472,17022.86472,1.50169E-06
1648,8904.813245,8904.813243,1.50216E-06
1896,37927.87136,37927.87136,1.51804E-06
1480,41794.75625,41794.75625,1.53849E-06
1946,6509.940387,6509.940385,1.54528E-06
2220,4961.912619,4961.912617,1.63157E-06
1760,51597.08337,51597.08336,1.67674E-06
1894,40954.05372,40954.05371,1.71753E-06
2154,24280.93155,24280.93155,1.75039E-06
1952,16299.07269,16299.07268,1.83814E-06
1726,14958.06934,14958.06934,1.8723E-06
892,8731.406221,8731.406219,1.97652E-06
2452,8031.785308,8031.785306,1.98415E-06
2020,4718.042878,4718.042876,2.05271E-06
472,8403.12176,8403.121758,2.07354E-06
1590,18580.22557,18580.22556,2.08098E-06
2024,6616.199186,6616.199184,2.11653E-06
1748,7292.969654,7292.969652,2.11976E-06
2014,19345.61404,19345.61404,2.31482E-06
470,7861.924157,7861.924155,2.33719E-06
2068,11681.64648,11681.64647,2.42778E-06
2140,5573.019206,5573.019204,2.42865E-06
2030,8841.811053,8841.81105,2.6235E-06
1746,5663.566143,5663.56614,2.6854E-06
2008,7925.939108,7925.939105,2.71974E-06
1728,14301.73865,14301.73864,2.76756E-06
614,9617.297219,9617.297216,2.79491E-06
1734,27156.93484,27156.93484,2.84481E-06
1880,4989.71425,4989.714247,2.87535E-06
642,10285.08172,10285.08171,2.9165E-06
612,11121.42684,11121.42684,2.92445E-06
1756,24243.86643,24243.86642,2.93211E-06
836,10354.31651,10354.31651,2.9718E-06
1810,7471.047888,7471.047885,3.03015E-06
556,8804.742991,8804.742988,3.05215E-06
220,8960.625739,8960.625736,3.14376E-06
1904,10266.91785,10266.91784,3.1693E-06
2026,7063.80391,7063.803907,3.19878E-06
1478,26264.68971,26264.68971,3.22851E-06
2152,34668.68413,34668.68412,3.28389E-06
2214,9031.986523,9031.98652,3.29425E-06
1620,58505.36774,58505.36773,3.49742E-06
358,11356.02534,11356.02534,3.5072E-06
1886,8870.635088,8870.635084,3.56466E-06
2160,8047.011421,8047.011417,3.62034E-06
2142,6378.723607,6378.723603,3.77394E-06
2292,13292.79478,13292.79477,3.86152E-06
330,8584.288084,8584.28808,3.90757E-06
2320,18098.21208,18098.21208,3.99777E-06
1956,31132.32827,31132.32826,4.04061E-06
1674,13492.28163,13492.28162,4.09065E-06
2318,19601.27132,19601.27131,4.29042E-06
2460,27281.16397,27281.16397,4.59062E-06
2180,65648.85929,65648.85928,5.14895E-06
