PolicyID,TotalHedgeGains
1,0.000000
2,3.760703
3,0.000000
4,2.682300
5,0.000000
6,8.228055
7,0.000000
8,12.771830
9,0.000000
10,19.347968
11,0.000000
12,28.547891
13,0.000000
14,41.187667
15,0.000000
16,57.398350
17,0.000000
18,130.938205
19,0.000000
20,169.206873
21,0.000000
22,769.057602
23,0.000000
24,1346.678056
25,0.000000
26,1495.171719
27,0.000000
28,1676.406642
29,0.000000
30,33.393853
31,0.000000
32,22.708086
33,0.000000
34,66.326228
35,0.000000
36,102.632606
37,0.000000
38,154.785459
39,0.000000
40,226.930735
41,0.000000
42,324.612696
43,0.000000
44,446.886803
45,0.000000
46,992.075826
47,0.000000
48,1237.559435
49,0.000000
50,4422.842972
51,0.000000
52,7166.414001
53,0.000000
54,5263.191795
55,0.000000
56,2305.286710
57,0.000000
58,65.748335
59,0.000000
60,41.713684
61,0.000000
62,113.607491
63,0.000000
64,175.499311
65,0.000000
66,264.036710
67,0.000000
68,385.781082
69,0.000000
70,549.252174
71,0.000000
72,751.395289
73,0.000000
74,1645.588244
75,0.000000
76,2017.734920
77,0.000000
78,6550.086339
79,0.000000
80,10206.075422
81,0.000000
82,6270.967874
83,0.000000
84,1959.654322
85,0.000000
86,11.034171
87,0.000000
88,7.703680
89,0.000000
90,23.116055
91,0.000000
92,35.823085
93,0.000000
94,54.142534
95,0.000000
96,79.619461
97,0.000000
98,114.360178
99,0.000000
100,158.330610
101,0.000000
102,355.871884
103,0.000000
104,451.041181
105,0.000000
106,1755.209658
107,0.000000
108,3001.138553
109,0.000000
110,2633.210007
111,0.000000
112,1663.306350
113,0.000000
114,35.614876
115,0.000000
116,20.102550
117,0.000000
118,48.696431
119,0.000000
120,75.120405
121,0.000000
122,112.791505
123,0.000000
124,164.336822
125,0.000000
126,233.077670
127,0.000000
128,317.230364
129,0.000000
130,687.163970
131,0.000000
132,830.974776
133,0.000000
134,2459.705256
135,0.000000
136,3826.573280
137,0.000000
138,2043.507785
139,0.000000
140,496.802926
141,0.000000
142,2.345611
143,0.000000
144,1.673043
145,0.000000
146,5.132015
147,0.000000
148,7.965566
149,0.000000
150,12.065794
151,0.000000
152,17.800909
153,0.000000
154,25.676811
155,0.000000
156,35.777154
157,0.000000
158,81.595451
159,0.000000
160,105.423270
161,0.000000
162,478.893310
163,0.000000
164,838.091520
165,0.000000
166,929.650423
167,0.000000
168,1040.704619
169,0.000000
170,29.706471
171,0.000000
172,20.201246
173,0.000000
174,59.003085
175,0.000000
176,91.295389
177,0.000000
178,137.674134
179,0.000000
180,201.820334
181,0.000000
182,288.630442
183,0.000000
184,397.290467
185,0.000000
186,881.753357
187,0.000000
188,1099.733996
189,0.000000
190,3927.961683
191,0.000000
192,6360.740513
193,0.000000
194,4666.996888
195,0.000000
196,2040.712106
197,0.000000
198,57.854758
199,0.000000
200,36.706750
201,0.000000
202,99.969183
203,0.000000
204,154.421826
205,0.000000
206,232.303835
207,0.000000
208,339.377122
209,0.000000
210,483.079625
211,0.000000
212,660.769181
213,0.000000
214,1446.753962
215,0.000000
216,1773.608591
217,0.000000
218,5754.243514
219,0.000000
220,8960.625739
221,0.000000
222,5500.340450
223,0.000000
224,1715.871575
225,0.000000
226,9.106410
227,0.000000
228,6.357974
229,0.000000
230,19.077694
231,0.000000
232,29.563028
233,0.000000
234,44.676880
235,0.000000
236,65.691995
237,0.000000
238,94.335069
239,0.000000
240,130.586037
241,0.000000
242,293.438656
243,0.000000
244,371.842272
245,0.000000
246,1446.174144
247,0.000000
248,2471.261520
249,0.000000
250,2166.225263
251,0.000000
252,1366.059214
253,0.000000
254,73.299901
255,0.000000
256,41.374825
257,0.000000
258,100.224511
259,0.000000
260,154.599763
261,0.000000
262,232.105856
263,0.000000
264,338.138139
265,0.000000
266,479.474200
267,0.000000
268,652.489760
269,0.000000
270,1413.030459
271,0.000000
272,1708.437728
273,0.000000
274,5054.077770
275,0.000000
276,7857.913401
277,0.000000
278,4192.266969
279,0.000000
280,1017.435985
281,0.000000
282,47.384224
283,0.000000
284,30.615737
285,0.000000
286,19.440170
287,0.000000
288,46.400825
289,0.000000
290,63.949802
291,0.000000
292,84.579456
293,0.000000
294,109.236868
295,0.000000
296,136.249527
297,0.000000
298,304.912398
299,0.000000
300,317.202340
301,0.000000
302,1178.888503
303,0.000000
304,1320.546777
305,0.000000
306,1842.021987
307,0.000000
308,2133.590225
309,0.000000
310,599.020845
311,0.000000
312,366.273960
313,0.000000
314,220.973057
315,0.000000
316,522.366854
317,0.000000
318,711.438595
319,0.000000
320,926.573531
321,0.000000
322,1174.767159
323,0.000000
324,1432.731009
325,0.000000
326,3048.622956
327,0.000000
328,3009.213068
329,0.000000
330,8584.288084
331,0.000000
332,9182.191926
333,0.000000
334,8668.715947
335,0.000000
336,3948.170233
337,0.000000
338,1111.492390
339,0.000000
340,631.139702
341,0.000000
342,354.679856
343,0.000000
344,834.422260
345,0.000000
346,1129.444371
347,0.000000
348,1459.657304
349,0.000000
350,1833.202896
351,0.000000
352,2210.545865
353,0.000000
354,4592.229406
355,0.000000
356,4420.259554
357,0.000000
358,11356.025341
359,0.000000
360,11821.561824
361,0.000000
362,9426.759856
363,0.000000
364,3072.571839
365,0.000000
366,182.586094
367,0.000000
368,115.019769
369,0.000000
370,71.356078
371,0.000000
372,169.424174
373,0.000000
374,232.025749
375,0.000000
376,304.323265
377,0.000000
378,389.148808
379,0.000000
380,479.510379
381,0.000000
382,1043.486814
383,0.000000
384,1054.444927
385,0.000000
386,3307.810813
387,0.000000
388,3688.144102
389,0.000000
390,4119.780535
391,0.000000
392,2698.387604
393,0.000000
394,680.134588
395,0.000000
396,341.649509
397,0.000000
398,170.626753
399,0.000000
400,399.838012
401,0.000000
402,538.483473
403,0.000000
404,691.544180
405,0.000000
406,861.854417
407,0.000000
408,1029.739349
409,0.000000
410,2098.399466
411,0.000000
412,1979.533271
413,0.000000
414,4614.471096
415,0.000000
416,4844.571315
417,0.000000
418,3382.375914
419,0.000000
420,859.617775
421,0.000000
422,44.666694
423,0.000000
424,28.860160
425,0.000000
426,18.324524
427,0.000000
428,43.733584
429,0.000000
430,60.257608
431,0.000000
432,79.684068
433,0.000000
434,102.884523
435,0.000000
436,128.289507
437,0.000000
438,287.049859
439,0.000000
440,298.532729
441,0.000000
442,1108.913938
443,0.000000
444,1241.240147
445,0.000000
446,1728.575998
447,0.000000
448,1996.583825
449,0.000000
450,549.789961
451,0.000000
452,336.175414
453,0.000000
454,202.805509
455,0.000000
456,479.375341
457,0.000000
458,652.711543
459,0.000000
460,849.965503
461,0.000000
462,1077.326875
463,0.000000
464,1313.515994
465,0.000000
466,2794.500115
467,0.000000
468,2757.562505
469,0.000000
470,7861.924157
471,0.000000
472,8403.121760
473,0.000000
474,7919.642190
475,0.000000
476,3596.088128
477,0.000000
478,1387.917309
479,0.000000
480,788.111416
481,0.000000
482,442.872953
483,0.000000
484,1041.809249
485,0.000000
486,1409.779507
487,0.000000
488,1821.692342
489,0.000000
490,2287.227440
491,0.000000
492,2757.235835
493,0.000000
494,5727.018433
495,0.000000
496,5510.943633
497,0.000000
498,14150.211708
499,0.000000
500,14719.092532
501,0.000000
502,11716.897127
503,0.000000
504,3807.120776
505,0.000000
506,194.194393
507,0.000000
508,122.333749
509,0.000000
510,75.890054
511,0.000000
512,180.172393
513,0.000000
514,246.679300
515,0.000000
516,323.495572
517,0.000000
518,413.545257
519,0.000000
520,509.425006
521,0.000000
522,1108.403225
523,0.000000
524,1119.712681
525,0.000000
526,3510.596863
527,0.000000
528,3911.277325
529,0.000000
530,4361.612520
531,0.000000
532,2848.277449
533,0.000000
534,1239.672914
535,0.000000
536,622.727539
537,0.000000
538,310.988917
539,0.000000
540,728.687901
541,0.000000
542,981.101362
543,0.000000
544,1259.793057
545,0.000000
546,1569.595996
547,0.000000
548,1874.808201
549,0.000000
550,3819.867733
551,0.000000
552,3602.435017
553,0.000000
554,8392.931281
555,0.000000
556,8804.742991
557,0.000000
558,6136.591282
559,0.000000
560,1554.730608
561,0.000000
562,121.602115
563,0.000000
564,71.524197
565,0.000000
566,41.100444
567,0.000000
568,99.514424
569,0.000000
570,110.872271
571,0.000000
572,128.886591
573,0.000000
574,153.290260
575,0.000000
576,186.807534
577,0.000000
578,230.470454
579,0.000000
580,283.874080
581,0.000000
582,1260.483217
583,0.000000
584,1620.284826
585,0.000000
586,2024.818309
587,0.000000
588,2702.445415
589,0.000000
590,1526.615247
591,0.000000
592,842.485467
593,0.000000
594,458.233122
595,0.000000
596,1089.913111
597,0.000000
598,1191.608585
599,0.000000
600,1357.429439
601,0.000000
602,1576.982338
603,0.000000
604,1869.884598
605,0.000000
606,2231.748204
607,0.000000
608,2638.094948
609,0.000000
610,9114.420017
611,0.000000
612,11121.426841
613,0.000000
614,9617.297219
615,0.000000
616,5195.842478
617,0.000000
618,2781.454623
619,0.000000
620,1417.842732
621,0.000000
622,717.031014
623,0.000000
624,1690.486854
625,0.000000
626,1831.152156
627,0.000000
628,2064.803216
629,0.000000
630,2371.069393
631,0.000000
632,2773.415885
633,0.000000
634,3256.505855
635,0.000000
636,3773.675412
637,0.000000
638,11795.692021
639,0.000000
640,13973.013728
641,0.000000
642,10285.081717
643,0.000000
644,4030.379881
645,0.000000
646,474.721099
647,0.000000
648,270.983853
649,0.000000
650,151.819176
651,0.000000
652,364.031455
653,0.000000
654,401.406891
655,0.000000
656,461.524238
657,0.000000
658,541.913338
659,0.000000
660,650.619656
661,0.000000
662,788.265269
663,0.000000
664,949.126242
665,0.000000
666,3587.220183
667,0.000000
668,4571.359576
669,0.000000
670,4636.795547
671,0.000000
672,3556.131795
673,0.000000
674,1584.273831
675,0.000000
676,709.825593
677,0.000000
678,318.544686
679,0.000000
680,745.619834
681,0.000000
682,801.575545
683,0.000000
684,896.385138
685,0.000000
686,1019.677578
687,0.000000
688,1179.617353
689,0.000000
690,1366.956010
691,0.000000
692,1558.982733
693,0.000000
694,4435.887665
695,0.000000
696,5283.426068
697,0.000000
698,3422.828850
699,0.000000
700,1057.455902
701,0.000000
702,106.589823
703,0.000000
704,62.695445
705,0.000000
706,36.026240
707,0.000000
708,87.204162
709,0.000000
710,97.146256
711,0.000000
712,112.894011
713,0.000000
714,134.250423
715,0.000000
716,163.544558
717,0.000000
718,201.688444
719,0.000000
720,248.364830
721,0.000000
722,1101.533588
723,0.000000
724,1413.944572
725,0.000000
726,1761.407165
727,0.000000
728,2339.500371
729,0.000000
730,1526.083763
731,0.000000
732,842.215688
733,0.000000
734,458.080660
735,0.000000
736,1089.251380
737,0.000000
738,1190.775523
739,0.000000
740,1356.053907
741,0.000000
742,1575.192249
743,0.000000
744,1867.087477
745,0.000000
746,2227.512818
747,0.000000
748,2632.517300
749,0.000000
750,9083.740171
751,0.000000
752,11067.805219
753,0.000000
754,9539.228635
755,0.000000
756,5126.352354
757,0.000000
758,2796.865952
759,0.000000
760,1425.738228
761,0.000000
762,721.014839
763,0.000000
764,1699.413355
765,0.000000
766,1840.653201
767,0.000000
768,2074.866528
769,0.000000
770,2382.338937
771,0.000000
772,2785.598751
773,0.000000
774,3269.506647
775,0.000000
776,3787.942095
777,0.000000
778,11825.729506
779,0.000000
780,13988.112457
781,0.000000
782,10261.463971
783,0.000000
784,3998.985437
785,0.000000
786,499.514269
787,0.000000
788,285.143897
789,0.000000
790,159.749947
791,0.000000
792,382.942272
793,0.000000
794,422.218662
795,0.000000
796,485.299337
797,0.000000
798,569.757227
799,0.000000
800,683.800532
801,0.000000
802,828.130983
803,0.000000
804,996.905222
805,0.000000
806,3763.181203
807,0.000000
808,4788.609369
809,0.000000
810,4841.209235
811,0.000000
812,3693.609191
813,0.000000
814,3118.650404
815,0.000000
816,1397.333783
817,0.000000
818,627.066211
819,0.000000
820,1467.376140
821,0.000000
822,1577.352538
823,0.000000
824,1763.367842
825,0.000000
826,2005.667449
827,0.000000
828,2319.431149
829,0.000000
830,2686.715446
831,0.000000
832,3063.492819
833,0.000000
834,8706.063447
835,0.000000
836,10354.316512
837,0.000000
838,6685.340538
839,0.000000
840,2054.011534
841,0.000000
842,142.674792
843,0.000000
844,78.082700
845,0.000000
846,44.495377
847,0.000000
848,58.243442
849,0.000000
850,76.727585
851,0.000000
852,101.788801
853,0.000000
854,133.265180
855,0.000000
856,172.670920
857,0.000000
858,218.731415
859,0.000000
860,272.637549
861,0.000000
862,1166.572181
863,0.000000
864,1269.989418
865,0.000000
866,1281.305251
867,0.000000
868,3305.996684
869,0.000000
870,1728.189119
871,0.000000
872,883.831418
873,0.000000
874,475.982419
875,0.000000
876,615.699821
877,0.000000
878,799.403921
879,0.000000
880,1042.020037
881,0.000000
882,1334.127997
883,0.000000
884,1681.750135
885,0.000000
886,2059.230426
887,0.000000
888,2460.163410
889,0.000000
890,8175.892282
891,0.000000
892,8731.406221
893,0.000000
894,6840.038871
895,0.000000
896,7897.884816
897,0.000000
898,3386.116722
899,0.000000
900,1595.697895
901,0.000000
902,798.337572
903,0.000000
904,1026.659477
905,0.000000
906,1323.427733
907,0.000000
908,1709.754490
909,0.000000
910,2164.912618
911,0.000000
912,2691.829138
913,0.000000
914,3241.195109
915,0.000000
916,3793.472223
917,0.000000
918,11398.437652
919,0.000000
920,11974.711138
921,0.000000
922,8359.109252
923,0.000000
924,7338.091803
925,0.000000
926,603.320250
927,0.000000
928,319.739197
929,0.000000
930,177.498893
931,0.000000
932,230.835953
933,0.000000
934,301.688899
935,0.000000
936,396.438723
937,0.000000
938,512.745982
939,0.000000
940,654.491676
941,0.000000
942,813.829541
943,0.000000
944,990.973332
945,0.000000
946,3604.546310
947,0.000000
948,3966.916504
949,0.000000
950,3474.806016
951,0.000000
952,5445.912904
953,0.000000
954,1849.204714
955,0.000000
956,763.734488
957,0.000000
958,338.835137
959,0.000000
960,433.661301
961,0.000000
962,555.746349
963,0.000000
964,712.782754
965,0.000000
966,894.447297
967,0.000000
968,1099.867698
969,0.000000
970,1306.537343
971,0.000000
972,1504.152302
973,0.000000
974,4110.398492
975,0.000000
976,4386.913861
977,0.000000
978,2788.604526
979,0.000000
980,2006.467004
981,0.000000
982,130.772010
983,0.000000
984,71.572960
985,0.000000
986,40.769317
987,0.000000
988,53.357409
989,0.000000
990,70.273009
991,0.000000
992,93.162004
993,0.000000
994,121.917502
995,0.000000
996,157.831914
997,0.000000
998,199.743308
999,0.000000
1000,248.777817
1001,0.000000
1002,1061.716346
1003,0.000000
1004,1152.333488
1005,0.000000
1006,1156.678970
1007,0.000000
1008,2962.286311
1009,0.000000
1010,1787.751747
1011,0.000000
1012,914.365343
1013,0.000000
1014,492.230704
1015,0.000000
1016,636.631909
1017,0.000000
1018,826.399927
1019,0.000000
1020,1076.485804
1021,0.000000
1022,1377.700355
1023,0.000000
1024,1735.192728
1025,0.000000
1026,2122.639777
1027,0.000000
1028,2533.991617
1029,0.000000
1030,8397.695697
1031,0.000000
1032,8940.153254
1033,0.000000
1034,6965.836508
1035,0.000000
1036,7976.820499
1037,0.000000
1038,3948.370974
1039,0.000000
1040,1860.805199
1041,0.000000
1042,930.603063
1043,0.000000
1044,1196.591773
1045,0.000000
1046,1542.144337
1047,0.000000
1048,1990.984503
1049,0.000000
1050,2520.002718
1051,0.000000
1052,3130.684618
1053,0.000000
1054,3766.042397
1055,0.000000
1056,4404.448377
1057,0.000000
1058,13197.819107
1059,0.000000
1060,13821.335442
1061,0.000000
1062,9595.132385
1063,0.000000
1064,8350.237386
1065,0.000000
1066,512.895103
1067,0.000000
1068,271.837385
1069,0.000000
1070,150.846671
1071,0.000000
1072,196.147334
1073,0.000000
1074,256.294638
1075,0.000000
1076,336.560346
1077,0.000000
1078,435.121594
1079,0.000000
1080,554.932637
1081,0.000000
1082,689.372155
1083,0.000000
1084,838.782320
1085,0.000000
1086,3042.613122
1087,0.000000
1088,3338.041578
1089,0.000000
1090,2908.347561
1091,0.000000
1092,4521.415447
1093,0.000000
1094,2407.633497
1095,0.000000
1096,994.447818
1097,0.000000
1098,441.017383
1099,0.000000
1100,564.364411
1101,0.000000
1102,723.087359
1103,0.000000
1104,926.788568
1105,0.000000
1106,1162.531561
1107,0.000000
1108,1428.307233
1109,0.000000
1110,1695.083965
1111,0.000000
1112,1950.005277
1113,0.000000
1114,5314.104979
1115,0.000000
1116,5653.708684
1117,0.000000
1118,3574.104580
1119,0.000000
1120,2549.394605
1121,0.000000
1122,102.405281
1123,0.000000
1124,62.127750
1125,0.000000
1126,37.811516
1127,0.000000
1128,51.954798
1129,0.000000
1130,70.589196
1131,0.000000
1132,91.938508
1133,0.000000
1134,115.918904
1135,0.000000
1136,140.902599
1137,0.000000
1138,164.769161
1139,0.000000
1140,186.758020
1141,0.000000
1142,726.280396
1143,0.000000
1144,691.683308
1145,0.000000
1146,1146.351362
1147,0.000000
1148,3749.927335
1149,0.000000
1150,1232.059814
1151,0.000000
1152,699.122786
1153,0.000000
1154,401.960366
1155,0.000000
1156,545.798974
1157,0.000000
1158,730.806897
1159,0.000000
1160,935.009756
1161,0.000000
1162,1154.476919
1163,0.000000
1164,1369.427125
1165,0.000000
1166,1556.899948
1167,0.000000
1168,1710.329331
1169,0.000000
1170,5290.803219
1171,0.000000
1172,5387.621673
1173,0.000000
1174,7443.340443
1175,0.000000
1176,11156.242810
1177,0.000000
1178,2198.793143
1179,0.000000
1180,1150.376887
1181,0.000000
1182,614.431177
1183,0.000000
1184,829.283226
1185,0.000000
1186,1102.114461
1187,0.000000
1188,1397.386526
1189,0.000000
1190,1707.031168
1191,0.000000
1192,1999.947401
1193,0.000000
1194,2242.032834
1195,0.000000
1196,2424.858908
1197,0.000000
1198,6842.532002
1199,0.000000
1200,7109.315474
1201,0.000000
1202,9032.589225
1203,0.000000
1204,10407.769288
1205,0.000000
1206,428.375296
1207,0.000000
1208,251.783936
1209,0.000000
1210,149.238731
1211,0.000000
1212,203.749919
1213,0.000000
1214,274.656439
1215,0.000000
1216,354.288305
1217,0.000000
1218,441.689320
1219,0.000000
1220,529.838992
1221,0.000000
1222,610.150645
1223,0.000000
1224,679.895031
1225,0.000000
1226,2276.610647
1227,0.000000
1228,2303.928540
1229,0.000000
1230,3450.427849
1231,0.000000
1232,6942.742152
1233,0.000000
1234,1083.159407
1235,0.000000
1236,497.017688
1237,0.000000
1238,235.398734
1239,0.000000
1240,316.152822
1241,0.000000
1242,417.618096
1243,0.000000
1244,525.625933
1245,0.000000
1246,636.545371
1247,0.000000
1248,738.322985
1249,0.000000
1250,818.348980
1251,0.000000
1252,874.023604
1253,0.000000
1254,2249.035367
1255,0.000000
1256,2442.491725
1257,0.000000
1258,2898.006022
1259,0.000000
1260,2764.738170
1261,0.000000
1262,73.569276
1263,0.000000
1264,44.629903
1265,0.000000
1266,27.149865
1267,0.000000
1268,37.253119
1269,0.000000
1270,50.535053
1271,0.000000
1272,65.736720
1273,0.000000
1274,82.736840
1275,0.000000
1276,100.388922
1277,0.000000
1278,117.230487
1279,0.000000
1280,132.637741
1281,0.000000
1282,513.830426
1283,0.000000
1284,487.024718
1285,0.000000
1286,800.034758
1287,0.000000
1288,2602.028384
1289,0.000000
1290,871.208473
1291,0.000000
1292,494.336454
1293,0.000000
1294,284.100560
1295,0.000000
1296,385.232623
1297,0.000000
1298,515.014009
1299,0.000000
1300,658.117903
1301,0.000000
1302,811.162747
1303,0.000000
1304,960.464046
1305,0.000000
1306,1090.453994
1307,0.000000
1308,1195.745575
1309,0.000000
1310,3683.718373
1311,0.000000
1312,3732.609222
1313,0.000000
1314,5108.112805
1315,0.000000
1316,7607.120892
1317,0.000000
1318,1580.851453
1319,0.000000
1320,827.038043
1321,0.000000
1322,441.548211
1323,0.000000
1324,595.127223
1325,0.000000
1326,789.697728
1327,0.000000
1328,1000.053575
1329,0.000000
1330,1219.510368
1331,0.000000
1332,1426.215021
1333,0.000000
1334,1596.678029
1335,0.000000
1336,1723.774120
1337,0.000000
1338,4844.437455
1339,0.000000
1340,5008.296907
1341,0.000000
1342,6301.522030
1343,0.000000
1344,7211.968679
1345,0.000000
1346,298.782595
1347,0.000000
1348,175.604187
1349,0.000000
1350,104.040952
1351,0.000000
1352,141.846874
1353,0.000000
1354,190.913301
1355,0.000000
1356,245.963620
1357,0.000000
1358,306.101443
1359,0.000000
1360,366.531680
1361,0.000000
1362,421.508245
1363,0.000000
1364,468.838589
1365,0.000000
1366,1563.548157
1367,0.000000
1368,1574.542681
1369,0.000000
1370,2336.085420
1371,0.000000
1372,4671.146785
1373,0.000000
1374,965.069985
1375,0.000000
1376,442.809497
1377,0.000000
1378,209.637394
1379,0.000000
1380,281.166609
1381,0.000000
1382,370.828616
1383,0.000000
1384,466.168843
1385,0.000000
1386,563.550908
1387,0.000000
1388,652.488054
1389,0.000000
1390,722.226917
1391,0.000000
1392,769.975288
1393,0.000000
1394,1973.251969
1395,0.000000
1396,2132.333478
1397,0.000000
1398,2505.487416
1399,0.000000
1400,2374.159692
1401,0.000000
1402,8.768790
1403,0.000000
1404,6.253802
1405,0.000000
1406,19.179438
1407,0.000000
1408,29.761011
1409,0.000000
1410,45.063292
1411,0.000000
1412,66.446323
1413,0.000000
1414,95.777863
1415,0.000000
1416,133.309750
1417,0.000000
1418,303.285392
1419,0.000000
1420,390.569896
1421,0.000000
1422,1753.971798
1423,0.000000
1424,3329.551661
1425,0.000000
1426,3340.511434
1427,0.000000
1428,2638.984667
1429,0.000000
1430,133.472307
1431,0.000000
1432,90.747687
1433,0.000000
1434,264.940252
1435,0.000000
1436,409.699876
1437,0.000000
1438,617.313943
1439,0.000000
1440,903.862613
1441,0.000000
1442,1290.620670
1443,0.000000
1444,1772.526928
1445,0.000000
1446,3914.665403
1447,0.000000
1448,4851.432001
1449,0.000000
1450,17022.864724
1451,0.000000
1452,28625.003945
1453,0.000000
1454,17484.951629
1455,0.000000
1456,4990.720775
1457,0.000000
1458,275.597341
1459,0.000000
1460,174.814168
1461,0.000000
1462,475.847067
1463,0.000000
1464,734.492681
1465,0.000000
1466,1103.766709
1467,0.000000
1468,1610.109254
1469,0.000000
1470,2287.342087
1471,0.000000
1472,3119.985503
1473,0.000000
1474,6789.952490
1475,0.000000
1476,8259.463559
1477,0.000000
1478,26264.689710
1479,0.000000
1480,41794.756254
1481,0.000000
1482,20721.552329
1483,0.000000
1484,4073.773261
1485,0.000000
1486,35.920856
1487,0.000000
1488,25.075650
1489,0.000000
1490,75.217219
1491,0.000000
1492,116.505336
1493,0.000000
1494,175.956269
1495,0.000000
1496,258.488535
1497,0.000000
1498,370.755948
1499,0.000000
1500,512.345358
1501,0.000000
1502,1146.871427
1503,0.000000
1504,1446.030019
1505,0.000000
1506,5539.945850
1507,0.000000
1508,10004.314154
1509,0.000000
1510,7546.358916
1511,0.000000
1512,3213.973931
1513,0.000000
1514,148.137481
1515,0.000000
1516,83.592031
1517,0.000000
1518,202.365275
1519,0.000000
1520,311.884672
1521,0.000000
1522,467.666103
1523,0.000000
1524,680.123805
1525,0.000000
1526,962.171318
1527,0.000000
1528,1305.142479
1529,0.000000
1530,2806.783895
1531,0.000000
1532,3363.491556
1533,0.000000
1534,9741.835498
1535,0.000000
1536,15304.493898
1537,0.000000
1538,6454.876966
1539,0.000000
1540,960.232352
1541,0.000000
1542,5.897017
1543,0.000000
1544,4.205810
1545,0.000000
1546,12.898297
1547,0.000000
1548,20.013220
1549,0.000000
1550,30.300463
1551,0.000000
1552,44.672977
1553,0.000000
1554,64.379089
1555,0.000000
1556,89.593003
1557,0.000000
1558,203.777791
1559,0.000000
1560,262.375358
1561,0.000000
1562,1177.628476
1563,0.000000
1564,2234.185418
1565,0.000000
1566,2239.480845
1567,0.000000
1568,1766.371172
1569,0.000000
1570,145.924535
1571,0.000000
1572,99.216934
1573,0.000000
1574,289.660967
1575,0.000000
1576,447.900897
1577,0.000000
1578,674.809041
1579,0.000000
1580,987.931051
1581,0.000000
1582,1410.353115
1583,0.000000
1584,1936.671976
1585,0.000000
1586,4276.116352
1587,0.000000
1588,5298.392724
1589,0.000000
1590,18580.225566
1591,0.000000
1592,31225.108236
1593,0.000000
1594,19054.842442
1595,0.000000
1596,5429.529438
1597,0.000000
1598,386.655057
1599,0.000000
1600,245.266576
1601,0.000000
1602,667.607065
1603,0.000000
1604,1030.421926
1605,0.000000
1606,1548.330648
1607,0.000000
1608,2258.350436
1609,0.000000
1610,3207.542425
1611,0.000000
1612,4374.498170
1613,0.000000
1614,9517.756544
1615,0.000000
1616,11575.502865
1617,0.000000
1618,36788.140678
1619,0.000000
1620,58505.367736
1621,0.000000
1622,28978.215283
1623,0.000000
1624,5687.022720
1625,0.000000
1626,32.044907
1627,0.000000
1628,22.370597
1629,0.000000
1630,67.101816
1631,0.000000
1632,103.928963
1633,0.000000
1634,156.947297
1635,0.000000
1636,230.536309
1637,0.000000
1638,330.591214
1639,0.000000
1640,456.772024
1641,0.000000
1642,1022.217270
1643,0.000000
1644,1288.619523
1645,0.000000
1646,4934.031820
1647,0.000000
1648,8904.813245
1649,0.000000
1650,6710.585440
1651,0.000000
1652,2853.214447
1653,0.000000
1654,205.505130
1655,0.000000
1656,115.967330
1657,0.000000
1658,280.736293
1659,0.000000
1660,432.644006
1661,0.000000
1662,648.681264
1663,0.000000
1664,943.263446
1665,0.000000
1666,1334.144089
1667,0.000000
1668,1809.433514
1669,0.000000
1670,3890.324907
1671,0.000000
1672,4661.089139
1673,0.000000
1674,13492.281625
1675,0.000000
1676,21183.705531
1677,0.000000
1678,8925.783692
1679,0.000000
1680,1325.480935
1681,0.000000
1682,128.803521
1683,0.000000
1684,83.162699
1685,0.000000
1686,52.783643
1687,0.000000
1688,125.867757
1689,0.000000
1690,173.260834
1691,0.000000
1692,228.803705
1693,0.000000
1694,294.952827
1695,0.000000
1696,367.061607
1697,0.000000
1698,965.402478
1699,0.000000
1700,987.149767
1701,0.000000
1702,3489.404705
1703,0.000000
1704,3631.877013
1705,0.000000
1706,4443.537690
1707,0.000000
1708,3633.317845
1709,0.000000
1710,2580.533794
1711,0.000000
1712,1575.580732
1713,0.000000
1714,949.758100
1715,0.000000
1716,2241.047788
1717,0.000000
1718,3045.019994
1719,0.000000
1720,3954.136430
1721,0.000000
1722,4995.227996
1723,0.000000
1724,6065.841683
1725,0.000000
1726,14958.069342
1727,0.000000
1728,14301.738647
1729,0.000000
1730,37872.516291
1731,0.000000
1732,35736.294076
1733,0.000000
1734,27156.934842
1735,0.000000
1736,8088.622620
1737,0.000000
1738,5618.886523
1739,0.000000
1740,3184.455375
1741,0.000000
1742,1787.725334
1743,0.000000
1744,4196.313226
1745,0.000000
1746,5663.566143
1747,0.000000
1748,7292.969654
1749,0.000000
1750,9118.919787
1751,0.000000
1752,10937.999586
1753,0.000000
1754,26170.589203
1755,0.000000
1756,24243.866426
1757,0.000000
1758,57335.273678
1759,0.000000
1760,51597.083366
1761,0.000000
1762,32072.069752
1763,0.000000
1764,6604.015616
1765,0.000000
1766,711.079956
1767,0.000000
1768,447.444953
1769,0.000000
1770,277.405863
1771,0.000000
1772,657.709031
1773,0.000000
1774,899.065025
1775,0.000000
1776,1176.473643
1777,0.000000
1778,1500.122632
1779,0.000000
1780,1842.158364
1781,0.000000
1782,4673.992128
1783,0.000000
1784,4603.898753
1785,0.000000
1786,13545.982662
1787,0.000000
1788,13613.068302
1789,0.000000
1790,12671.027128
1791,0.000000
1792,5611.718134
1793,0.000000
1794,2166.047696
1795,0.000000
1796,1085.366566
1797,0.000000
1798,541.412225
1799,0.000000
1800,1265.413471
1801,0.000000
1802,1698.529923
1803,0.000000
1804,2172.266427
1805,0.000000
1806,2693.526123
1807,0.000000
1808,3198.773110
1809,0.000000
1810,7471.047888
1811,0.000000
1812,6748.817705
1813,0.000000
1814,14424.976409
1815,0.000000
1816,12907.686889
1817,0.000000
1818,6864.229970
1819,0.000000
1820,1072.422551
1821,0.000000
1822,105.570702
1823,0.000000
1824,68.162926
1825,0.000000
1826,43.261107
1827,0.000000
1828,103.150061
1829,0.000000
1830,141.951086
1831,0.000000
1832,187.428356
1833,0.000000
1834,241.545528
1835,0.000000
1836,300.511245
1837,0.000000
1838,790.235065
1839,0.000000
1840,807.800744
1841,0.000000
1842,2853.921905
1843,0.000000
1844,2968.238483
1845,0.000000
1846,3625.669140
1847,0.000000
1848,2956.075342
1849,0.000000
1850,3007.916137
1851,0.000000
1852,1836.546247
1853,0.000000
1854,1107.018131
1855,0.000000
1856,2611.875667
1857,0.000000
1858,3547.932296
1859,0.000000
1860,4606.534872
1861,0.000000
1862,5817.713305
1863,0.000000
1864,7062.575106
1865,0.000000
1866,17413.146825
1867,0.000000
1868,16644.186249
1869,0.000000
1870,44050.417680
1871,0.000000
1872,41534.128946
1873,0.000000
1874,31508.870980
1875,0.000000
1876,9355.642486
1877,0.000000
1878,8804.115866
1879,0.000000
1880,4989.714250
1881,0.000000
1882,2801.056173
1883,0.000000
1884,6574.286323
1885,0.000000
1886,8870.635088
1887,0.000000
1888,11421.073414
1889,0.000000
1890,14276.462308
1891,0.000000
1892,17119.484214
1893,0.000000
1894,40954.053715
1895,0.000000
1896,37927.871357
1897,0.000000
1898,89647.227744
1899,0.000000
1900,80613.860547
1901,0.000000
1902,50021.366346
1903,0.000000
1904,10266.917848
1905,0.000000
1906,629.252952
1907,0.000000
1908,395.959933
1909,0.000000
1910,245.475050
1911,0.000000
1912,581.948442
1913,0.000000
1914,795.289891
1915,0.000000
1916,1040.526684
1917,0.000000
1918,1326.392136
1919,0.000000
1920,1628.347323
1921,0.000000
1922,4130.823383
1923,0.000000
1924,4067.675445
1925,0.000000
1926,11961.582728
1927,0.000000
1928,12011.703054
1929,0.000000
1930,11161.502353
1931,0.000000
1932,4928.067858
1933,0.000000
1934,5239.406751
1935,0.000000
1936,2625.400474
1937,0.000000
1938,1309.566912
1939,0.000000
1940,3060.495760
1941,0.000000
1942,4106.922917
1943,0.000000
1944,5251.631195
1945,0.000000
1946,6509.940387
1947,0.000000
1948,7728.848988
1949,0.000000
1950,18048.600300
1951,0.000000
1952,16299.072685
1953,0.000000
1954,34818.391001
1955,0.000000
1956,31132.328267
1957,0.000000
1958,16527.189244
1959,0.000000
1960,2573.810365
1961,0.000000
1962,299.466691
1963,0.000000
1964,175.883649
1965,0.000000
1966,100.990083
1967,0.000000
1968,290.427985
1969,0.000000
1970,321.590835
1971,0.000000
1972,371.320838
1973,0.000000
1974,438.227467
1975,0.000000
1976,529.210321
1977,0.000000
1978,645.787482
1979,0.000000
1980,784.829828
1981,0.000000
1982,3330.459693
1983,0.000000
1984,3976.936302
1985,0.000000
1986,4393.718448
1987,0.000000
1988,4172.357291
1989,0.000000
1990,4321.707503
1991,0.000000
1992,2377.956105
1993,0.000000
1994,1291.412923
1995,0.000000
1996,3628.656052
1997,0.000000
1998,3920.611959
1999,0.000000
2000,4408.617088
2001,0.000000
2002,5046.596456
2003,0.000000
2004,5881.306564
2005,0.000000
2006,6875.648286
2007,0.000000
2008,7925.939108
2009,0.000000
2010,25576.259322
2011,0.000000
2012,27530.106424
2013,0.000000
2014,19345.614039
2015,0.000000
2016,6943.248017
2017,0.000000
2018,9291.562909
2019,0.000000
2020,4718.042878
2021,0.000000
2022,2381.526702
2023,0.000000
2024,6616.199186
2025,0.000000
2026,7063.803910
2027,0.000000
2028,7839.777409
2029,0.000000
2030,8841.811053
2031,0.000000
2032,10126.574015
2033,0.000000
2034,11595.329685
2035,0.000000
2036,13034.744967
2037,0.000000
2038,37747.997734
2039,0.000000
2040,38663.142802
2041,0.000000
2042,22389.670216
2043,0.000000
2044,5648.568861
2045,0.000000
2046,1312.025605
2047,0.000000
2048,747.242950
2049,0.000000
2050,418.143606
2051,0.000000
2052,1187.262791
2053,0.000000
2054,1297.011597
2055,0.000000
2056,1476.062838
2057,0.000000
2058,1713.047600
2059,0.000000
2060,2028.682644
2061,0.000000
2062,2417.771257
2063,0.000000
2064,2853.424607
2065,0.000000
2066,10171.979020
2067,0.000000
2068,11681.646475
2069,0.000000
2070,9964.908708
2071,0.000000
2072,5231.876806
2073,0.000000
2074,4004.640137
2075,0.000000
2076,1785.358154
2077,0.000000
2078,799.470036
2079,0.000000
2080,2200.603356
2081,0.000000
2082,2326.791832
2083,0.000000
2084,2555.093520
2085,0.000000
2086,2847.139499
2087,0.000000
2088,3215.334609
2089,0.000000
2090,3620.666515
2091,0.000000
2092,3989.087737
2093,0.000000
2094,10474.296924
2095,0.000000
2096,10636.961773
2097,0.000000
2098,5295.298637
2099,0.000000
2100,1027.355309
2101,0.000000
2102,208.362569
2103,0.000000
2104,122.378473
2105,0.000000
2106,70.266402
2107,0.000000
2108,202.016203
2109,0.000000
2110,223.667742
2111,0.000000
2112,258.171949
2113,0.000000
2114,304.647248
2115,0.000000
2116,367.761768
2117,0.000000
2118,448.592435
2119,0.000000
2120,545.050099
2121,0.000000
2122,2310.263001
2123,0.000000
2124,2754.775547
2125,0.000000
2126,3033.873218
2127,0.000000
2128,2867.053383
2129,0.000000
2130,5466.792820
2131,0.000000
2132,3008.106525
2133,0.000000
2134,1633.612608
2135,0.000000
2136,4588.920309
2137,0.000000
2138,4957.681300
2139,0.000000
2140,5573.019206
2141,0.000000
2142,6378.723607
2143,0.000000
2144,7431.083622
2145,0.000000
2146,8683.946518
2147,0.000000
2148,10008.293025
2149,0.000000
2150,32255.305599
2151,0.000000
2152,34668.684128
2153,0.000000
2154,24280.931554
2155,0.000000
2156,8668.144301
2157,0.000000
2158,15847.087128
2159,0.000000
2160,8047.011421
2161,0.000000
2162,4061.839130
2163,0.000000
2164,11281.239037
2165,0.000000
2166,12043.346276
2167,0.000000
2168,13362.146536
2169,0.000000
2170,15068.204839
2171,0.000000
2172,17251.509557
2173,0.000000
2174,19745.787725
2175,0.000000
2176,22192.300728
2177,0.000000
2178,64188.826753
2179,0.000000
2180,65648.859290
2181,0.000000
2182,37888.212827
2183,0.000000
2184,9505.595315
2185,0.000000
2186,1320.157863
2187,0.000000
2188,751.894114
2189,0.000000
2190,420.739946
2191,0.000000
2192,1194.305541
2193,0.000000
2194,1304.579811
2195,0.000000
2196,1484.206136
2197,0.000000
2198,1722.279470
2199,0.000000
2200,2038.874811
2201,0.000000
2202,2428.935844
2203,0.000000
2204,2865.962370
2205,0.000000
2206,10204.147879
2207,0.000000
2208,11701.519968
2209,0.000000
2210,9948.961678
2211,0.000000
2212,5196.247978
2213,0.000000
2214,9031.986523
2215,0.000000
2216,4026.773446
2217,0.000000
2218,1803.136338
2219,0.000000
2220,4961.912619
2221,0.000000
2222,5245.962482
2223,0.000000
2224,5758.885041
2225,0.000000
2226,6416.351431
2227,0.000000
2228,7243.523068
2229,0.000000
2230,8153.404694
2231,0.000000
2232,8981.161162
2233,0.000000
2234,23553.177731
2235,0.000000
2236,23883.982251
2237,0.000000
2238,11849.662796
2239,0.000000
2240,2286.233973
2241,0.000000
2242,262.801246
2243,0.000000
2244,142.960162
2245,0.000000
2246,81.207193
2247,0.000000
2248,105.890154
2249,0.000000
2250,138.835999
2251,0.000000
2252,183.100626
2253,0.000000
2254,237.963177
2255,0.000000
2256,305.517581
2257,0.000000
2258,382.678948
2259,0.000000
2260,470.405889
2261,0.000000
2262,1923.914719
2263,0.000000
2264,1965.459614
2265,0.000000
2266,1821.268640
2267,0.000000
2268,3446.610742
2269,0.000000
2270,3562.956546
2271,0.000000
2272,1800.204959
2273,0.000000
2274,963.522810
2275,0.000000
2276,1237.093186
2277,0.000000
2278,1591.567630
2279,0.000000
2280,2051.209031
2281,0.000000
2282,2589.496184
2283,0.000000
2284,3207.898444
2285,0.000000
2286,3845.301278
2287,0.000000
2288,4476.142826
2289,0.000000
2290,13899.519927
2291,0.000000
2292,13292.794775
2293,0.000000
2294,8951.983049
2295,0.000000
2296,7283.378311
2297,0.000000
2298,7322.350469
2299,0.000000
2300,3396.442438
2301,0.000000
2302,1686.405692
2303,0.000000
2304,2148.939437
2305,0.000000
2306,2739.191277
2307,0.000000
2308,3490.005869
2309,0.000000
2310,4343.731909
2311,0.000000
2312,5287.686133
2313,0.000000
2314,6204.650766
2315,0.000000
2316,7037.362351
2317,0.000000
2318,19601.271317
2319,0.000000
2320,18098.212083
2321,0.000000
2322,10563.011949
2323,0.000000
2324,6411.321569
2325,0.000000
2326,1225.141608
2327,0.000000
2328,643.253212
2329,0.000000
2330,355.366838
2331,0.000000
2332,459.452361
2333,0.000000
2334,596.168012
2335,0.000000
2336,776.430669
2337,0.000000
2338,993.106857
2339,0.000000
2340,1250.282870
2341,0.000000
2342,1528.610324
2343,0.000000
2344,1823.128704
2345,0.000000
2346,6256.692469
2347,0.000000
2348,6288.127022
2349,0.000000
2350,4869.326353
2351,0.000000
2352,5473.244185
2353,0.000000
2354,2745.316341
2355,0.000000
2356,1111.137939
2357,0.000000
2358,488.666849
2359,0.000000
2360,618.863610
2361,0.000000
2362,782.913481
2363,0.000000
2364,988.259314
2365,0.000000
2366,1215.929692
2367,0.000000
2368,1459.389306
2369,0.000000
2370,1683.356478
2371,0.000000
2372,1870.021870
2373,0.000000
2374,4718.976106
2375,0.000000
2376,4367.944457
2377,0.000000
2378,2272.886484
2379,0.000000
2380,1113.672167
2381,0.000000
2382,189.490066
2383,0.000000
2384,103.086232
2385,0.000000
2386,58.533503
2387,0.000000
2388,76.312337
2389,0.000000
2390,100.030074
2391,0.000000
2392,131.831783
2393,0.000000
2394,171.257895
2395,0.000000
2396,219.686466
2397,0.000000
2398,274.907838
2399,0.000000
2400,337.668237
2401,0.000000
2402,1377.430445
2403,0.000000
2404,1402.887338
2405,0.000000
2406,1293.404221
2407,0.000000
2408,2431.049987
2409,0.000000
2410,3977.499401
2411,0.000000
2412,2009.814280
2413,0.000000
2414,1075.284636
2415,0.000000
2416,1380.401564
2417,0.000000
2418,1775.549343
2419,0.000000
2420,2286.787498
2421,0.000000
2422,2885.733361
2423,0.000000
2424,3571.827783
2425,0.000000
2426,4277.454286
2427,0.000000
2428,4975.409223
2429,0.000000
2430,15406.486978
2431,0.000000
2432,14687.527771
2433,0.000000
2434,9838.393482
2435,0.000000
2436,7944.122073
2437,0.000000
2438,11151.187838
2439,0.000000
2440,5172.840531
2441,0.000000
2442,2567.406059
2443,0.000000
2444,3271.134200
2445,0.000000
2446,4168.710589
2447,0.000000
2448,5307.803996
2449,0.000000
2450,6603.561759
2451,0.000000
2452,8031.785308
2453,0.000000
2454,9415.685956
2455,0.000000
2456,10671.344049
2457,0.000000
2458,29640.860721
2459,0.000000
2460,27281.163974
2461,0.000000
2462,15835.776201
2463,0.000000
2464,9535.435930
2465,0.000000
2466,1043.162361
2467,0.000000
2468,547.747288
2469,0.000000
2470,302.483681
2471,0.000000
2472,391.024901
2473,0.000000
2474,507.263751
2475,0.000000
2476,660.198491
2477,0.000000
2478,844.091098
2479,0.000000
2480,1061.767407
2481,0.000000
2482,1296.886724
2483,0.000000
2484,1545.573269
2485,0.000000
2486,5289.579646
2487,0.000000
2488,5299.479174
2489,0.000000
2490,4082.035397
2491,0.000000
2492,4554.476170
2493,0.000000
2494,6319.287419
2495,0.000000
2496,2557.866667
2497,0.000000
2498,1124.476733
2499,0.000000
2500,1423.882741
2501,0.000000
2502,1800.935882
2503,0.000000
2504,2271.771936
2505,0.000000
2506,2794.015354
2507,0.000000
2508,3350.600713
2509,0.000000
2510,3861.142337
2511,0.000000
2512,4286.087063
2513,0.000000
2514,10785.975837
2515,0.000000
2516,9951.978384
2517,0.000000
2518,5150.322504
2519,0.000000
2520,2503.545291
2521,0.000000
2522,100.710397
2523,0.000000
2524,60.749560
2525,0.000000
2526,36.854631
2527,0.000000
2528,50.439892
2529,0.000000
2530,68.194797
2531,0.000000
2532,88.296209
2533,0.000000
2534,110.553117
2535,0.000000
2536,133.297564
2537,0.000000
2538,154.460414
2539,0.000000
2540,173.313278
2541,0.000000
2542,653.428963
2543,0.000000
2544,599.183973
2545,0.000000
2546,931.418511
2547,0.000000
2548,2253.608282
2549,0.000000
2550,1189.563207
2551,0.000000
2552,667.250736
2553,0.000000
2554,381.259152
2555,0.000000
2556,513.735495
2557,0.000000
2558,681.377678
2559,0.000000
2560,861.869162
2561,0.000000
2562,1049.947310
2563,0.000000
2564,1226.213853
2565,0.000000
2566,1369.857742
2567,0.000000
2568,1475.973962
2569,0.000000
2570,4354.707523
2571,0.000000
2572,4145.456092
2573,0.000000
2574,5113.466812
2575,0.000000
2576,5487.464883
2577,0.000000
2578,1911.293247
2579,0.000000
2580,984.975643
2581,0.000000
2582,522.082987
2583,0.000000
2584,698.037245
2585,0.000000
2586,916.954855
2587,0.000000
2588,1146.462443
2589,0.000000
2590,1377.630186
2591,0.000000
2592,1583.637345
2593,0.000000
2594,1737.748274
2595,0.000000
2596,1835.576040
2597,0.000000
2598,4911.518645
2599,0.000000
2600,4710.363490
2601,0.000000
2602,5231.328919
2603,0.000000
2604,4249.473074
2605,0.000000
2606,447.737213
2607,0.000000
2608,260.835231
2609,0.000000
2610,153.851393
2611,0.000000
2612,208.785326
2613,0.000000
2614,279.349561
2615,0.000000
2616,357.116146
2617,0.000000
2618,440.519894
2619,0.000000
2620,521.988815
2621,0.000000
2622,592.846424
2623,0.000000
2624,650.568747
2625,0.000000
2626,2092.480336
2627,0.000000
2628,2004.881748
2629,0.000000
2630,2737.601351
2631,0.000000
2632,4001.022274
2633,0.000000
2634,639.250651
2635,0.000000
2636,287.718228
2637,0.000000
2638,135.074846
2639,0.000000
2640,179.456029
2641,0.000000
2642,233.899307
2643,0.000000
2644,289.697220
2645,0.000000
2646,344.262414
2647,0.000000
2648,390.704372
2649,0.000000
2650,422.574037
2651,0.000000
2652,439.294647
2653,0.000000
2654,1069.031822
2655,0.000000
2656,1061.633466
2657,0.000000
2658,1083.325174
2659,0.000000
2660,719.573717
2661,0.000000
2662,104.520533
2663,0.000000
2664,63.042964
2665,0.000000
2666,38.228638
2667,0.000000
2668,52.247354
2669,0.000000
2670,70.527568
2671,0.000000
2672,91.201734
2673,0.000000
2674,113.988101
2675,0.000000
2676,137.190203
2677,0.000000
2678,158.745126
2679,0.000000
2680,177.795109
2681,0.000000
2682,667.720983
2683,0.000000
2684,609.416387
2685,0.000000
2686,939.545511
2687,0.000000
2688,2262.815506
2689,0.000000
2690,1279.409364
2691,0.000000
2692,717.612418
2693,0.000000
2694,409.865004
2695,0.000000
2696,551.520448
2697,0.000000
2698,730.358370
2699,0.000000
2700,922.694089
2701,0.000000
2702,1122.049605
2703,0.000000
2704,1308.036094
2705,0.000000
2706,1459.206051
2707,0.000000
2708,1569.322289
2709,0.000000
2710,4610.825151
2711,0.000000
2712,4367.883411
2713,0.000000
2714,5340.475361
2715,0.000000
2716,5701.684041
2717,0.000000
2718,2764.261325
2719,0.000000
2720,1424.478550
2721,0.000000
2722,754.726344
2723,0.000000
2724,1007.698508
2725,0.000000
2726,1321.682760
2727,0.000000
2728,1650.474287
2729,0.000000
2730,1979.756995
2731,0.000000
2732,2271.678426
2733,0.000000
2734,2489.258819
2735,0.000000
2736,2624.543690
2737,0.000000
2738,6993.737885
2739,0.000000
2740,6674.393501
2741,0.000000
2742,7345.749719
2743,0.000000
2744,5934.843341
2745,0.000000
2746,403.216111
2747,0.000000
2748,234.885879
2749,0.000000
2750,138.486682
2751,0.000000
2752,187.674861
2753,0.000000
2754,250.713778
2755,0.000000
2756,320.113890
2757,0.000000
2758,394.174066
2759,0.000000
2760,466.221743
2761,0.000000
2762,528.759785
2763,0.000000
2764,579.164870
2765,0.000000
2766,1855.204619
2767,0.000000
2768,1768.930795
2769,0.000000
2770,2394.462160
2771,0.000000
2772,3482.003321
2773,0.000000
2774,1590.998983
2775,0.000000
2776,716.052310
2777,0.000000
2778,336.024854
2779,0.000000
2780,445.817410
2781,0.000000
2782,580.169851
2783,0.000000
2784,717.695477
2785,0.000000
2786,851.365008
2787,0.000000
2788,964.464708
2789,0.000000
2790,1041.676700
2791,0.000000
2792,1080.896944
2793,0.000000
2794,2619.576818
2795,0.000000
2796,2588.683386
2797,0.000000
2798,2617.760357
2799,0.000000
2800,1729.403847
