Month,PolicyYear,MonthInPY,Age,BOP_AV,BOP_BB,FinalMortality,FinalLapse,PWD_Rate,RiderChargeRate,CreditedRate,SurrChgPct,FPW_Pct,Lives,Mortality,Lapse,PWD,SurrChg,RiderChg,Interest,EOP_AV,BaseLapse,DynamicLapse,LapseSkew
1,1,1,67,80841.03000000,105093.33000000,0.00038158,0.00000000,0.00000000,0.00000000,0.00000000,0.09000000,0.00000000,0.7845905029,30.84719047,0.00000000,0.00000000,0.00000000,0.00000000,0.00000000,80810.18280953,-5.74481029,-0.34715150,0.08333333
2,1,2,67,80810.18280953,105053.22865582,0.00038116,0.00018861,0.00000000,0.00000000,0.00000000,0.09000000,0.00000000,0.7841435222,30.79785713,13.86808552,0.00000000,1.37156890,0.00000000,0.00000000,80764.14529798,-5.74481029,-0.34715150,0.08333333
3,1,3,67,80764.14529798,104993.37989593,0.00038075,0.00018861,0.00000000,0.00000000,0.00000000,0.09000000,0.00000000,0.7836971225,30.74669697,13.86018551,0.00000000,1.37078758,0.00000000,0.00000000,80718.16762792,-5.74481029,-0.34715150,0.08333333
4,1,4,67,80718.16762792,104933.60892998,0.00038033,0.00018861,0.00000000,0.00000000,0.00000000,0.09000000,0.00000000,0.7832513027,30.69563465,13.85229577,0.00000000,1.37000727,0.00000000,0.00000000,80672.24969023,-5.74481029,-0.34715150,0.08333333
5,1,5,67,80672.24969023,104873.91561609,0.00037991,0.00018861,0.00000000,0.00000000,0.00000000,0.09000000,0.00000000,0.7828060618,30.64466995,13.84441628,0.00000000,1.36922798,0.00000000,0.00000000,80626.39137601,-5.74481029,-0.34715150,0.08333333
6,1,6,67,80626.39137601,104814.29981271,0.00037950,0.00018861,0.00000000,0.00000000,0.00000000,0.09000000,0.00000000,0.7823613988,30.59380266,13.83654703,0.00000000,1.36844971,0.00000000,0.00000000,80580.59257661,-5.74481029,-0.34715150,0.08333333
7,1,7,67,80580.59257661,104754.76137859,0.00037908,0.00018861,0.00000000,0.00000000,0.00000000,0.09000000,0.00000000,0.7819173125,30.54303256,13.82868799,0.00000000,1.36767244,0.00000000,0.00000000,80534.85318362,-5.74481029,-0.34715150,0.08333333
8,1,8,67,80534.85318362,104695.30017280,0.00037867,0.00018861,0.00000000,0.00000000,0.00000000,0.09000000,0.00000000,0.7814738019,30.49235944,13.82083914,0.00000000,1.36689618,0.00000000,0.00000000,80489.17308887,-5.74481029,-0.34715150,0.08333333
9,1,9,67,80489.17308887,104635.91605471,0.00037826,0.00018861,0.00000000,0.00000000,0.00000000,0.09000000,0.00000000,0.7810308661,30.44178306,13.81300047,0.00000000,1.36612093,0.00000000,0.00000000,80443.55218442,-5.74481029,-0.34715150,0.08333333
10,1,10,67,80443.55218442,104576.60888399,0.00037784,0.00018861,0.00000000,0.00000000,0.00000000,0.09000000,0.00000000,0.7805885038,30.39130323,13.80517195,0.00000000,1.36534668,0.00000000,0.00000000,80397.99036256,-5.74481029,-0.34715150,0.08333333
11,1,11,67,80397.99036256,104517.37852066,0.00037743,0.00018861,0.00000000,0.00000000,0.00000000,0.09000000,0.00000000,0.7801467142,30.34091972,13.79735357,0.00000000,1.36457343,0.00000000,0.00000000,80352.48751584,-5.74481029,-0.34715150,0.08333333
12,1,12,67,80352.48751584,104458.22482499,0.00037702,0.00018861,0.00000000,0.00500000,0.00000000,0.09000000,0.00000000,0.7797054961,30.27837428,13.78396496,0.00000000,1.36324928,522.01412857,0.00000000,79785.04779874,-5.74481029,-0.34715150,0.08333333
13,2,1,68,79785.04779874,112429.85132356,0.00041604,0.00031736,0.00083718,0.00000000,0.03780000,0.09000000,0.05000000,0.7791337608,34.43198159,24.01989914,69.28613611,2.24570954,0.00000000,3015.87480679,82670.93887916,-5.22514605,-0.34715150,0.08333333
14,2,2,68,82670.93887916,112253.35508932,0.00041558,0.00027965,0.00083718,0.00000000,0.00000000,0.09000000,0.05000000,0.7785921737,34.34104116,21.13239482,69.17870675,1.97574604,0.00000000,0.00000000,82544.31099038,-5.22514605,-0.47346786,0.08333333
15,2,3,68,82544.31099038,112081.41552318,0.00041513,0.00029679,0.00083718,0.00000000,0.00000000,0.09000000,0.05000000,0.7780379768,34.25069088,22.39310337,69.07214952,2.09361437,0.00000000,0.00000000,82416.50143225,-5.22514605,-0.41407473,0.08333333
16,2,4,68,82416.50143225,111907.87144703,0.00041468,0.00029679,0.00083718,0.00000000,0.00000000,0.09000000,0.05000000,0.7774845270,34.16030945,22.35843483,68.96521344,2.09037308,0.00000000,0.00000000,82288.92710145,-5.22514605,-0.41407473,0.08333333
17,2,5,68,82288.92710145,111734.64677038,0.00041422,0.00029679,0.00083718,0.00000000,0.00000000,0.09000000,0.05000000,0.7769318229,34.07018206,22.32383009,68.85847416,2.08713775,0.00000000,0.00000000,82161.58747739,-5.22514605,-0.41407473,0.08333333
18,2,6,68,82161.58747739,111561.74078636,0.00041377,0.00029679,0.00083718,0.00000000,0.00000000,0.09000000,0.05000000,0.7763798632,33.98030796,22.28928901,68.75193122,2.08390838,0.00000000,0.00000000,82034.48204082,-5.22514605,-0.41407473,0.08333333
19,2,7,68,82034.48204082,111389.15278992,0.00041332,0.00029679,0.00083718,0.00000000,0.00000000,0.09000000,0.05000000,0.7758286465,33.89068636,22.25481144,68.64558421,2.08068494,0.00000000,0.00000000,81907.61027387,-5.22514605,-0.41407473,0.08333333
20,2,8,68,81907.61027387,111216.88207788,0.00041287,0.00029679,0.00083718,0.00000000,0.00000000,0.09000000,0.05000000,0.7752781712,33.80131651,22.22039725,68.53943267,2.07746743,0.00000000,0.00000000,81780.97166001,-5.22514605,-0.41407473,0.08333333
21,2,9,68,81780.97166001,111044.92794886,0.00041242,0.00029679,0.00083718,0.00000000,0.00000000,0.09000000,0.05000000,0.7747284361,33.71219764,22.18604629,68.43347619,2.07425583,0.00000000,0.00000000,81654.56568406,-5.22514605,-0.41407473,0.08333333
22,2,10,68,81654.56568406,110873.28970335,0.00041197,0.00029679,0.00083718,0.00000000,0.00000000,0.09000000,0.05000000,0.7741794396,33.62332900,22.15175843,68.32771433,2.07105013,0.00000000,0.00000000,81528.39183217,-5.22514605,-0.41407473,0.08333333
23,2,11,68,81528.39183217,110701.96664363,0.00041152,0.00029679,0.00083718,0.00000000,0.00000000,0.09000000,0.05000000,0.7736311805,33.53470982,22.11753352,68.22214666,2.06785032,0.00000000,0.00000000,81402.44959185,-5.22514605,-0.41407473,0.08333333
24,2,12,68,81402.44959185,110530.95807380,0.00041107,0.00029679,0.00083718,0.00500000,0.00000000,0.09000000,0.05000000,0.7730836573,33.41684922,22.06390020,68.05671319,2.06283594,551.91215787,0.00000000,80724.93713542,-5.22514605,-0.41407473,0.08333333
25,3,1,69,80724.93713542,118243.13924978,0.00045595,0.00050255,0.00125868,0.00000000,0.03780000,0.08000000,0.05000000,0.7723428389,38.17277950,38.87665626,105.37909245,3.19764705,0.00000000,3051.40262372,83590.71358388,-4.69960299,-0.41407473,0.08333333
26,3,2,69,83590.71358388,117981.14377763,0.00045545,0.00044391,0.00125868,0.00000000,0.00000000,0.08000000,0.05000000,0.7716483803,38.04769709,34.26564516,105.14867528,2.81838640,0.00000000,0.00000000,83410.43317995,-4.69960299,-0.53781419,0.08333333
27,3,3,69,83410.43317995,117726.69340457,0.00045495,0.00047226,0.00125868,0.00000000,0.00000000,0.08000000,0.05000000,0.7709330691,37.92362979,36.37431500,104.92043612,2.99182677,0.00000000,0.00000000,83228.22297226,-4.69960299,-0.47607736,0.08333333
28,3,4,69,83228.22297226,117469.51927853,0.00045445,0.00047226,0.00125868,0.00000000,0.00000000,0.08000000,0.05000000,0.7702188040,37.79945124,36.29486433,104.69126345,2.98529187,0.00000000,0.00000000,83046.45210137,-4.69960299,-0.47607736,0.08333333
29,3,5,69,83046.45210137,117212.96523881,0.00045396,0.00047226,0.00125868,0.00000000,0.00000000,0.08000000,0.05000000,0.7695055829,37.67569815,36.21560520,104.46264328,2.97877272,0.00000000,0.00000000,82865.11938201,-4.69960299,-0.47607736,0.08333333
30,3,6,69,82865.11938201,116957.02961250,0.00045346,0.00047226,0.00125868,0.00000000,0.00000000,0.08000000,0.05000000,0.7687934037,37.55236898,36.13653711,104.23457412,2.97226929,0.00000000,0.00000000,82684.22363251,-4.69960299,-0.47607736,0.08333333
31,3,7,69,82684.22363251,116701.71073179,0.00045297,0.00047226,0.00125868,0.00000000,0.00000000,0.08000000,0.05000000,0.7680822643,37.42946220,36.05765952,104.00705449,2.96578152,0.00000000,0.00000000,82503.76367477,-4.69960299,-0.47607736,0.08333333
32,3,8,69,82503.76367477,116447.00693387,0.00045247,0.00047226,0.00125868,0.00000000,0.00000000,0.08000000,0.05000000,0.7673721627,37.30697629,35.97897193,103.78008291,2.95930938,0.00000000,0.00000000,82323.73833426,-4.69960299,-0.47607736,0.08333333
33,3,9,69,82323.73833426,116192.91656101,0.00045198,0.00047226,0.00125868,0.00000000,0.00000000,0.08000000,0.05000000,0.7666630968,37.18490971,35.90047383,103.55365789,2.95285283,0.00000000,0.00000000,82144.14643999,-4.69960299,-0.47607736,0.08333333
34,3,10,69,82144.14643999,115939.43796045,0.00045148,0.00047226,0.00125868,0.00000000,0.00000000,0.08000000,0.05000000,0.7659550644,37.06326097,35.82216471,103.32777797,2.94641182,0.00000000,0.00000000,81964.98682452,-4.69960299,-0.47607736,0.08333333
35,3,11,69,81964.98682452,115686.56948445,0.00045099,0.00047226,0.00125868,0.00000000,0.00000000,0.08000000,0.05000000,0.7652480636,36.94202855,35.74404405,103.10244168,2.93998631,0.00000000,0.00000000,81786.25832393,-4.69960299,-0.47607736,0.08333333
36,3,12,69,81786.25832393,115434.30949023,0.00045050,0.00047226,0.00125868,0.00500000,0.00000000,0.08000000,0.05000000,0.7645420923,36.77758051,35.62384962,102.75574506,2.93010019,576.12455244,0.00000000,81032.04649611,-4.69960299,-0.47607736,0.08333333
37,4,1,70,81032.04649611,122861.50009598,0.00050062,0.00080494,0.00168214,0.00000000,0.03780000,0.07000000,0.05000000,0.7635442448,42.06286550,63.13521230,141.33684652,4.49758074,0.00000000,3063.01135755,83844.02534861,-4.16818112,-0.47607736,0.08333333
38,4,2,70,83844.02534861,122494.74572383,0.00050007,0.00071266,0.00168214,0.00000000,0.00000000,0.07000000,0.05000000,0.7626185467,41.89323846,55.73225603,140.92088188,3.97021428,0.00000000,0.00000000,83601.50875797,-4.16818112,-0.59734239,0.08333333
39,4,3,70,83601.50875797,122140.43296296,0.00049952,0.00075988,0.00168214,0.00000000,0.00000000,0.07000000,0.05000000,0.7616583898,41.72551793,59.25235478,140.51025760,4.22097653,0.00000000,0.00000000,83355.79965113,-4.16818112,-0.53343736,0.08333333
40,4,4,70,83355.79965113,121781.45598828,0.00049898,0.00075988,0.00168214,0.00000000,0.00000000,0.07000000,0.05000000,0.7606998572,41.55743151,59.07822655,140.09733220,4.20857211,0.00000000,0.00000000,83110.85808877,-4.16818112,-0.53343736,0.08333333
41,4,5,70,83110.85808877,121423.60038349,0.00049843,0.00075988,0.00168214,0.00000000,0.00000000,0.07000000,0.05000000,0.7597429454,41.39004493,58.90464220,139.68569654,4.19620643,0.00000000,0.00000000,82866.68149866,-4.16818112,-0.53343736,0.08333333
42,4,6,70,82866.68149866,121066.86239062,0.00049789,0.00075988,0.00168214,0.00000000,0.00000000,0.07000000,0.05000000,0.7587876509,41.22335518,58.73159991,139.27534632,4.18387937,0.00000000,0.00000000,82623.26731788,-4.16818112,-0.53343736,0.08333333
43,4,7,70,82623.26731788,120711.23826527,0.00049734,0.00075988,0.00168214,0.00000000,0.00000000,0.07000000,0.05000000,0.7578339701,41.05735923,58.55909786,138.86627722,4.17159080,0.00000000,0.00000000,82380.61299277,-4.16818112,-0.53343736,0.08333333
44,4,8,70,82380.61299277,120356.72427660,0.00049680,0.00075988,0.00168214,0.00000000,0.00000000,0.07000000,0.05000000,0.7568818996,40.89205410,58.38713424,138.45848495,4.15934058,0.00000000,0.00000000,82138.71597891,-4.16818112,-0.53343736,0.08333333
45,4,9,70,82138.71597891,120003.31670724,0.00049626,0.00075988,0.00168214,0.00000000,0.00000000,0.07000000,0.05000000,0.7559314357,40.72743678,58.21570725,138.05196523,4.14712858,0.00000000,0.00000000,81897.57374106,-4.16818112,-0.53343736,0.08333333
46,4,10,70,81897.57374106,119651.01185324,0.00049572,0.00075988,0.00168214,0.00000000,0.00000000,0.07000000,0.05000000,0.7549825750,40.56350432,58.04481509,137.64671382,4.13495469,0.00000000,0.00000000,81657.18375314,-4.16818112,-0.53343736,0.08333333
47,4,11,70,81657.18375314,119299.80602405,0.00049517,0.00075988,0.00168214,0.00000000,0.00000000,0.07000000,0.05000000,0.7540353141,40.40025375,57.87445598,137.24272645,4.12281877,0.00000000,0.00000000,81417.54349818,-4.16818112,-0.53343736,0.08333333
48,4,12,70,81417.54349818,118949.69554243,0.00049463,0.00075988,0.00168214,0.00500000,0.00000000,0.07000000,0.05000000,0.7530896493,40.17771155,57.61862468,136.63605144,4.10459404,593.35943187,0.00000000,80585.64708461,-4.16818112,-0.53343736,0.08333333
49,5,1,71,80585.64708461,126013.21904095,0.00054954,0.00090924,0.00168214,0.00000000,0.03780000,0.06000000,0.05000000,0.7519914302,45.91614701,71.63961942,140.54833309,4.33028452,0.00000000,3046.13745980,83369.35016036,-3.98955531,-0.53343736,0.08333333
50,5,2,71,83369.35016036,125617.79280796,0.00054894,0.00080687,0.00168214,0.00000000,0.00000000,0.06000000,0.05000000,0.7509722014,45.72403241,63.37728167,140.11343814,3.83086432,0.00000000,0.00000000,83116.30454382,-3.98955531,-0.65231863,0.08333333
51,5,3,71,83116.30454382,125236.51321578,0.00054834,0.00086210,0.00168214,0.00000000,0.00000000,0.06000000,0.05000000,0.7499133492,45.53434710,67.50846629,139.68487481,4.08057537,0.00000000,0.00000000,82859.49628025,-3.98955531,-0.58641118,0.08333333
52,5,4,71,82859.49628025,124849.56420895,0.00054774,0.00086210,0.00168214,0.00000000,0.00000000,0.06000000,0.05000000,0.7488564392,45.34405049,67.29990347,139.25332789,4.06796871,0.00000000,0.00000000,82603.53102968,-3.98955531,-0.58641118,0.08333333
53,5,5,71,82603.53102968,124463.88542232,0.00054715,0.00086210,0.00168214,0.00000000,0.00000000,0.06000000,0.05000000,0.7478014667,45.15457641,67.09202522,138.82319743,4.05540343,0.00000000,0.00000000,82348.40582718,-3.98955531,-0.58641118,0.08333333
54,5,6,71,82348.40582718,124079.47238844,0.00054655,0.00086210,0.00168214,0.00000000,0.00000000,0.06000000,0.05000000,0.7467484273,44.96592114,66.88482913,138.39447846,4.04287939,0.00000000,0.00000000,82094.11771907,-3.98955531,-0.58641118,0.08333333
55,5,7,71,82094.11771907,123696.32065681,0.00054595,0.00086210,0.00168214,0.00000000,0.00000000,0.06000000,0.05000000,0.7456973165,44.77808103,66.67831279,137.96716600,4.03039643,0.00000000,0.00000000,81840.66376282,-3.98955531,-0.58641118,0.08333333
56,5,8,71,81840.66376282,123314.42579377,0.00054535,0.00086210,0.00168214,0.00000000,0.00000000,0.06000000,0.05000000,0.7446481299,44.59105240,66.47247382,137.54125512,4.01795441,0.00000000,0.00000000,81588.04102707,-3.98955531,-0.58641118,0.08333333
57,5,9,71,81588.04102707,122933.78338241,0.00054476,0.00086210,0.00168214,0.00000000,0.00000000,0.06000000,0.05000000,0.7436008630,44.40483162,66.26730984,137.11674088,4.00555319,0.00000000,0.00000000,81336.24659154,-3.98955531,-0.58641118,0.08333333
58,5,10,71,81336.24659154,122554.38902259,0.00054416,0.00086210,0.00168214,0.00000000,0.00000000,0.06000000,0.05000000,0.7425555114,44.21941505,66.06281848,136.69361839,3.99319263,0.00000000,0.00000000,81085.27754698,-3.98955531,-0.58641118,0.08333333
59,5,11,71,81085.27754698,122176.23833076,0.00054357,0.00086210,0.00168214,0.00000000,0.00000000,0.06000000,0.05000000,0.7415120707,44.03479909,65.85899737,136.27188276,3.98087259,0.00000000,0.00000000,80835.13099517,-3.98955531,-0.58641118,0.08333333
60,5,12,71,80835.13099517,121799.32693999,0.00054297,0.00086210,0.00168214,0.00500000,0.00000000,0.06000000,0.05000000,0.7404705364,43.78350079,65.55481075,135.64247622,3.96248591,607.50192517,0.00000000,79978.68579633,-3.98955531,-0.58641118,0.08333333
61,6,1,72,79978.68579633,128566.21817629,0.00060336,0.00042781,0.00000000,0.00000000,0.03780000,0.05000000,0.05000000,0.7397071784,49.63121794,33.51955662,696.40034845,1.67157894,0.00000000,2996.87038993,82194.33348431,-4.68786306,-0.58641118,0.08333333
62,6,2,72,82194.33348431,128433.67805607,0.00060270,0.00038064,0.00000000,0.00000000,0.00000000,0.05000000,0.05000000,0.7389799695,49.10753374,29.54097779,695.61715684,1.47317212,0.00000000,0.00000000,81418.59464383,-4.68786306,-0.70298900,0.08333333
63,6,3,72,81418.59464383,128307.41444130,0.00060204,0.00040100,0.00000000,0.00000000,0.00000000,0.05000000,0.05000000,0.7382389221,48.58705652,30.82536715,694.79644334,1.53722303,0.00000000,0.00000000,80642.84855379,-4.68786306,-0.65098015,0.08333333
64,6,4,72,80642.84855379,128178.74804923,0.00060138,0.00039485,0.00000000,0.00000000,0.00000000,0.05000000,0.05000000,0.7375036443,48.06819434,30.06099794,693.86718606,1.49910488,0.00000000,0.00000000,79869.35307056,-4.68786306,-0.66641330,0.08333333
65,6,5,72,79869.35307056,128051.08344031,0.00060072,0.00038868,0.00000000,0.00000000,0.00000000,0.05000000,0.05000000,0.7367741256,47.55182460,29.30600511,692.82991112,1.46145432,0.00000000,0.00000000,79098.20387541,-4.68786306,-0.68210905,0.08333333
66,6,6,72,79098.20387541,127924.41875772,0.00060006,0.00038252,0.00000000,0.00000000,0.00000000,0.05000000,0.05000000,0.7360503541,47.03801682,28.56052948,691.65373906,1.42427837,0.00000000,0.00000000,78329.52731167,-4.68786306,-0.69807194,0.08333333
67,6,7,72,78329.52731167,127798.75195998,0.00059941,0.00037634,0.00000000,0.00000000,0.00000000,0.05000000,0.05000000,0.7353323169,46.52686782,27.82473511,690.29234875,1.38758522,0.00000000,0.00000000,77563.49577477,-4.68786306,-0.71430615,0.08333333
68,6,8,72,77563.49577477,127674.08079695,0.00059875,0.00037017,0.00000000,0.00000000,0.00000000,0.05000000,0.05000000,0.7346199997,46.01851818,27.09882561,688.67162364,1.35138500,0.00000000,0.00000000,76800.35542234,-4.68786306,-0.73081516,0.08333333
69,6,9,72,76800.35542234,127550.40277099,0.00059810,0.00036400,0.00000000,0.00000000,0.00000000,0.05000000,0.05000000,0.7339133862,45.51318519,26.38307024,686.66185571,1.31569117,0.00000000,0.00000000,76040.48162003,-4.68786306,-0.74760131,0.08333333
70,6,10,72,76040.48162003,127427.71508053,0.00059744,0.00035782,0.00000000,0.00000000,0.00000000,0.05000000,0.05000000,0.7332124582,45.01123984,25.67786071,684.00362242,1.28052324,0.00000000,0.00000000,75284.50837382,-4.68786306,-0.76466493,0.08333333
71,6,11,72,75284.50837382,127306.01453191,0.00059679,0.00035166,0.00000000,0.00000000,0.00000000,0.05000000,0.05000000,0.7325171940,44.51343794,24.98386701,680.04835459,1.24591463,0.00000000,0.00000000,74533.71679965,-4.68786306,-0.78200284,0.08333333
72,6,12,72,74533.71679965,127185.29738794,0.00059614,0.00034552,0.00000000,0.01500000,0.00000000,0.05000000,0.05000000,0.7318275672,43.99138431,24.28579229,672.20174023,1.21110250,1888.84226070,0.00000000,71903.18451962,-4.68786306,-0.79960455,0.08333333
73,7,1,73,71903.18451962,127065.55906855,0.00066279,0.00041073,0.00000000,0.00000000,0.03780000,0.04000000,0.05000000,0.7310421308,48.97254440,29.19498813,688.27177829,1.15323238,0.00000000,2691.92370162,73827.51567804,-4.49747963,-0.81744132,0.08333333
74,7,2,73,73827.51567804,126929.18552282,0.00066207,0.00038279,0.00000000,0.00000000,0.00000000,0.04000000,0.05000000,0.7302784838,48.41197493,26.92653540,687.46593461,1.06362614,0.00000000,0.00000000,73063.64760697,-4.49747963,-0.88775429,0.08333333
75,7,3,73,73063.64760697,126796.59522533,0.00066134,0.00040465,0.00000000,0.00000000,0.00000000,0.04000000,0.05000000,0.7295002031,47.85412694,28.16770320,686.60409768,1.11265356,0.00000000,0.00000000,72299.90902559,-4.49747963,-0.83231530,0.08333333
76,7,4,73,72299.90902559,126661.46411976,0.00066062,0.00039714,0.00000000,0.00000000,0.00000000,0.04000000,0.05000000,0.7287287565,47.29815562,27.35346707,685.62815080,1.08049038,0.00000000,0.00000000,71538.54876171,-4.49747963,-0.85101510,0.08333333
77,7,5,73,71538.54876171,126527.51960190,0.00065990,0.00038963,0.00000000,0.00000000,0.00000000,0.04000000,0.05000000,0.7279641215,46.74498533,26.55137255,684.53985159,1.04880682,0.00000000,0.00000000,70779.66374543,-4.49747963,-0.87006575,0.08333333
78,7,6,73,70779.66374543,126394.75775218,0.00065918,0.00038213,0.00000000,0.00000000,0.00000000,0.04000000,0.05000000,0.7272062738,46.19469382,25.76157303,683.30706299,1.01760891,0.00000000,0.00000000,70023.38280667,-4.49747963,-0.88947433,0.08333333
79,7,7,73,70023.38280667,126263.17437487,0.00065846,0.00037463,0.00000000,0.00000000,0.00000000,0.04000000,0.05000000,0.7264551875,45.64739005,24.98424517,681.88157640,0.98690366,0.00000000,0.00000000,69269.88269140,-4.49747963,-0.90924754,0.08333333
80,7,8,73,69269.88269140,126132.76496778,0.00065774,0.00036714,0.00000000,0.00000000,0.00000000,0.04000000,0.05000000,0.7257108346,45.10323301,24.21960627,680.18625411,0.95669962,0.00000000,0.00000000,68519.41689838,-4.49747963,-0.92939123,0.08333333
81,7,9,73,68519.41689838,126003.52467334,0.00065702,0.00035967,0.00000000,0.00000000,0.00000000,0.04000000,0.05000000,0.7249731848,44.56246941,23.46794156,678.08609932,0.92700809,0.00000000,0.00000000,67772.37338000,-4.49747963,-0.94990980,0.08333333
82,7,10,73,67772.37338000,125875.44820799,0.00065630,0.00035222,0.00000000,0.00000000,0.00000000,0.04000000,0.05000000,0.7242422045,44.02552162,22.72966327,675.31110924,0.89784533,0.00000000,0.00000000,67029.40924054,-4.49747963,-0.97080519,0.08333333
83,7,11,73,67029.40924054,125748.52975265,0.00065558,0.00034479,0.00000000,0.00000000,0.00000000,0.04000000,0.05000000,0.7235178560,43.49325201,22.00547232,671.18625944,0.86923903,0.00000000,0.00000000,66291.85501773,-4.49747963,-0.99207470,0.08333333
84,7,12,73,66291.85501773,125622.76276491,0.00065486,0.00033740,0.00000000,0.01500000,0.00000000,0.04000000,0.05000000,0.7228000953,42.93633542,21.28124241,663.01140524,0.84063120,1863.69314858,0.00000000,63700.09225489,-4.49747963,-1.01370620,0.08333333
85,8,1,74,63700.09225489,125498.13960871,0.00072952,0.00040179,0.00000000,0.00000000,0.03780000,0.03000000,0.05000000,0.7219825976,47.69985922,25.52258763,679.78158955,0.74873263,0.00000000,2382.16774315,65328.50722902,-4.30121738,-1.03566375,0.08333333
86,8,2,74,65328.50722902,125356.19933925,0.00072872,0.00036826,0.00000000,0.00000000,0.00000000,0.03000000,0.05000000,0.7211907911,47.09982560,23.12372800,678.94285159,0.67835949,0.00000000,0.00000000,64578.66246433,-4.30121738,-1.12261966,0.08333333
87,8,3,74,64578.66246433,125218.71976863,0.00072792,0.00039082,0.00000000,0.00000000,0.00000000,0.03000000,0.05000000,0.7203841673,46.50279459,24.25597117,678.04923438,0.71157507,0.00000000,0.00000000,63829.14288912,-4.30121738,-1.06327809,0.08333333
88,8,4,74,63829.14288912,125078.66751986,0.00072712,0.00038180,0.00000000,0.00000000,0.00000000,0.03000000,0.05000000,0.7195855176,45.90797135,23.41824540,677.03774592,0.68699948,0.00000000,0.00000000,63082.09192697,-4.30121738,-1.08659702,0.08333333
89,8,5,74,63082.09192697,124939.99977832,0.00072633,0.00037280,0.00000000,0.00000000,0.00000000,0.03000000,0.05000000,0.7187947980,45.31626840,22.59614817,675.91107052,0.66288237,0.00000000,0.00000000,62337.60555751,-4.30121738,-1.11040565,0.08333333
90,8,6,74,62337.60555751,124802.70892480,0.00072553,0.00036382,0.00000000,0.00000000,0.00000000,0.03000000,0.05000000,0.7180119622,44.72777103,21.78982903,674.63622688,0.63922813,0.00000000,0.00000000,61595.81250245,-4.30121738,-1.13471578,0.08333333
91,8,7,74,61595.81250245,124666.78692541,0.00072474,0.00035573,0.00000000,0.00000000,0.00000000,0.03000000,0.05000000,0.7172363568,44.14258304,21.04930645,673.16373855,0.61750410,0.00000000,0.00000000,60856.83937030,-4.30121738,-1.15717210,0.08333333
92,8,8,74,60856.83937030,124532.12033071,0.00072395,0.00035573,0.00000000,0.00000000,0.00000000,0.03000000,0.05000000,0.7164621579,43.56070308,20.79459145,671.41307282,0.61003176,0.00000000,0.00000000,60120.46097119,-4.30121738,-1.15717210,0.08333333
93,8,9,74,60120.46097119,124397.69792434,0.00072316,0.00035573,0.00000000,0.00000000,0.00000000,0.03000000,0.05000000,0.7156893620,42.98223327,20.54092276,669.22870872,0.60259012,0.00000000,0.00000000,59387.10651633,-4.30121738,-1.15717210,0.08333333
94,8,10,74,59387.10651633,124263.51912107,0.00072236,0.00035573,0.00000000,0.00000000,0.00000000,0.03000000,0.05000000,0.7149179657,42.40768323,20.28854857,666.32150131,0.59518645,0.00000000,0.00000000,58657.49359677,-4.30121738,-1.15717210,0.08333333
95,8,11,74,58657.49359677,124129.58333736,0.00072157,0.00035573,0.00000000,0.00000000,0.00000000,0.03000000,0.05000000,0.7141479657,41.83808125,20.03796657,661.96858834,0.58783535,0.00000000,0.00000000,57933.06112525,-4.30121738,-1.15717210,0.08333333
96,8,12,74,57933.06112525,123995.88999134,0.00072078,0.00035573,0.00000000,0.01500000,0.00000000,0.03000000,0.05000000,0.7133793587,41.24305503,19.77462112,653.27852085,0.58010983,1837.03567387,0.00000000,55381.14914455,-4.30121738,-1.15717210,0.08333333
97,9,1,75,55381.14914455,123862.43850281,0.00080644,0.00043561,0.00000000,0.00000000,0.03780000,0.02000000,0.05000000,0.7124935578,45.77513538,24.25647324,670.92154189,0.46979918,0.00000000,2068.04660338,56707.77279824,-4.09907633,-1.15717210,0.08333333
98,9,2,75,56707.77279824,123708.63889530,0.00080555,0.00043561,0.00000000,0.00000000,0.00000000,0.02000000,0.05000000,0.7116094854,45.12867545,23.94011784,670.01272603,0.46367201,0.00000000,0.00000000,55968.22760692,-4.09907633,-1.15717210,0.08333333
99,9,3,75,55968.22760692,123555.13942228,0.00080467,0.00043561,0.00000000,0.00000000,0.00000000,0.02000000,0.05000000,0.7107271373,44.48515821,23.62460257,669.01497945,0.45756111,0.00000000,0.00000000,55230.64530558,-4.09907633,-1.15717210,0.08333333
100,9,4,75,55230.64530558,123401.93932027,0.00080379,0.00043561,0.00000000,0.00000000,0.00000000,0.02000000,0.05000000,0.7098465090,43.84466054,23.30997225,667.90853427,0.45146735,0.00000000,0.00000000,54495.13067117,-4.09907633,-1.15717210,0.08333333
101,9,5,75,54495.13067117,123249.03782815,0.00080291,0.00043561,0.00000000,0.00000000,0.00000000,0.02000000,0.05000000,0.7089675962,43.20728069,22.99628324,666.66620965,0.44539183,0.00000000,0.00000000,53761.81550576,-4.09907633,-1.15717210,0.08333333
102,9,6,75,53761.81550576,123096.43418708,0.00080203,0.00043561,0.00000000,0.00000000,0.00000000,0.02000000,0.05000000,0.7080903944,42.57314748,22.68360845,665.24917584,0.43933594,0.00000000,0.00000000,53030.87023805,-4.09907633,-1.15717210,0.08333333
103,9,7,75,53030.87023805,122944.12764056,0.00080115,0.00043561,0.00000000,0.00000000,0.00000000,0.02000000,0.05000000,0.7072148994,41.94243562,22.37204557,663.59918825,0.43330160,0.00000000,0.00000000,52302.52326701,-4.09907633,-1.15717210,0.08333333
104,9,8,75,52302.52326701,122792.11743434,0.00080028,0.00043561,0.00000000,0.00000000,0.00000000,0.02000000,0.05000000,0.7063411069,41.31539338,22.06173198,661.62305557,0.42729145,0.00000000,0.00000000,51577.09579464,-4.09907633,-1.15717210,0.08333333
105,9,9,75,51577.09579464,122640.40281650,0.00079940,0.00043561,0.00000000,0.00000000,0.00000000,0.02000000,0.05000000,0.7054690124,40.69239793,21.75287459,659.15769303,0.42130950,0.00000000,0.00000000,50855.07151960,-4.09907633,-1.15717210,0.08333333
106,9,10,75,50855.07151960,122488.98303736,0.00079853,0.00043561,0.00000000,0.00000000,0.00000000,0.02000000,0.05000000,0.7045986118,40.07408469,21.44581937,655.87693115,0.41536245,0.00000000,0.00000000,50137.25932193,-4.09907633,-1.15717210,0.08333333
107,9,11,75,50137.25932193,122337.85734955,0.00079765,0.00043561,0.00000000,0.00000000,0.00000000,0.02000000,0.05000000,0.7037299007,39.46173574,21.14126026,650.96534630,0.40946376,0.00000000,0.00000000,49425.28151588,-4.09907633,-1.15717210,0.08333333
108,9,12,75,49425.28151588,122187.02500793,0.00079678,0.00043561,0.00000000,0.01500000,0.00000000,0.02000000,0.05000000,0.7028628748,38.82346980,20.82210778,641.16124409,0.40328241,1806.85611055,0.00000000,46917.21530125,-4.09907633,-1.15717210,0.08333333
109,10,1,76,46917.21530125,122036.48526963,0.00089563,0.00053664,0.00000000,0.00000000,0.03780000,0.01000000,0.05000000,0.7018565215,42.93289663,25.47985114,711.87949741,0.24438020,0.00000000,1746.56169339,47883.24036926,-3.89105647,-1.15717210,0.08333333
110,10,2,76,47883.24036926,121861.75444513,0.00089465,0.00053664,0.00000000,0.00000000,0.00000000,0.01000000,0.05000000,0.7008522973,42.18880118,25.06569736,710.76757398,0.24040800,0.00000000,0.00000000,47104.97788874,-3.89105647,-1.15717210,0.08333333
111,10,3,76,47104.97788874,121687.39327133,0.00089367,0.00053664,0.00000000,0.00000000,0.00000000,0.01000000,0.05000000,0.6998501963,41.44841288,24.65280957,709.54704576,0.23644795,0.00000000,0.00000000,46329.09317258,-3.89105647,-1.15717210,0.08333333
112,10,4,76,46329.09317258,121513.40074577,0.00089269,0.00053664,0.00000000,0.00000000,0.00000000,0.01000000,0.05000000,0.6988502127,40.71183617,24.24125566,708.19377056,0.23250069,0.00000000,0.00000000,45555.71380950,-3.89105647,-1.15717210,0.08333333
113,10,5,76,45555.71380950,121339.77586923,0.00089172,0.00053664,0.00000000,0.00000000,0.00000000,0.01000000,0.05000000,0.6978523409,39.97920445,23.83112106,706.67455289,0.22856704,0.00000000,0.00000000,44785.00036405,-3.89105647,-1.15717210,0.08333333
114,10,6,76,44785.00036405,121166.51764569,0.00089074,0.00053664,0.00000000,0.00000000,0.00000000,0.01000000,0.05000000,0.6968565750,39.25069254,23.42251630,704.94197066,0.22464806,0.00000000,0.00000000,44017.16053650,-3.89105647,-1.15717210,0.08333333
115,10,7,76,44017.16053650,120993.62508235,0.00088976,0.00053664,0.00000000,0.00000000,0.00000000,0.01000000,0.05000000,0.6958629095,38.52653748,23.01558953,702.92489075,0.22074518,0.00000000,0.00000000,43252.47277355,-3.89105647,-1.15717210,0.08333333
116,10,8,76,43252.47277355,120821.09718960,0.00088879,0.00053664,0.00000000,0.00000000,0.00000000,0.01000000,0.05000000,0.6948713386,37.80707605,22.61054919,700.50950025,0.21686039,0.00000000,0.00000000,42491.32878767,-3.89105647,-1.15717210,0.08333333
117,10,9,76,42491.32878767,120648.93298100,0.00088782,0.00053664,0.00000000,0.00000000,0.00000000,0.01000000,0.05000000,0.6938818566,37.09281978,22.20770925,697.49662660,0.21299671,0.00000000,0.00000000,41734.31863534,-3.89105647,-1.15717210,0.08333333
118,10,10,76,41734.31863534,120477.13147331,0.00088684,0.00053664,0.00000000,0.00000000,0.00000000,0.01000000,0.05000000,0.6928944579,36.38463036,21.80759491,693.48792476,0.20915916,0.00000000,0.00000000,40982.42932614,-3.89105647,-1.15717210,0.08333333
119,10,11,76,40982.42932614,120305.69168641,0.00088587,0.00053664,0.00000000,0.00000000,0.00000000,0.01000000,0.05000000,0.6919091370,35.68424636,21.41125981,687.48753221,0.20535787,0.00000000,0.00000000,40237.64092989,-3.89105647,-1.15717210,0.08333333
120,10,12,76,40237.64092989,120134.61264334,0.00088490,0.00053664,0.00000000,0.01500000,0.00000000,0.01000000,0.05000000,0.6909258881,34.96003600,20.99971734,675.51199920,0.20141072,1769.30823376,0.00000000,37736.65953288,-3.89105647,-1.15717210,0.08333333
121,11,1,77,37736.65953288,119963.89337029,0.00099859,0.01318464,0.00000000,0.00000000,0.03780000,0.00000000,0.05000000,0.6811354210,38.34716031,506.30582933,699.78937799,0.00000000,0.00000000,1399.99369185,37892.21085710,-2.26515555,-1.15717210,0.40000000
122,11,2,77,37892.21085710,118263.99679616,0.00099750,0.00990487,0.00000000,0.00000000,0.00000000,0.00000000,0.05000000,0.6737161623,37.07655891,368.15923725,688.97185434,0.00000000,0.00000000,0.00000000,36798.00320660,-2.26515555,-1.15717210,0.30000000
123,11,3,77,36798.00320660,116975.80775179,0.00099641,0.00661419,0.00000000,0.00000000,0.00000000,0.00000000,0.05000000,0.6685932180,35.95706852,238.68492744,679.95453103,0.00000000,0.00000000,0.00000000,35843.40667960,-2.26515555,-1.15717210,0.20000000
124,11,4,77,35843.40667960,116086.32256368,0.00099531,0.00036861,0.00000000,0.00000000,0.00000000,0.00000000,0.05000000,0.6676815544,34.99614200,12.96058878,673.03631290,0.00000000,0.00000000,0.00000000,35122.41363593,-2.26515555,-1.15717210,0.01111111
125,11,5,77,35122.41363593,115928.03248997,0.00099422,0.00036861,0.00000000,0.00000000,0.00000000,0.00000000,0.05000000,0.6667718619,34.24253646,12.69540795,671.65127475,0.00000000,0.00000000,0.00000000,34403.82441676,-2.26515555,-1.15717210,0.01111111
126,11,6,77,34403.82441676,115770.08464868,0.00099313,0.00036861,0.00000000,0.00000000,0.00000000,0.00000000,0.05000000,0.6658641351,33.49312039,12.43118457,670.07179634,0.00000000,0.00000000,0.00000000,33687.82831545,-2.26515555,-1.15717210,0.01111111
127,11,7,77,33687.82831545,115612.47808967,0.00099205,0.00036861,0.00000000,0.00000000,0.00000000,0.00000000,0.05000000,0.6649583683,32.74813469,12.16801227,668.23305315,0.00000000,0.00000000,0.00000000,32974.67911534,-2.26515555,-1.15717210,0.01111111
128,11,8,77,32974.67911534,115455.21186593,0.00099096,0.00036861,0.00000000,0.00000000,0.00000000,0.00000000,0.05000000,0.6640545563,32.00792160,11.90602281,666.03132602,0.00000000,0.00000000,0.00000000,32264.73384491,-2.26515555,-1.15717210,0.01111111
129,11,9,77,32264.73384491,115298.28503356,0.00098987,0.00036861,0.00000000,0.00000000,0.00000000,0.00000000,0.05000000,0.6631526935,31.27300101,11.64541462,663.28510645,0.00000000,0.00000000,0.00000000,31558.53032282,-2.26515555,-1.15717210,0.01111111
130,11,10,77,31558.53032282,115141.69665179,0.00098879,0.00036861,0.00000000,0.00000000,0.00000000,0.00000000,0.05000000,0.6622527747,30.54424863,11.38651969,659.63137755,0.00000000,0.00000000,0.00000000,30856.96817694,-2.26515555,-1.15717210,0.01111111
131,11,11,77,30856.96817694,114985.44578294,0.00098770,0.00036861,0.00000000,0.00000000,0.00000000,0.00000000,0.05000000,0.6613547943,29.82343124,11.13000397,654.16259714,0.00000000,0.00000000,0.00000000,30161.85214460,-2.26515555,-1.15717210,0.01111111
132,11,12,77,30161.85214460,114829.53149241,0.00098662,0.00036861,0.00000000,0.01500000,0.00000000,0.00000000,0.05000000,0.6604587471,29.08497626,10.86632218,643.24859680,0.00000000,1683.46773391,0.00000000,27795.18451545,-2.26515555,-1.15717210,0.01111111
133,12,1,78,27795.18451545,114673.95284869,0.00111821,0.00116611,0.00000000,0.00000000,0.01890000,0.00000000,0.05000000,0.6589509078,30.88856544,32.21163286,668.93139162,0.00000000,0.00000000,512.68618404,27575.83910957,-3.11841274,-1.15717210,0.08333333
134,12,2,78,27575.83910957,114412.15014039,0.00111699,0.00116611,0.00000000,0.00000000,0.00000000,0.00000000,0.05000000,0.6574473180,30.03936091,31.36044280,667.26537438,0.00000000,0.00000000,0.00000000,26847.17393147,-3.11841274,-1.15717210,0.08333333
135,12,3,78,26847.17393147,114151.08526082,0.00111576,0.00116611,0.00000000,0.00000000,0.00000000,0.00000000,0.05000000,0.6559479635,29.19591536,30.51336371,665.43792023,0.00000000,0.00000000,0.00000000,26122.02673218,-3.11841274,-1.15717210,0.08333333
136,12,4,78,26122.02673218,113890.75573177,0.00111454,0.00116611,0.00000000,0.00000000,0.00000000,0.00000000,0.05000000,0.6544528299,28.35842164,29.67061406,663.41313500,0.00000000,0.00000000,0.00000000,25400.58456147,-3.11841274,-1.15717210,0.08333333
137,12,5,78,25400.58456147,113631.15908461,0.00111332,0.00116611,0.00000000,0.00000000,0.00000000,0.00000000,0.05000000,0.6529619032,27.52712623,28.83246939,661.14166434,0.00000000,0.00000000,0.00000000,24683.08330151,-3.11841274,-1.15717210,0.08333333
138,12,6,78,24683.08330151,113372.29286024,0.00111210,0.00116611,0.00000000,0.00000000,0.00000000,0.00000000,0.05000000,0.6514751692,26.70235224,27.99928676,658.55300209,0.00000000,0.00000000,0.00000000,23969.82866042,-3.11841274,-1.15717210,0.08333333
139,12,7,78,23969.82866042,113114.15460909,0.00111088,0.00116611,0.00000000,0.00000000,0.00000000,0.00000000,0.05000000,0.6499926138,25.88453798,27.17154573,655.54138916,0.00000000,0.00000000,0.00000000,23261.23118755,-3.11841274,-1.15717210,0.08333333
140,12,8,78,23261.23118755,112856.74189103,0.00110966,0.00116611,0.00000000,0.00000000,0.00000000,0.00000000,0.05000000,0.6485142232,25.07430647,26.34992199,651.93761111,0.00000000,0.00000000,0.00000000,22557.86934797,-3.11841274,-1.15717210,0.08333333
141,12,9,78,22557.86934797,112600.05227537,0.00110844,0.00116611,0.00000000,0.00000000,0.00000000,0.00000000,0.05000000,0.6470399832,24.27260455,25.53543483,647.44554284,0.00000000,0.00000000,0.00000000,21860.61576576,-3.11841274,-1.15717210,0.08333333
142,12,10,78,21860.61576576,112344.08334079,0.00110723,0.00116611,0.00000000,0.00000000,0.00000000,0.00000000,0.05000000,0.6455698801,23.48102805,24.72979149,641.47293436,0.00000000,0.00000000,0.00000000,21170.93201185,-3.11841274,-1.15717210,0.08333333
143,12,11,78,21170.93201185,112088.83267531,0.00110601,0.00116611,0.00000000,0.00000000,0.00000000,0.00000000,0.05000000,0.6441039000,22.70279878,23.93642096,632.53916107,0.00000000,0.00000000,0.00000000,20491.75363104,-3.11841274,-1.15717210,0.08333333
144,12,12,78,20491.75363104,111834.29787624,0.00110480,0.00116611,0.00000000,0.01500000,0.00000000,0.00000000,0.05000000,0.6426420291,21.91128262,23.12725443,614.72172514,0.00000000,1623.57322252,0.00000000,18208.42014633,-3.11841274,-1.15717210,0.08333333
145,13,1,79,18208.42014633,111580.47655018,0.00125893,0.00119369,0.00000000,0.00000000,0.01890000,0.00000000,0.05000000,0.6410668383,22.50763475,21.34130697,650.88611321,0.00000000,0.00000000,331.83739323,17845.52248462,-3.09518662,-1.15717210,0.08333333
146,13,2,79,17845.52248462,111306.97975161,0.00125755,0.00119369,0.00000000,0.00000000,0.00000000,0.00000000,0.05000000,0.6394963931,21.61200239,20.51459874,649.14567904,0.00000000,0.00000000,0.00000000,17154.25020446,-3.09518662,-1.15717210,0.08333333
147,13,3,79,17154.25020446,111034.30692104,0.00125617,0.00119369,0.00000000,0.00000000,0.00000000,0.00000000,0.05000000,0.6379306766,20.72286672,19.69222166,647.23696922,0.00000000,0.00000000,0.00000000,16466.59814685,-3.09518662,-1.15717210,0.08333333
148,13,4,79,16466.59814685,110762.45511699,0.00125479,0.00119369,0.00000000,0.00000000,0.00000000,0.00000000,0.05000000,0.6363696719,19.84045389,18.87440822,645.12256630,0.00000000,0.00000000,0.00000000,15782.76071844,-3.09518662,-1.15717210,0.08333333
149,13,5,79,15782.76071844,110491.42140999,0.00125341,0.00119369,0.00000000,0.00000000,0.00000000,0.00000000,0.05000000,0.6348133621,18.96505292,18.06145170,642.75102137,0.00000000,0.00000000,0.00000000,15102.98319246,-3.09518662,-1.15717210,0.08333333
150,13,6,79,15102.98319246,110221.20288260,0.00125204,0.00119369,0.00000000,0.00000000,0.00000000,0.00000000,0.05000000,0.6332617306,18.09704272,17.25373241,640.04883609,0.00000000,0.00000000,0.00000000,14427.58358124,-3.09518662,-1.15717210,0.08333333
151,13,7,79,14427.58358124,109951.79662928,0.00125066,0.00119369,0.00000000,0.00000000,0.00000000,0.00000000,0.05000000,0.6317147607,17.23693737,16.45176123,636.90576314,0.00000000,0.00000000,0.00000000,13756.98911950,-3.09518662,-1.15717210,0.08333333
152,13,8,79,13756.98911950,109683.19975637,0.00124929,0.00119369,0.00000000,0.00000000,0.00000000,0.00000000,0.05000000,0.6301724358,16.38546759,15.65625829,633.14540692,0.00000000,0.00000000,0.00000000,13091.80198671,-3.09518662,-1.15717210,0.08333333
153,13,9,79,13091.80198671,109415.40938205,0.00124792,0.00119369,0.00000000,0.00000000,0.00000000,0.00000000,0.05000000,0.6286347394,15.54374402,14.86831023,628.45907537,0.00000000,0.00000000,0.00000000,12432.93085709,-3.09518662,-1.15717210,0.08333333
154,13,10,79,12432.93085709,109148.42263625,0.00124655,0.00119369,0.00000000,0.00000000,0.00000000,0.00000000,0.05000000,0.6271016549,14.71363875,14.08973759,622.22938463,0.00000000,0.00000000,0.00000000,11781.89809612,-3.09518662,-1.15717210,0.08333333
155,13,11,79,11781.89809612,108882.23666061,0.00124518,0.00119369,0.00000000,0.00000000,0.00000000,0.00000000,0.05000000,0.6255731660,13.89893174,13.32419779,612.91287548,0.00000000,0.00000000,0.00000000,11141.76209111,-3.09518662,-1.15717210,0.08333333
156,13,12,79,11141.76209111,108616.84860845,0.00124381,0.00119369,0.00000000,0.01500000,0.00000000,0.00000000,0.05000000,0.6240492564,13.08747719,12.56008030,594.33571183,0.00000000,1538.63241597,0.00000000,8983.14640581,-3.09518662,-1.15717210,0.08333333
157,14,1,80,8983.14640581,108352.25564470,0.00142701,0.00119369,0.00000000,0.00000000,0.01890000,0.00000000,0.05000000,0.6224148716,12.13444560,10.15043250,632.05482459,0.00000000,0.00000000,157.83563089,8486.64233400,-3.09518662,-1.15717210,0.08333333
158,14,2,80,8486.64233400,108068.48111603,0.00142544,0.00119369,0.00000000,0.00000000,0.00000000,0.00000000,0.05000000,0.6207857417,11.19157431,9.37201769,630.24898668,0.00000000,0.00000000,0.00000000,7835.82975532,-3.09518662,-1.15717210,0.08333333
159,14,3,80,7835.82975532,107785.61898642,0.00142388,0.00119369,0.00000000,0.00000000,0.00000000,0.00000000,0.05000000,0.6191618467,10.25602605,8.59801773,628.26895178,0.00000000,0.00000000,0.00000000,7188.70675976,-3.09518662,-1.15717210,0.08333333
160,14,4,80,7188.70675976,107503.66579377,0.00142231,0.00119369,0.00000000,0.00000000,0.00000000,0.00000000,0.05000000,0.6175431669,9.32806605,7.82867266,626.07598250,0.00000000,0.00000000,0.00000000,6545.47403855,-3.09518662,-1.15717210,0.08333333
161,14,5,80,6545.47403855,107222.61809100,0.00142075,0.00119369,0.00000000,0.00000000,0.00000000,0.00000000,0.05000000,0.6159296824,8.40803323,7.06428540,623.61681510,0.00000000,0.00000000,0.00000000,5906.38490482,-3.09518662,-1.15717210,0.08333333
162,14,6,80,5906.38490482,106942.47244595,0.00141919,0.00119369,0.00000000,0.00000000,0.00000000,0.00000000,0.05000000,0.6143213736,7.49637197,6.30524894,620.81535865,0.00000000,0.00000000,0.00000000,5271.76792526,-3.09518662,-1.15717210,0.08333333
163,14,7,80,5271.76792526,106663.22544133,0.00141763,0.00119369,0.00000000,0.00000000,0.00000000,0.00000000,0.05000000,0.6127182209,6.59368517,5.55209137,617.55747693,0.00000000,0.00000000,0.00000000,4642.06467180,-3.09518662,-1.15717210,0.08333333
164,14,8,80,4642.06467180,106384.87367468,0.00141608,0.00119369,0.00000000,0.00000000,0.00000000,0.00000000,0.05000000,0.6111202048,5.70082985,4.80555730,613.66055220,0.00000000,0.00000000,0.00000000,4017.89773244,-3.09518662,-1.15717210,0.08333333
165,14,9,80,4017.89773244,106107.41375821,0.00141452,0.00119369,0.00000000,0.00000000,0.00000000,0.00000000,0.05000000,0.6095273058,4.81910872,4.06677069,608.80500366,0.00000000,0.00000000,0.00000000,3400.20684937,-3.09518662,-1.15717210,0.08333333
166,14,10,80,3400.20684937,105830.84231882,0.00141297,0.00119369,0.00000000,0.00000000,0.00000000,0.00000000,0.05000000,0.6079395045,3.95071778,3.33761503,602.35167007,0.00000000,0.00000000,0.00000000,2790.56684649,-3.09518662,-1.15717210,0.08333333
167,14,11,80,2790.56684649,105555.15599798,0.00141141,0.00119369,0.00000000,0.00000000,0.00000000,0.00000000,0.05000000,0.6063567819,3.10009141,2.62187515,592.70264884,0.00000000,0.00000000,0.00000000,2192.14223107,-3.09518662,-1.15717210,0.08333333
168,14,12,80,2192.14223107,105280.35145167,0.00140986,0.00119369,0.00000000,0.01500000,0.00000000,0.00000000,0.05000000,0.6047791185,2.27619180,1.92718599,573.46633060,0.00000000,1163.05799679,0.00000000,451.41452589,-3.09518662,-1.15717210,0.08333333
169,15,1,81,451.41452589,105006.42535031,0.00168127,0.00119369,0.00000000,0.00000000,0.01890000,0.00000000,0.05154639,0.6030416136,0.00000000,0.00000000,700.04283567,0.00000000,0.00000000,0.00000000,0.00000000,-3.09518662,-1.15717210,0.08333333
170,15,2,81,0.00000000,104704.74630598,0.00167957,0.00000000,0.00000000,0.00000000,0.00000000,0.00000000,0.05154639,0.6020287648,0.00000000,0.00000000,697.84880626,0.00000000,0.00000000,0.00000000,0.00000000,-3.09518662,-1.15717210,0.08333333
171,15,3,81,0.00000000,104528.88766824,0.00167786,0.00000000,0.00000000,0.00000000,0.00000000,0.00000000,0.05154639,0.6010186433,0.00000000,0.00000000,696.44193715,0.00000000,0.00000000,0.00000000,0.00000000,-3.09518662,0.00000000,0.08333333
172,15,4,81,0.00000000,104353.50257424,0.00167616,0.00000000,0.00000000,0.00000000,0.00000000,0.00000000,0.05154639,0.6000112401,0.00000000,0.00000000,694.88295854,0.00000000,0.00000000,0.00000000,0.00000000,-3.09518662,0.00000000,0.08333333
173,15,5,81,0.00000000,104178.58944853,0.00167446,0.00000000,0.00000000,0.00000000,0.00000000,0.00000000,0.05154639,0.5990065462,0.00000000,0.00000000,693.13382728,0.00000000,0.00000000,0.00000000,0.00000000,-3.09518662,0.00000000,0.08333333
174,15,6,81,0.00000000,104004.14672180,0.00167276,0.00000000,0.00000000,0.00000000,0.00000000,0.00000000,0.05154639,0.5980045525,0.00000000,0.00000000,691.14019612,0.00000000,0.00000000,0.00000000,0.00000000,-3.09518662,0.00000000,0.08333333
175,15,7,81,0.00000000,103830.17283090,0.00167106,0.00000000,0.00000000,0.00000000,0.00000000,0.00000000,0.05154639,0.5970052501,0.00000000,0.00000000,688.82054424,0.00000000,0.00000000,0.00000000,0.00000000,-3.09518662,0.00000000,0.08333333
176,15,8,81,0.00000000,103656.66621877,0.00166937,0.00000000,0.00000000,0.00000000,0.00000000,0.00000000,0.05154639,0.5960086300,0.00000000,0.00000000,686.04443845,0.00000000,0.00000000,0.00000000,0.00000000,-3.09518662,0.00000000,0.08333333
177,15,9,81,0.00000000,103483.62533446,0.00166767,0.00000000,0.00000000,0.00000000,0.00000000,0.00000000,0.05154639,0.5950146833,0.00000000,0.00000000,682.58362076,0.00000000,0.00000000,0.00000000,0.00000000,-3.09518662,0.00000000,0.08333333
178,15,10,81,0.00000000,103311.04863305,0.00166598,0.00000000,0.00000000,0.00000000,0.00000000,0.00000000,0.05154639,0.5940234012,0.00000000,0.00000000,677.98157539,0.00000000,0.00000000,0.00000000,0.00000000,-3.09518662,0.00000000,0.08333333
179,15,11,81,0.00000000,103138.93457567,0.00166429,0.00000000,0.00000000,0.00000000,0.00000000,0.00000000,0.05154639,0.5930347749,0.00000000,0.00000000,671.09701310,0.00000000,0.00000000,0.00000000,0.00000000,-3.09518662,0.00000000,0.08333333
180,15,12,81,0.00000000,102967.28162944,0.00166260,0.00000000,0.00000000,0.01500000,0.00000000,0.00000000,0.05154639,0.5920487955,0.00000000,0.00000000,657.36477740,0.00000000,0.00000000,0.00000000,0.00000000,-3.09518662,0.00000000,0.08333333
181,16,1,82,0.00000000,102796.08826745,0.00193634,0.00000000,0.00000000,0.00000000,0.01890000,0.00000000,0.05405405,0.5909023879,0.00000000,0.00000000,685.30725512,0.00000000,0.00000000,0.00000000,0.00000000,-3.09518662,0.00000000,0.08333333
182,16,2,82,0.00000000,102597.04012037,0.00193437,0.00000000,0.00000000,0.00000000,0.00000000,0.00000000,0.05405405,0.5897593631,0.00000000,0.00000000,683.85963223,0.00000000,0.00000000,0.00000000,0.00000000,-3.09518662,0.00000000,0.08333333
183,16,3,82,0.00000000,102398.57930518,0.00193241,0.00000000,0.00000000,0.00000000,0.00000000,0.00000000,0.05405405,0.5886197086,0.00000000,0.00000000,682.27194571,0.00000000,0.00000000,0.00000000,0.00000000,-3.09518662,0.00000000,0.08333333
184,16,4,82,0.00000000,102200.70369647,0.00193044,0.00000000,0.00000000,0.00000000,0.00000000,0.00000000,0.05405405,0.5874834125,0.00000000,0.00000000,680.51305141,0.00000000,0.00000000,0.00000000,0.00000000,-3.09518662,0.00000000,0.08333333
185,16,5,82,0.00000000,102003.41117785,0.00192848,0.00000000,0.00000000,0.00000000,0.00000000,0.00000000,0.05405405,0.5863504625,0.00000000,0.00000000,678.54012622,0.00000000,0.00000000,0.00000000,0.00000000,-3.09518662,0.00000000,0.08333333
186,16,6,82,0.00000000,101806.69964185,0.00192652,0.00000000,0.00000000,0.00000000,0.00000000,0.00000000,0.05405405,0.5852208466,0.00000000,0.00000000,676.29199438,0.00000000,0.00000000,0.00000000,0.00000000,-3.09518662,0.00000000,0.08333333
187,16,7,82,0.00000000,101610.56698989,0.00192456,0.00000000,0.00000000,0.00000000,0.00000000,0.00000000,0.05405405,0.5840945526,0.00000000,0.00000000,673.67689235,0.00000000,0.00000000,0.00000000,0.00000000,-3.09518662,0.00000000,0.08333333
188,16,8,82,0.00000000,101415.01113227,0.00192261,0.00000000,0.00000000,0.00000000,0.00000000,0.00000000,0.05405405,0.5829715687,0.00000000,0.00000000,670.54799863,0.00000000,0.00000000,0.00000000,0.00000000,-3.09518662,0.00000000,0.08333333
189,16,9,82,0.00000000,101220.02998810,0.00192065,0.00000000,0.00000000,0.00000000,0.00000000,0.00000000,0.05405405,0.5818518829,0.00000000,0.00000000,666.64837575,0.00000000,0.00000000,0.00000000,0.00000000,-3.09518662,0.00000000,0.08333333
190,16,10,82,0.00000000,101025.62148527,0.00191870,0.00000000,0.00000000,0.00000000,0.00000000,0.00000000,0.05405405,0.5807354834,0.00000000,0.00000000,661.46414901,0.00000000,0.00000000,0.00000000,0.00000000,-3.09518662,0.00000000,0.08333333
191,16,11,82,0.00000000,100831.78356039,0.00191675,0.00000000,0.00000000,0.00000000,0.00000000,0.00000000,0.05405405,0.5796223582,0.00000000,0.00000000,653.71063201,0.00000000,0.00000000,0.00000000,0.00000000,-3.09518662,0.00000000,0.08333333
192,16,12,82,0.00000000,100638.51415877,0.00191480,0.00000000,0.00000000,0.01500000,0.00000000,0.00000000,0.05405405,0.5785124956,0.00000000,0.00000000,638.24907988,0.00000000,0.00000000,0.00000000,0.00000000,-3.09518662,0.00000000,0.08333333
193,17,1,83,0.00000000,100445.81123436,0.00230067,0.00000000,0.00000000,0.00000000,0.01890000,0.00000000,0.05649718,0.5771815305,0.00000000,0.00000000,669.63874156,0.00000000,0.00000000,0.00000000,0.00000000,-3.09518662,0.00000000,0.08333333
194,17,2,83,0.00000000,100214.71879274,0.00229852,0.00000000,0.00000000,0.00000000,0.00000000,0.00000000,0.05649718,0.5758548666,0.00000000,0.00000000,667.95806926,0.00000000,0.00000000,0.00000000,0.00000000,-3.09518662,0.00000000,0.08333333
195,17,3,83,0.00000000,99984.37315089,0.00229638,0.00000000,0.00000000,0.00000000,0.00000000,0.00000000,0.05649718,0.5745324871,0.00000000,0.00000000,666.11530412,0.00000000,0.00000000,0.00000000,0.00000000,-3.09518662,0.00000000,0.08333333
196,17,4,83,0.00000000,99754.77139887,0.00229423,0.00000000,0.00000000,0.00000000,0.00000000,0.00000000,0.05649718,0.5732143753,0.00000000,0.00000000,664.07439966,0.00000000,0.00000000,0.00000000,0.00000000,-3.09518662,0.00000000,0.08333333
197,17,5,83,0.00000000,99525.91063984,0.00229209,0.00000000,0.00000000,0.00000000,0.00000000,0.00000000,0.05649718,0.5719005146,0.00000000,0.00000000,661.78579207,0.00000000,0.00000000,0.00000000,0.00000000,-3.09518662,0.00000000,0.08333333
198,17,6,83,0.00000000,99297.78798993,0.00228995,0.00000000,0.00000000,0.00000000,0.00000000,0.00000000,0.05649718,0.5705908885,0.00000000,0.00000000,659.17867607,0.00000000,0.00000000,0.00000000,0.00000000,-3.09518662,0.00000000,0.08333333
199,17,7,83,0.00000000,99070.40057826,0.00228782,0.00000000,0.00000000,0.00000000,0.00000000,0.00000000,0.05649718,0.5692854804,0.00000000,0.00000000,656.14684392,0.00000000,0.00000000,0.00000000,0.00000000,-3.09518662,0.00000000,0.08333333
200,17,8,83,0.00000000,98843.74554681,0.00228568,0.00000000,0.00000000,0.00000000,0.00000000,0.00000000,0.05649718,0.5679842741,0.00000000,0.00000000,652.52036341,0.00000000,0.00000000,0.00000000,0.00000000,-3.09518662,0.00000000,0.08333333
201,17,9,83,0.00000000,98617.82005037,0.00228355,0.00000000,0.00000000,0.00000000,0.00000000,0.00000000,0.05649718,0.5666872532,0.00000000,0.00000000,648.00185349,0.00000000,0.00000000,0.00000000,0.00000000,-3.09518662,0.00000000,0.08333333
202,17,10,83,0.00000000,98392.62125651,0.00228142,0.00000000,0.00000000,0.00000000,0.00000000,0.00000000,0.05649718,0.5653944015,0.00000000,0.00000000,641.99655232,0.00000000,0.00000000,0.00000000,0.00000000,-3.09518662,0.00000000,0.08333333
203,17,11,83,0.00000000,98168.14634547,0.00227929,0.00000000,0.00000000,0.00000000,0.00000000,0.00000000,0.05649718,0.5641057028,0.00000000,0.00000000,633.01755587,0.00000000,0.00000000,0.00000000,0.00000000,-3.09518662,0.00000000,0.08333333
204,17,12,83,0.00000000,97944.39251011,0.00227717,0.00000000,0.00000000,0.01500000,0.00000000,0.00000000,0.05649718,0.5628211409,0.00000000,0.00000000,615.11724905,0.00000000,0.00000000,0.00000000,0.00000000,-3.09518662,0.00000000,0.08333333
205,18,1,84,0.00000000,97721.35695586,0.00273737,0.00000000,0.00000000,0.00000000,0.01890000,0.00000000,0.05952381,0.5612804919,0.00000000,0.00000000,651.47571304,0.00000000,0.00000000,0.00000000,0.00000000,-3.09518662,0.00000000,0.08333333
206,18,2,84,0.00000000,97453.85755788,0.00273504,0.00000000,0.00000000,0.00000000,0.00000000,0.00000000,0.05952381,0.5597453660,0.00000000,0.00000000,649.53026287,0.00000000,0.00000000,0.00000000,0.00000000,-3.09518662,0.00000000,0.08333333
207,18,3,84,0.00000000,97187.31713557,0.00273272,0.00000000,0.00000000,0.00000000,0.00000000,0.00000000,0.05952381,0.5582157399,0.00000000,0.00000000,647.39793949,0.00000000,0.00000000,0.00000000,0.00000000,-3.09518662,0.00000000,0.08333333
208,18,4,84,0.00000000,96921.73162854,0.00273040,0.00000000,0.00000000,0.00000000,0.00000000,0.00000000,0.05952381,0.5566915903,0.00000000,0.00000000,645.03717943,0.00000000,0.00000000,0.00000000,0.00000000,-3.09518662,0.00000000,0.08333333
209,18,5,84,0.00000000,96657.09699593,0.00272807,0.00000000,0.00000000,0.00000000,0.00000000,0.00000000,0.05952381,0.5551728941,0.00000000,0.00000000,642.39083310,0.00000000,0.00000000,0.00000000,0.00000000,-3.09518662,0.00000000,0.08333333
210,18,6,84,0.00000000,96393.40921634,0.00272576,0.00000000,0.00000000,0.00000000,0.00000000,0.00000000,0.05952381,0.5536596281,0.00000000,0.00000000,639.37725848,0.00000000,0.00000000,0.00000000,0.00000000,-3.09518662,0.00000000,0.08333333
211,18,7,84,0.00000000,96130.66428773,0.00272344,0.00000000,0.00000000,0.00000000,0.00000000,0.00000000,0.05952381,0.5521517696,0.00000000,0.00000000,635.87399277,0.00000000,0.00000000,0.00000000,0.00000000,-3.09518662,0.00000000,0.08333333
212,18,8,84,0.00000000,95868.85822727,0.00272113,0.00000000,0.00000000,0.00000000,0.00000000,0.00000000,0.05952381,0.5506492955,0.00000000,0.00000000,631.68509580,0.00000000,0.00000000,0.00000000,0.00000000,-3.09518662,0.00000000,0.08333333
213,18,9,84,0.00000000,95607.98707129,0.00271881,0.00000000,0.00000000,0.00000000,0.00000000,0.00000000,0.05952381,0.5491521833,0.00000000,0.00000000,626.46767268,0.00000000,0.00000000,0.00000000,0.00000000,-3.09518662,0.00000000,0.08333333
214,18,10,84,0.00000000,95348.04687514,0.00271650,0.00000000,0.00000000,0.00000000,0.00000000,0.00000000,0.05952381,0.5476604103,0.00000000,0.00000000,619.53593412,0.00000000,0.00000000,0.00000000,0.00000000,-3.09518662,0.00000000,0.08333333
215,18,11,84,0.00000000,95089.03371311,0.00271419,0.00000000,0.00000000,0.00000000,0.00000000,0.00000000,0.05952381,0.5461739540,0.00000000,0.00000000,609.17540763,0.00000000,0.00000000,0.00000000,0.00000000,-3.09518662,0.00000000,0.08333333
216,18,12,84,0.00000000,94830.94367832,0.00271189,0.00000000,0.00000000,0.01500000,0.00000000,0.00000000,0.05952381,0.5446927920,0.00000000,0.00000000,588.52820485,0.00000000,0.00000000,0.00000000,0.00000000,-3.09518662,0.00000000,0.08333333
217,19,1,85,0.00000000,94573.77288264,0.00315228,0.00000000,0.00000000,0.00000000,0.01890000,0.00000000,0.06250000,0.5429757685,0.00000000,0.00000000,630.49181922,0.00000000,0.00000000,0.00000000,0.00000000,-3.09518662,0.00000000,0.08333333
218,19,2,85,0.00000000,94275.64998649,0.00314959,0.00000000,0.00000000,0.00000000,0.00000000,0.00000000,0.06250000,0.5412656156,0.00000000,0.00000000,628.32365270,0.00000000,0.00000000,0.00000000,0.00000000,-3.09518662,0.00000000,0.08333333
219,19,3,85,0.00000000,93978.72002113,0.00314691,0.00000000,0.00000000,0.00000000,0.00000000,0.00000000,0.06250000,0.5395623012,0.00000000,0.00000000,625.94821298,0.00000000,0.00000000,0.00000000,0.00000000,-3.09518662,0.00000000,0.08333333
220,19,4,85,0.00000000,93682.97741262,0.00314423,0.00000000,0.00000000,0.00000000,0.00000000,0.00000000,0.06250000,0.5378657934,0.00000000,0.00000000,623.31938979,0.00000000,0.00000000,0.00000000,0.00000000,-3.09518662,0.00000000,0.08333333
221,19,5,85,0.00000000,93388.41661645,0.00314155,0.00000000,0.00000000,0.00000000,0.00000000,0.00000000,0.06250000,0.5361760604,0.00000000,0.00000000,620.37378183,0.00000000,0.00000000,0.00000000,0.00000000,-3.09518662,0.00000000,0.08333333
222,19,6,85,0.00000000,93095.03211730,0.00313888,0.00000000,0.00000000,0.00000000,0.00000000,0.00000000,0.06250000,0.5344930707,0.00000000,0.00000000,617.02081612,0.00000000,0.00000000,0.00000000,0.00000000,-3.09518662,0.00000000,0.08333333
223,19,7,85,0.00000000,92802.81842894,0.00313620,0.00000000,0.00000000,0.00000000,0.00000000,0.00000000,0.06250000,0.5328167927,0.00000000,0.00000000,613.12463361,0.00000000,0.00000000,0.00000000,0.00000000,-3.09518662,0.00000000,0.08333333
224,19,8,85,0.00000000,92511.77009399,0.00313353,0.00000000,0.00000000,0.00000000,0.00000000,0.00000000,0.06250000,0.5311471953,0.00000000,0.00000000,608.46786025,0.00000000,0.00000000,0.00000000,0.00000000,-3.09518662,0.00000000,0.08333333
225,19,9,85,0.00000000,92221.88168381,0.00313086,0.00000000,0.00000000,0.00000000,0.00000000,0.00000000,0.06250000,0.5294842473,0.00000000,0.00000000,602.67009205,0.00000000,0.00000000,0.00000000,0.00000000,-3.09518662,0.00000000,0.08333333
226,19,10,85,0.00000000,91933.14779832,0.00312819,0.00000000,0.00000000,0.00000000,0.00000000,0.00000000,0.06250000,0.5278279178,0.00000000,0.00000000,594.97052177,0.00000000,0.00000000,0.00000000,0.00000000,-3.09518662,0.00000000,0.08333333
227,19,11,85,0.00000000,91645.56306580,0.00312553,0.00000000,0.00000000,0.00000000,0.00000000,0.00000000,0.06250000,0.5261781760,0.00000000,0.00000000,583.46713247,0.00000000,0.00000000,0.00000000,0.00000000,-3.09518662,0.00000000,0.08333333
228,19,12,85,0.00000000,91359.12214276,0.00312287,0.00000000,0.00000000,0.01500000,0.00000000,0.00000000,0.06250000,0.5245349913,0.00000000,0.00000000,560.55185863,0.00000000,0.00000000,0.00000000,0.00000000,-3.09518662,0.00000000,0.08333333
229,20,1,86,0.00000000,91073.81971377,0.00373370,0.00000000,0.00000000,0.00000000,0.01890000,0.00000000,0.06578947,0.5225765325,0.00000000,0.00000000,683.05364785,0.00000000,0.00000000,0.00000000,0.00000000,-3.09518662,0.00000000,0.08333333
230,20,2,86,0.00000000,90733.77695203,0.00373083,0.00000000,0.00000000,0.00000000,0.00000000,0.00000000,0.06578947,0.5206268860,0.00000000,0.00000000,680.27147980,0.00000000,0.00000000,0.00000000,0.00000000,-3.09518662,0.00000000,0.08333333
231,20,3,86,0.00000000,90395.26426464,0.00372797,0.00000000,0.00000000,0.00000000,0.00000000,0.00000000,0.06578947,0.5186860067,0.00000000,0.00000000,677.22486562,0.00000000,0.00000000,0.00000000,0.00000000,-3.09518662,0.00000000,0.08333333
232,20,4,86,0.00000000,90058.27379168,0.00372510,0.00000000,0.00000000,0.00000000,0.00000000,0.00000000,0.06578947,0.5167538494,0.00000000,0.00000000,673.85496089,0.00000000,0.00000000,0.00000000,0.00000000,-3.09518662,0.00000000,0.08333333
233,20,5,86,0.00000000,89722.79771814,0.00372224,0.00000000,0.00000000,0.00000000,0.00000000,0.00000000,0.06578947,0.5148303696,0.00000000,0.00000000,670.08085506,0.00000000,0.00000000,0.00000000,0.00000000,-3.09518662,0.00000000,0.08333333
234,20,6,86,0.00000000,89388.82827363,0.00371937,0.00000000,0.00000000,0.00000000,0.00000000,0.00000000,0.06578947,0.5129155225,0.00000000,0.00000000,665.78696220,0.00000000,0.00000000,0.00000000,0.00000000,-3.09518662,0.00000000,0.08333333
235,20,7,86,0.00000000,89056.35773210,0.00371652,0.00000000,0.00000000,0.00000000,0.00000000,0.00000000,0.06578947,0.5110092641,0.00000000,0.00000000,660.79990408,0.00000000,0.00000000,0.00000000,0.00000000,-3.09518662,0.00000000,0.08333333
236,20,8,86,0.00000000,88725.37841154,0.00371366,0.00000000,0.00000000,0.00000000,0.00000000,0.00000000,0.06578947,0.5091115503,0.00000000,0.00000000,654.84227631,0.00000000,0.00000000,0.00000000,0.00000000,-3.09518662,0.00000000,0.08333333
237,20,9,86,0.00000000,88395.88267377,0.00371080,0.00000000,0.00000000,0.00000000,0.00000000,0.00000000,0.06578947,0.5072223374,0.00000000,0.00000000,647.42862221,0.00000000,0.00000000,0.00000000,0.00000000,-3.09518662,0.00000000,0.08333333
238,20,10,86,0.00000000,88067.86292409,0.00370795,0.00000000,0.00000000,0.00000000,0.00000000,0.00000000,0.06578947,0.5053415819,0.00000000,0.00000000,637.58802972,0.00000000,0.00000000,0.00000000,0.00000000,-3.09518662,0.00000000,0.08333333
239,20,11,86,0.00000000,87741.31161106,0.00370510,0.00000000,0.00000000,0.00000000,0.00000000,0.00000000,0.06578947,0.5034692405,0.00000000,0.00000000,622.89322063,0.00000000,0.00000000,0.00000000,0.00000000,-3.09518662,0.00000000,0.08333333
240,20,12,86,0.00000000,87416.22122620,0.00370225,0.00000000,0.00000000,0.01500000,0.00000000,0.00000000,0.06578947,0.5016052703,0.00000000,0.00000000,593.63508599,0.00000000,0.00000000,0.00000000,0.00000000,-3.09518662,0.00000000,0.08333333
241,21,1,87,0.00000000,87092.58430376,0.00440803,0.00000000,0.00000000,0.00000000,0.01890000,0.00000000,0.06944444,0.4993941769,0.00000000,0.00000000,653.19438228,0.00000000,0.00000000,0.00000000,0.00000000,-3.09518662,0.00000000,0.08333333
242,21,2,87,0.00000000,86708.67717934,0.00440501,0.00000000,0.00000000,0.00000000,0.00000000,0.00000000,0.06944444,0.4971943394,0.00000000,0.00000000,650.05332399,0.00000000,0.00000000,0.00000000,0.00000000,-3.09518662,0.00000000,0.08333333
243,21,3,87,0.00000000,86326.72439615,0.00440199,0.00000000,0.00000000,0.00000000,0.00000000,0.00000000,0.06944444,0.4950056939,0.00000000,0.00000000,646.61574894,0.00000000,0.00000000,0.00000000,0.00000000,-3.09518662,0.00000000,0.08333333
244,21,4,87,0.00000000,85946.71484729,0.00439897,0.00000000,0.00000000,0.00000000,0.00000000,0.00000000,0.06944444,0.4928281768,0.00000000,0.00000000,642.81565345,0.00000000,0.00000000,0.00000000,0.00000000,-3.09518662,0.00000000,0.08333333
245,21,5,87,0.00000000,85568.63749502,0.00439596,0.00000000,0.00000000,0.00000000,0.00000000,0.00000000,0.06944444,0.4906617249,0.00000000,0.00000000,638.56228324,0.00000000,0.00000000,0.00000000,0.00000000,-3.09518662,0.00000000,0.08333333
246,21,6,87,0.00000000,85192.48137025,0.00439294,0.00000000,0.00000000,0.00000000,0.00000000,0.00000000,0.06944444,0.4885062754,0.00000000,0.00000000,633.72599020,0.00000000,0.00000000,0.00000000,0.00000000,-3.09518662,0.00000000,0.08333333
247,21,7,87,0.00000000,84818.23557209,0.00438993,0.00000000,0.00000000,0.00000000,0.00000000,0.00000000,0.06944444,0.4863617660,0.00000000,0.00000000,628.11230323,0.00000000,0.00000000,0.00000000,0.00000000,-3.09518662,0.00000000,0.08333333
248,21,8,87,0.00000000,84445.88926740,0.00438692,0.00000000,0.00000000,0.00000000,0.00000000,0.00000000,0.06944444,0.4842281346,0.00000000,0.00000000,621.41006975,0.00000000,0.00000000,0.00000000,0.00000000,-3.09518662,0.00000000,0.08333333
249,21,9,87,0.00000000,84075.43169035,0.00438392,0.00000000,0.00000000,0.00000000,0.00000000,0.00000000,0.06944444,0.4821053196,0.00000000,0.00000000,613.07477426,0.00000000,0.00000000,0.00000000,0.00000000,-3.09518662,0.00000000,0.08333333
250,21,10,87,0.00000000,83706.85214194,0.00438091,0.00000000,0.00000000,0.00000000,0.00000000,0.00000000,0.06944444,0.4799932598,0.00000000,0.00000000,602.01738781,0.00000000,0.00000000,0.00000000,0.00000000,-3.09518662,0.00000000,0.08333333
251,21,11,87,0.00000000,83340.13998955,0.00437791,0.00000000,0.00000000,0.00000000,0.00000000,0.00000000,0.06944444,0.4778918943,0.00000000,0.00000000,585.51534095,0.00000000,0.00000000,0.00000000,0.00000000,-3.09518662,0.00000000,0.08333333
252,21,12,87,0.00000000,82975.28466653,0.00437491,0.00000000,0.00000000,0.01500000,0.00000000,0.00000000,0.06944444,0.4758011626,0.00000000,0.00000000,552.67836188,0.00000000,0.00000000,0.00000000,0.00000000,-3.09518662,0.00000000,0.08333333
253,22,1,88,0.00000000,82612.27567172,0.00518651,0.00000000,0.00000000,0.00000000,0.01890000,0.00000000,0.07299270,0.4733334159,0.00000000,0.00000000,619.59206754,0.00000000,0.00000000,0.00000000,0.00000000,-3.09518662,0.00000000,0.08333333
254,22,2,88,0.00000000,82183.80641994,0.00518338,0.00000000,0.00000000,0.00000000,0.00000000,0.00000000,0.07299270,0.4708799468,0.00000000,0.00000000,616.08641002,0.00000000,0.00000000,0.00000000,0.00000000,-3.09518662,0.00000000,0.08333333
255,22,3,88,0.00000000,81757.81614694,0.00518026,0.00000000,0.00000000,0.00000000,0.00000000,0.00000000,0.07299270,0.4684406649,0.00000000,0.00000000,612.25249757,0.00000000,0.00000000,0.00000000,0.00000000,-3.09518662,0.00000000,0.08333333
256,22,4,88,0.00000000,81334.28917587,0.00517714,0.00000000,0.00000000,0.00000000,0.00000000,0.00000000,0.07299270,0.4660154807,0.00000000,0.00000000,608.01722786,0.00000000,0.00000000,0.00000000,0.00000000,-3.09518662,0.00000000,0.08333333
257,22,5,88,0.00000000,80913.20993680,0.00517402,0.00000000,0.00000000,0.00000000,0.00000000,0.00000000,0.07299270,0.4636043049,0.00000000,0.00000000,603.28008642,0.00000000,0.00000000,0.00000000,0.00000000,-3.09518662,0.00000000,0.08333333
258,22,6,88,0.00000000,80494.56296601,0.00517091,0.00000000,0.00000000,0.00000000,0.00000000,0.00000000,0.07299270,0.4612070492,0.00000000,0.00000000,597.89748251,0.00000000,0.00000000,0.00000000,0.00000000,-3.09518662,0.00000000,0.08333333
259,22,7,88,0.00000000,80078.33290517,0.00516779,0.00000000,0.00000000,0.00000000,0.00000000,0.00000000,0.07299270,0.4588236258,0.00000000,0.00000000,591.65403159,0.00000000,0.00000000,0.00000000,0.00000000,-3.09518662,0.00000000,0.08333333
260,22,8,88,0.00000000,79664.50450056,0.00516468,0.00000000,0.00000000,0.00000000,0.00000000,0.00000000,0.07299270,0.4564539473,0.00000000,0.00000000,584.20512031,0.00000000,0.00000000,0.00000000,0.00000000,-3.09518662,0.00000000,0.08333333
261,22,9,88,0.00000000,79253.06260236,0.00516157,0.00000000,0.00000000,0.00000000,0.00000000,0.00000000,0.07299270,0.4540979271,0.00000000,0.00000000,574.94767760,0.00000000,0.00000000,0.00000000,0.00000000,-3.09518662,0.00000000,0.08333333
262,22,10,88,0.00000000,78843.99216385,0.00515846,0.00000000,0.00000000,0.00000000,0.00000000,0.00000000,0.07299270,0.4517554791,0.00000000,0.00000000,562.67556445,0.00000000,0.00000000,0.00000000,0.00000000,-3.09518662,0.00000000,0.08333333
263,22,11,88,0.00000000,78437.27824069,0.00515536,0.00000000,0.00000000,0.00000000,0.00000000,0.00000000,0.07299270,0.4494265179,0.00000000,0.00000000,544.37343790,0.00000000,0.00000000,0.00000000,0.00000000,-3.09518662,0.00000000,0.08333333
264,22,12,88,0.00000000,78032.90599015,0.00515225,0.00000000,0.00000000,0.01500000,0.00000000,0.00000000,0.07299270,0.4471109585,0.00000000,0.00000000,507.97993535,0.00000000,0.00000000,0.00000000,0.00000000,-3.09518662,0.00000000,0.08333333
265,23,1,89,0.00000000,77630.86067038,0.00586206,0.00000000,0.00000000,0.00000000,0.01890000,0.00000000,0.07751938,0.4444899664,0.00000000,0.00000000,582.23145503,0.00000000,0.00000000,0.00000000,0.00000000,-3.09518662,0.00000000,0.08333333
266,23,2,89,0.00000000,77175.78375550,0.00585852,0.00000000,0.00000000,0.00000000,0.00000000,0.00000000,0.07751938,0.4418859139,0.00000000,0.00000000,578.50809845,0.00000000,0.00000000,0.00000000,0.00000000,-3.09518662,0.00000000,0.08333333
267,23,3,89,0.00000000,76723.64803766,0.00585498,0.00000000,0.00000000,0.00000000,0.00000000,0.00000000,0.07751938,0.4392986824,0.00000000,0.00000000,574.43887699,0.00000000,0.00000000,0.00000000,0.00000000,-3.09518662,0.00000000,0.08333333
268,23,4,89,0.00000000,76274.43290090,0.00585144,0.00000000,0.00000000,0.00000000,0.00000000,0.00000000,0.07751938,0.4367281539,0.00000000,0.00000000,569.94672562,0.00000000,0.00000000,0.00000000,0.00000000,-3.09518662,0.00000000,0.08333333
269,23,5,89,0.00000000,75828.11788427,0.00584790,0.00000000,0.00000000,0.00000000,0.00000000,0.00000000,0.07751938,0.4341742116,0.00000000,0.00000000,564.92568169,0.00000000,0.00000000,0.00000000,0.00000000,-3.09518662,0.00000000,0.08333333
270,23,6,89,0.00000000,75384.68268055,0.00584436,0.00000000,0.00000000,0.00000000,0.00000000,0.00000000,0.07751938,0.4316367394,0.00000000,0.00000000,559.22437192,0.00000000,0.00000000,0.00000000,0.00000000,-3.09518662,0.00000000,0.08333333
271,23,7,89,0.00000000,74944.10713509,0.00584083,0.00000000,0.00000000,0.00000000,0.00000000,0.00000000,0.07751938,0.4291156220,0.00000000,0.00000000,552.61573874,0.00000000,0.00000000,0.00000000,0.00000000,-3.09518662,0.00000000,0.08333333
272,23,8,89,0.00000000,74506.37124450,0.00583730,0.00000000,0.00000000,0.00000000,0.00000000,0.00000000,0.07751938,0.4266107451,0.00000000,0.00000000,544.73649271,0.00000000,0.00000000,0.00000000,0.00000000,-3.09518662,0.00000000,0.08333333
273,23,9,89,0.00000000,74071.45515553,0.00583377,0.00000000,0.00000000,0.00000000,0.00000000,0.00000000,0.07751938,0.4241219952,0.00000000,0.00000000,534.95088071,0.00000000,0.00000000,0.00000000,0.00000000,-3.09518662,0.00000000,0.08333333
274,23,10,89,0.00000000,73639.33916382,0.00583025,0.00000000,0.00000000,0.00000000,0.00000000,0.00000000,0.07751938,0.4216492597,0.00000000,0.00000000,521.98740096,0.00000000,0.00000000,0.00000000,0.00000000,-3.09518662,0.00000000,0.08333333
275,23,11,89,0.00000000,73210.00371271,0.00582672,0.00000000,0.00000000,0.00000000,0.00000000,0.00000000,0.07751938,0.4191924268,0.00000000,0.00000000,502.66730566,0.00000000,0.00000000,0.00000000,0.00000000,-3.09518662,0.00000000,0.08333333
276,23,12,89,0.00000000,72783.42939209,0.00582320,0.00000000,0.00000000,0.01500000,0.00000000,0.00000000,0.07751938,0.4167513855,0.00000000,0.00000000,464.27561680,0.00000000,0.00000000,0.00000000,0.00000000,-3.09518662,0.00000000,0.08333333
277,24,1,90,0.00000000,72359.59693722,0.00683714,0.00000000,0.00000000,0.00000000,0.01890000,0.00000000,0.08196721,0.4139019969,0.00000000,0.00000000,542.69697703,0.00000000,0.00000000,0.00000000,0.00000000,-3.09518662,0.00000000,0.08333333
278,24,2,90,0.00000000,71864.86405238,0.00683358,0.00000000,0.00000000,0.00000000,0.00000000,0.00000000,0.08196721,0.4110735637,0.00000000,0.00000000,538.64916252,0.00000000,0.00000000,0.00000000,0.00000000,-3.09518662,0.00000000,0.08333333
279,24,3,90,0.00000000,71373.76962028,0.00683002,0.00000000,0.00000000,0.00000000,0.00000000,0.00000000,0.08196721,0.4082659218,0.00000000,0.00000000,534.22931263,0.00000000,0.00000000,0.00000000,0.00000000,-3.09518662,0.00000000,0.08333333
280,24,4,90,0.00000000,70886.28512952,0.00682647,0.00000000,0.00000000,0.00000000,0.00000000,0.00000000,0.08196721,0.4054789083,0.00000000,0.00000000,529.35446772,0.00000000,0.00000000,0.00000000,0.00000000,-3.09518662,0.00000000,0.08333333
281,24,5,90,0.00000000,70402.38230510,0.00682291,0.00000000,0.00000000,0.00000000,0.00000000,0.00000000,0.08196721,0.4027123617,0.00000000,0.00000000,523.91056095,0.00000000,0.00000000,0.00000000,0.00000000,-3.09518662,0.00000000,0.08333333
282,24,6,90,0.00000000,69922.03310634,0.00681936,0.00000000,0.00000000,0.00000000,0.00000000,0.00000000,0.08196721,0.3999661219,0.00000000,0.00000000,517.73464268,0.00000000,0.00000000,0.00000000,0.00000000,-3.09518662,0.00000000,0.08333333
283,24,7,90,0.00000000,69445.20972488,0.00681581,0.00000000,0.00000000,0.00000000,0.00000000,0.00000000,0.08196721,0.3972400300,0.00000000,0.00000000,510.58229195,0.00000000,0.00000000,0.00000000,0.00000000,-3.09518662,0.00000000,0.08333333
284,24,8,90,0.00000000,68971.88458259,0.00681226,0.00000000,0.00000000,0.00000000,0.00000000,0.00000000,0.08196721,0.3945339286,0.00000000,0.00000000,502.06243939,0.00000000,0.00000000,0.00000000,0.00000000,-3.09518662,0.00000000,0.08333333
285,24,9,90,0.00000000,68502.03032960,0.00680871,0.00000000,0.00000000,0.00000000,0.00000000,0.00000000,0.08196721,0.3918476613,0.00000000,0.00000000,491.49071870,0.00000000,0.00000000,0.00000000,0.00000000,-3.09518662,0.00000000,0.08333333
286,24,10,90,0.00000000,68035.61984231,0.00680517,0.00000000,0.00000000,0.00000000,0.00000000,0.00000000,0.08196721,0.3891810733,0.00000000,0.00000000,477.49840408,0.00000000,0.00000000,0.00000000,0.00000000,-3.09518662,0.00000000,0.08333333
287,24,11,90,0.00000000,67572.62622145,0.00680162,0.00000000,0.00000000,0.00000000,0.00000000,0.00000000,0.08196721,0.3865340109,0.00000000,0.00000000,456.66369114,0.00000000,0.00000000,0.00000000,0.00000000,-3.09518662,0.00000000,0.08333333
288,24,12,90,0.00000000,67113.02279004,0.00679808,0.00000000,0.00000000,0.01500000,0.00000000,0.00000000,0.08196721,0.3839063218,0.00000000,0.00000000,415.29938232,0.00000000,0.00000000,0.00000000,0.00000000,-3.09518662,0.00000000,0.08333333
289,25,1,91,0.00000000,66656.78309156,0.00752511,0.00000000,0.00000000,0.00000000,0.01890000,0.00000000,0.08695652,0.3810173847,0.00000000,0.00000000,499.92587319,0.00000000,0.00000000,0.00000000,0.00000000,-3.09518662,0.00000000,0.08333333
290,25,2,91,0.00000000,66155.18350711,0.00752118,0.00000000,0.00000000,0.00000000,0.00000000,0.00000000,0.08695652,0.3781516863,0.00000000,0.00000000,495.82187659,0.00000000,0.00000000,0.00000000,0.00000000,-3.09518662,0.00000000,0.08333333
291,25,3,91,0.00000000,65657.61878478,0.00751724,0.00000000,0.00000000,0.00000000,0.00000000,0.00000000,0.08695652,0.3753090281,0.00000000,0.00000000,491.34379409,0.00000000,0.00000000,0.00000000,0.00000000,-3.09518662,0.00000000,0.08333333
292,25,4,91,0.00000000,65164.05450592,0.00751331,0.00000000,0.00000000,0.00000000,0.00000000,0.00000000,0.08695652,0.3724892139,0.00000000,0.00000000,486.40815130,0.00000000,0.00000000,0.00000000,0.00000000,-3.09518662,0.00000000,0.08333333
293,25,5,91,0.00000000,64674.45656140,0.00750939,0.00000000,0.00000000,0.00000000,0.00000000,0.00000000,0.08695652,0.3696920489,0.00000000,0.00000000,480.90017442,0.00000000,0.00000000,0.00000000,0.00000000,-3.09518662,0.00000000,0.08333333
294,25,6,91,0.00000000,64188.79114863,0.00750546,0.00000000,0.00000000,0.00000000,0.00000000,0.00000000,0.08695652,0.3669173401,0.00000000,0.00000000,474.65590483,0.00000000,0.00000000,0.00000000,0.00000000,-3.09518662,0.00000000,0.08333333
295,25,7,91,0.00000000,63707.02476867,0.00750154,0.00000000,0.00000000,0.00000000,0.00000000,0.00000000,0.08695652,0.3641648964,0.00000000,0.00000000,467.42940913,0.00000000,0.00000000,0.00000000,0.00000000,-3.09518662,0.00000000,0.08333333
296,25,8,91,0.00000000,63229.12422343,0.00749761,0.00000000,0.00000000,0.00000000,0.00000000,0.00000000,0.08695652,0.3614345284,0.00000000,0.00000000,458.82719931,0.00000000,0.00000000,0.00000000,0.00000000,-3.09518662,0.00000000,0.08333333
297,25,9,91,0.00000000,62755.05661274,0.00749370,0.00000000,0.00000000,0.00000000,0.00000000,0.00000000,0.08695652,0.3587260481,0.00000000,0.00000000,448.16067807,0.00000000,0.00000000,0.00000000,0.00000000,-3.09518662,0.00000000,0.08333333
298,25,10,91,0.00000000,62284.78933163,0.00748978,0.00000000,0.00000000,0.00000000,0.00000000,0.00000000,0.08695652,0.3560392695,0.00000000,0.00000000,434.05265964,0.00000000,0.00000000,0.00000000,0.00000000,-3.09518662,0.00000000,0.08333333
299,25,11,91,0.00000000,61818.29006750,0.00748586,0.00000000,0.00000000,0.00000000,0.00000000,0.00000000,0.08695652,0.3533740082,0.00000000,0.00000000,413.06019276,0.00000000,0.00000000,0.00000000,0.00000000,-3.09518662,0.00000000,0.08333333
300,25,12,91,0.00000000,61355.52679741,0.00748195,0.00000000,0.00000000,0.01500000,0.00000000,0.00000000,0.08695652,0.3507300814,0.00000000,0.00000000,371.41149845,0.00000000,0.00000000,0.00000000,0.00000000,-3.09518662,0.00000000,0.08333333
301,26,1,92,0.00000000,60896.46778531,0.00860180,0.00000000,0.00000000,0.00000000,0.01890000,0.00000000,0.09259259,0.3477131728,0.00000000,0.00000000,456.72350839,0.00000000,0.00000000,0.00000000,0.00000000,-3.09518662,0.00000000,0.08333333
302,26,2,92,0.00000000,60372.64879693,0.00859803,0.00000000,0.00000000,0.00000000,0.00000000,0.00000000,0.09259259,0.3447235255,0.00000000,0.00000000,452.43771667,0.00000000,0.00000000,0.00000000,0.00000000,-3.09518662,0.00000000,0.08333333
303,26,3,92,0.00000000,59853.56312055,0.00859426,0.00000000,0.00000000,0.00000000,0.00000000,0.00000000,0.09259259,0.3417608818,0.00000000,0.00000000,447.76594558,0.00000000,0.00000000,0.00000000,0.00000000,-3.09518662,0.00000000,0.08333333
304,26,4,92,0.00000000,59339.16602495,0.00859049,0.00000000,0.00000000,0.00000000,0.00000000,0.00000000,0.09259259,0.3388249867,0.00000000,0.00000000,442.62197462,0.00000000,0.00000000,0.00000000,0.00000000,-3.09518662,0.00000000,0.08333333
305,26,5,92,0.00000000,58829.41321945,0.00858673,0.00000000,0.00000000,0.00000000,0.00000000,0.00000000,0.09259259,0.3359155875,0.00000000,0.00000000,436.88725556,0.00000000,0.00000000,0.00000000,0.00000000,-3.09518662,0.00000000,0.08333333
306,26,6,92,0.00000000,58324.26084934,0.00858297,0.00000000,0.00000000,0.00000000,0.00000000,0.00000000,0.09259259,0.3330324343,0.00000000,0.00000000,430.39243937,0.00000000,0.00000000,0.00000000,0.00000000,-3.09518662,0.00000000,0.08333333
307,26,7,92,0.00000000,57823.66549146,0.00857921,0.00000000,0.00000000,0.00000000,0.00000000,0.00000000,0.09259259,0.3301752792,0.00000000,0.00000000,422.88350901,0.00000000,0.00000000,0.00000000,0.00000000,-3.09518662,0.00000000,0.08333333
308,26,8,92,0.00000000,57327.58414978,0.00857545,0.00000000,0.00000000,0.00000000,0.00000000,0.00000000,0.09259259,0.3273438772,0.00000000,0.00000000,413.95404486,0.00000000,0.00000000,0.00000000,0.00000000,-3.09518662,0.00000000,0.08333333
309,26,9,92,0.00000000,56835.97425100,0.00857169,0.00000000,0.00000000,0.00000000,0.00000000,0.00000000,0.09259259,0.3245379855,0.00000000,0.00000000,402.89282213,0.00000000,0.00000000,0.00000000,0.00000000,-3.09518662,0.00000000,0.08333333
310,26,10,92,0.00000000,56348.79364030,0.00856794,0.00000000,0.00000000,0.00000000,0.00000000,0.00000000,0.09259259,0.3217573636,0.00000000,0.00000000,388.27740381,0.00000000,0.00000000,0.00000000,0.00000000,-3.09518662,0.00000000,0.08333333
311,26,11,92,0.00000000,55866.00057699,0.00856419,0.00000000,0.00000000,0.00000000,0.00000000,0.00000000,0.09259259,0.3190017736,0.00000000,0.00000000,366.55171596,0.00000000,0.00000000,0.00000000,0.00000000,-3.09518662,0.00000000,0.08333333
312,26,12,92,0.00000000,55387.55373035,0.00856044,0.00000000,0.00000000,0.01500000,0.00000000,0.00000000,0.09259259,0.3162709796,0.00000000,0.00000000,323.49149977,0.00000000,0.00000000,0.00000000,0.00000000,-3.09518662,0.00000000,0.08333333
313,27,1,93,0.00000000,54913.41217540,0.00947594,0.00000000,0.00000000,0.00000000,0.01890000,0.00000000,0.09900990,0.3132740137,0.00000000,0.00000000,411.85059132,0.00000000,0.00000000,0.00000000,0.00000000,-3.09518662,0.00000000,0.08333333
314,27,2,93,0.00000000,54393.05578534,0.00947177,0.00000000,0.00000000,0.00000000,0.00000000,0.00000000,0.09900990,0.3103067539,0.00000000,0.00000000,407.59312994,0.00000000,0.00000000,0.00000000,0.00000000,-3.09518662,0.00000000,0.08333333
315,27,3,93,0.00000000,53877.85720709,0.00946760,0.00000000,0.00000000,0.00000000,0.00000000,0.00000000,0.09900990,0.3073688934,0.00000000,0.00000000,402.95634274,0.00000000,0.00000000,0.00000000,0.00000000,-3.09518662,0.00000000,0.08333333
316,27,4,93,0.00000000,53367.76316210,0.00946343,0.00000000,0.00000000,0.00000000,0.00000000,0.00000000,0.09900990,0.3044601287,0.00000000,0.00000000,397.85540229,0.00000000,0.00000000,0.00000000,0.00000000,-3.09518662,0.00000000,0.08333333
317,27,5,93,0.00000000,52862.72094358,0.00945927,0.00000000,0.00000000,0.00000000,0.00000000,0.00000000,0.09900990,0.3015801594,0.00000000,0.00000000,392.17367733,0.00000000,0.00000000,0.00000000,0.00000000,-3.09518662,0.00000000,0.08333333
318,27,6,93,0.00000000,52362.67841019,0.00945510,0.00000000,0.00000000,0.00000000,0.00000000,0.00000000,0.09900990,0.2987286884,0.00000000,0.00000000,385.74455904,0.00000000,0.00000000,0.00000000,0.00000000,-3.09518662,0.00000000,0.08333333
319,27,7,93,0.00000000,51867.58397968,0.00945094,0.00000000,0.00000000,0.00000000,0.00000000,0.00000000,0.09900990,0.2959054219,0.00000000,0.00000000,378.31814259,0.00000000,0.00000000,0.00000000,0.00000000,-3.09518662,0.00000000,0.08333333
320,27,8,93,0.00000000,51377.38662276,0.00944678,0.00000000,0.00000000,0.00000000,0.00000000,0.00000000,0.09900990,0.2931100691,0.00000000,0.00000000,369.49459016,0.00000000,0.00000000,0.00000000,0.00000000,-3.09518662,0.00000000,0.08333333
321,27,9,93,0.00000000,50892.03585686,0.00944262,0.00000000,0.00000000,0.00000000,0.00000000,0.00000000,0.09900990,0.2903423423,0.00000000,0.00000000,358.57419793,0.00000000,0.00000000,0.00000000,0.00000000,-3.09518662,0.00000000,0.08333333
322,27,10,93,0.00000000,50411.48174016,0.00943846,0.00000000,0.00000000,0.00000000,0.00000000,0.00000000,0.09900990,0.2876019570,0.00000000,0.00000000,344.15757443,0.00000000,0.00000000,0.00000000,0.00000000,-3.09518662,0.00000000,0.08333333
323,27,11,93,0.00000000,49935.67486551,0.00943431,0.00000000,0.00000000,0.00000000,0.00000000,0.00000000,0.09900990,0.2848886317,0.00000000,0.00000000,322.74626507,0.00000000,0.00000000,0.00000000,0.00000000,-3.09518662,0.00000000,0.08333333
324,27,12,93,0.00000000,49464.56635454,0.00943015,0.00000000,0.00000000,0.01500000,0.00000000,0.00000000,0.09900990,0.2822020879,0.00000000,0.00000000,280.34649908,0.00000000,0.00000000,0.00000000,0.00000000,-3.09518662,0.00000000,0.08333333
325,28,1,94,0.00000000,48998.10785180,0.01096461,0.00000000,0.00000000,0.00000000,0.01890000,0.00000000,0.10526316,0.2791078510,0.00000000,0.00000000,367.48580889,0.00000000,0.00000000,0.00000000,0.00000000,-3.09518662,0.00000000,0.08333333
326,28,2,94,0.00000000,48460.86251721,0.01096072,0.00000000,0.00000000,0.00000000,0.00000000,0.00000000,0.10526316,0.2760486278,0.00000000,0.00000000,363.09016524,0.00000000,0.00000000,0.00000000,0.00000000,-3.09518662,0.00000000,0.08333333
327,28,3,94,0.00000000,47929.69653939,0.01095683,0.00000000,0.00000000,0.00000000,0.00000000,0.00000000,0.10526316,0.2730240102,0.00000000,0.00000000,358.30967144,0.00000000,0.00000000,0.00000000,0.00000000,-3.09518662,0.00000000,0.08333333
328,28,4,94,0.00000000,47404.53905424,0.01095294,0.00000000,0.00000000,0.00000000,0.00000000,0.00000000,0.10526316,0.2700335950,0.00000000,0.00000000,353.05809659,0.00000000,0.00000000,0.00000000,0.00000000,-3.09518662,0.00000000,0.08333333
329,28,5,94,0.00000000,46885.32004719,0.01094905,0.00000000,0.00000000,0.00000000,0.00000000,0.00000000,0.10526316,0.2670769837,0.00000000,0.00000000,347.21688276,0.00000000,0.00000000,0.00000000,0.00000000,-3.09518662,0.00000000,0.08333333
330,28,6,94,0.00000000,46371.97034274,0.01094516,0.00000000,0.00000000,0.00000000,0.00000000,0.00000000,0.10526316,0.2641537827,0.00000000,0.00000000,340.61667227,0.00000000,0.00000000,0.00000000,0.00000000,-3.09518662,0.00000000,0.08333333
331,28,7,94,0.00000000,45864.42159409,0.01094128,0.00000000,0.00000000,0.00000000,0.00000000,0.00000000,0.10526316,0.2612636031,0.00000000,0.00000000,333.00344105,0.00000000,0.00000000,0.00000000,0.00000000,-3.09518662,0.00000000,0.08333333
332,28,8,94,0.00000000,45362.60627302,0.01093739,0.00000000,0.00000000,0.00000000,0.00000000,0.00000000,0.10526316,0.2584060606,0.00000000,0.00000000,323.97076527,0.00000000,0.00000000,0.00000000,0.00000000,-3.09518662,0.00000000,0.08333333
333,28,9,94,0.00000000,44866.45765974,0.01093351,0.00000000,0.00000000,0.00000000,0.00000000,0.00000000,0.10526316,0.2555807756,0.00000000,0.00000000,312.80742147,0.00000000,0.00000000,0.00000000,0.00000000,-3.09518662,0.00000000,0.08333333
334,28,10,94,0.00000000,44375.90983302,0.01092963,0.00000000,0.00000000,0.00000000,0.00000000,0.00000000,0.10526316,0.2527873729,0.00000000,0.00000000,298.09098667,0.00000000,0.00000000,0.00000000,0.00000000,-3.09518662,0.00000000,0.08333333
335,28,11,94,0.00000000,43890.89766031,0.01092575,0.00000000,0.00000000,0.00000000,0.00000000,0.00000000,0.10526316,0.2500254818,0.00000000,0.00000000,276.26543889,0.00000000,0.00000000,0.00000000,0.00000000,-3.09518662,0.00000000,0.08333333
336,28,12,94,0.00000000,43411.35678811,0.01092187,0.00000000,0.00000000,0.01500000,0.00000000,0.00000000,0.10526316,0.2472947362,0.00000000,0.00000000,233.10676040,0.00000000,0.00000000,0.00000000,0.00000000,-3.09518662,0.00000000,0.08333333
337,29,1,95,0.00000000,42937.22363236,0.01230041,0.00000000,0.00000000,0.00000000,0.01890000,0.00000000,0.11235955,0.2442529085,0.00000000,0.00000000,322.02917724,0.00000000,0.00000000,0.00000000,0.00000000,-3.09518662,0.00000000,0.08333333
338,29,2,95,0.00000000,42409.07799039,0.01229601,0.00000000,0.00000000,0.00000000,0.00000000,0.00000000,0.11235955,0.2412495715,0.00000000,0.00000000,317.70798563,0.00000000,0.00000000,0.00000000,0.00000000,-3.09518662,0.00000000,0.08333333
339,29,3,95,0.00000000,41887.61539821,0.01229161,0.00000000,0.00000000,0.00000000,0.00000000,0.00000000,0.11235955,0.2382842248,0.00000000,0.00000000,313.01482230,0.00000000,0.00000000,0.00000000,0.00000000,-3.09518662,0.00000000,0.08333333
340,29,4,95,0.00000000,41372.74899112,0.01228722,0.00000000,0.00000000,0.00000000,0.00000000,0.00000000,0.11235955,0.2353563749,0.00000000,0.00000000,307.86615823,0.00000000,0.00000000,0.00000000,0.00000000,-3.09518662,0.00000000,0.08333333
341,29,5,95,0.00000000,40864.39306259,0.01228282,0.00000000,0.00000000,0.00000000,0.00000000,0.00000000,0.11235955,0.2324655348,0.00000000,0.00000000,302.14715403,0.00000000,0.00000000,0.00000000,0.00000000,-3.09518662,0.00000000,0.08333333
342,29,6,95,0.00000000,40362.46304846,0.01227843,0.00000000,0.00000000,0.00000000,0.00000000,0.00000000,0.11235955,0.2296112238,0.00000000,0.00000000,295.69376813,0.00000000,0.00000000,0.00000000,0.00000000,-3.09518662,0.00000000,0.08333333
343,29,7,95,0.00000000,39866.87551134,0.01227403,0.00000000,0.00000000,0.00000000,0.00000000,0.00000000,0.11235955,0.2267929678,0.00000000,0.00000000,288.25995508,0.00000000,0.00000000,0.00000000,0.00000000,-3.09518662,0.00000000,0.08333333
344,29,8,95,0.00000000,39377.54812525,0.01226964,0.00000000,0.00000000,0.00000000,0.00000000,0.00000000,0.11235955,0.2240102990,0.00000000,0.00000000,279.45206213,0.00000000,0.00000000,0.00000000,0.00000000,-3.09518662,0.00000000,0.08333333
345,29,9,95,0.00000000,38894.39966040,0.01226525,0.00000000,0.00000000,0.00000000,0.00000000,0.00000000,0.11235955,0.2212627558,0.00000000,0.00000000,268.58122167,0.00000000,0.00000000,0.00000000,0.00000000,-3.09518662,0.00000000,0.08333333
346,29,10,95,0.00000000,38417.34996827,0.01226087,0.00000000,0.00000000,0.00000000,0.00000000,0.00000000,0.11235955,0.2185498827,0.00000000,0.00000000,254.26973090,0.00000000,0.00000000,0.00000000,0.00000000,-3.09518662,0.00000000,0.08333333
347,29,11,95,0.00000000,37946.31996687,0.01225648,0.00000000,0.00000000,0.00000000,0.00000000,0.00000000,0.11235955,0.2158712302,0.00000000,0.00000000,233.07338084,0.00000000,0.00000000,0.00000000,0.00000000,-3.09518662,0.00000000,0.08333333
348,29,12,95,0.00000000,37481.23162617,0.01225210,0.00000000,0.00000000,0.01500000,0.00000000,0.00000000,0.11235955,0.2132263551,0.00000000,0.00000000,191.21543018,0.00000000,0.00000000,0.00000000,0.00000000,-3.09518662,0.00000000,0.08333333
349,30,1,96,0.00000000,37022.00795378,0.01382535,0.00000000,0.00000000,0.00000000,0.01890000,0.00000000,0.11904762,0.2102784267,0.00000000,0.00000000,277.66505965,0.00000000,0.00000000,0.00000000,0.00000000,-3.09518662,0.00000000,0.08333333
350,30,2,96,0.00000000,36510.16584773,0.01382036,0.00000000,0.00000000,0.00000000,0.00000000,0.00000000,0.11904762,0.2073723038,0.00000000,0.00000000,273.47726060,0.00000000,0.00000000,0.00000000,0.00000000,-3.09518662,0.00000000,0.08333333
351,30,3,96,0.00000000,36005.58232002,0.01381537,0.00000000,0.00000000,0.00000000,0.00000000,0.00000000,0.11904762,0.2045073789,0.00000000,0.00000000,268.93600885,0.00000000,0.00000000,0.00000000,0.00000000,-3.09518662,0.00000000,0.08333333
352,30,4,96,0.00000000,35508.15191261,0.01381038,0.00000000,0.00000000,0.00000000,0.00000000,0.00000000,0.11904762,0.2016830537,0.00000000,0.00000000,263.96170478,0.00000000,0.00000000,0.00000000,0.00000000,-3.09518662,0.00000000,0.08333333
353,30,5,96,0.00000000,35017.77073546,0.01380540,0.00000000,0.00000000,0.00000000,0.00000000,0.00000000,0.11904762,0.1988987387,0.00000000,0.00000000,258.44491654,0.00000000,0.00000000,0.00000000,0.00000000,-3.09518662,0.00000000,0.08333333
354,30,6,96,0.00000000,34534.33644271,0.01380042,0.00000000,0.00000000,0.00000000,0.00000000,0.00000000,0.11904762,0.1961538532,0.00000000,0.00000000,252.22933277,0.00000000,0.00000000,0.00000000,0.00000000,-3.09518662,0.00000000,0.08333333
355,30,7,96,0.00000000,34057.74820920,0.01379544,0.00000000,0.00000000,0.00000000,0.00000000,0.00000000,0.11904762,0.1934478252,0.00000000,0.00000000,245.08050927,0.00000000,0.00000000,0.00000000,0.00000000,-3.09518662,0.00000000,0.08333333
356,30,8,96,0.00000000,33587.90670737,0.01379046,0.00000000,0.00000000,0.00000000,0.00000000,0.00000000,0.11904762,0.1907800910,0.00000000,0.00000000,236.62336224,0.00000000,0.00000000,0.00000000,0.00000000,-3.09518662,0.00000000,0.08333333
357,30,9,96,0.00000000,33124.71408453,0.01378548,0.00000000,0.00000000,0.00000000,0.00000000,0.00000000,0.11904762,0.1881500955,0.00000000,0.00000000,226.20152822,0.00000000,0.00000000,0.00000000,0.00000000,-3.09518662,0.00000000,0.08333333
358,30,10,96,0.00000000,32668.07394046,0.01378051,0.00000000,0.00000000,0.00000000,0.00000000,0.00000000,0.11904762,0.1855572918,0.00000000,0.00000000,212.50232390,0.00000000,0.00000000,0.00000000,0.00000000,-3.09518662,0.00000000,0.08333333
359,30,11,96,0.00000000,32217.89130535,0.01377553,0.00000000,0.00000000,0.00000000,0.00000000,0.00000000,0.11904762,0.1830011408,0.00000000,0.00000000,192.24410532,0.00000000,0.00000000,0.00000000,0.00000000,-3.09518662,0.00000000,0.08333333
360,30,12,96,0.00000000,31774.07261814,0.01377056,0.00000000,0.00000000,0.01500000,0.00000000,0.00000000,0.11904762,0.1804811118,0.00000000,0.00000000,152.30042347,0.00000000,0.00000000,0.00000000,0.00000000,-3.09518662,0.00000000,0.08333333
